Ticker,Date,Open,High,Low,Close,Volume
C4G,12/11/2018 00:00:00,6.27473,6.27473,6.02374,6.12414,207000
C4G,12/12/2018 00:00:00,6.12414,6.12414,5.97354,6.07394,216600
C4G,12/13/2018 00:00:00,5.97354,6.02374,5.82295,5.97354,298500
C4G,12/14/2018 00:00:00,5.87315,5.87315,5.62216,5.62216,340800
C4G,12/17/2018 00:00:00,5.62216,5.62216,5.01978,5.06998,304700
C4G,12/18/2018 00:00:00,4.81899,5.12018,4.81899,5.12018,143400
C4G,12/19/2018 00:00:00,5.06998,5.17038,5.01978,5.06998,105900
C4G,12/20/2018 00:00:00,5.06998,5.17038,5.01978,5.06998,180200
C4G,12/21/2018 00:00:00,5.12018,5.12018,4.91939,5.01978,253500
C4G,12/24/2018 00:00:00,4.51781,5.12018,4.26682,4.81899,248700
C4G,12/25/2018 00:00:00,4.81899,4.86919,4.6182,4.7688,304500
C4G,12/26/2018 00:00:00,4.86919,4.91939,4.81899,4.81899,279500
C4G,12/27/2018 00:00:00,4.91939,4.96959,4.81899,4.91939,305600
C4G,12/28/2018 00:00:00,4.91939,5.01978,4.86919,4.96959,467400
C4G,1/2/2019 00:00:00,4.96959,5.01978,4.91939,4.96959,325700
C4G,1/3/2019 00:00:00,4.96959,5.01978,4.81899,4.81899,196900
C4G,1/4/2019 00:00:00,4.7688,4.96959,4.7688,4.91939,209200
C4G,1/7/2019 00:00:00,4.91939,4.96959,4.86919,4.91939,234500
C4G,1/8/2019 00:00:00,4.91939,4.96959,4.7688,4.86919,176800
C4G,1/9/2019 00:00:00,4.86919,4.86919,4.7688,4.7688,124300
C4G,1/10/2019 00:00:00,4.7688,4.7688,4.6684,4.7688,101000
C4G,1/11/2019 00:00:00,4.7688,4.7688,4.568,4.7186,271300
C4G,1/14/2019 00:00:00,4.7186,4.7186,4.51781,4.51781,86400
C4G,1/15/2019 00:00:00,4.568,4.568,4.26682,4.46761,100500
C4G,1/16/2019 00:00:00,4.46761,4.46761,4.01583,4.06603,134600
C4G,1/17/2019 00:00:00,4.16642,4.16642,4.06603,4.06603,17700
C4G,1/18/2019 00:00:00,4.46761,4.46761,4.06603,4.26682,158900
C4G,1/21/2019 00:00:00,4.26682,4.36721,3.66444,4.21662,266100
C4G,1/22/2019 00:00:00,4.31701,4.36721,4.26682,4.31701,183800
C4G,1/23/2019 00:00:00,4.31701,4.6684,4.26682,4.6182,331700
C4G,1/24/2019 00:00:00,4.6182,4.7186,4.6182,4.7186,342800
C4G,1/25/2019 00:00:00,4.568,4.6684,4.41741,4.6684,166900
C4G,1/28/2019 00:00:00,4.51781,4.6684,4.46761,4.568,262200
C4G,1/29/2019 00:00:00,4.568,4.6182,4.51781,4.6182,110400
C4G,1/30/2019 00:00:00,4.568,4.6182,4.46761,4.6182,96600
C4G,1/31/2019 00:00:00,4.6182,4.6182,4.51781,4.568,49100
C4G,2/1/2019 00:00:00,4.568,4.6182,4.568,4.568,92000
C4G,2/11/2019 00:00:00,5.17038,5.17038,4.6182,4.7186,123100
C4G,2/12/2019 00:00:00,4.86919,4.86919,4.6684,4.7186,113700
C4G,2/13/2019 00:00:00,4.6684,4.7186,4.51781,4.6684,161300
C4G,2/14/2019 00:00:00,4.51781,4.6684,4.51781,4.6182,171100
C4G,2/15/2019 00:00:00,4.568,4.568,4.51781,4.51781,104900
C4G,2/18/2019 00:00:00,4.51781,4.51781,4.46761,4.51781,99700
C4G,2/19/2019 00:00:00,4.41741,4.51781,4.41741,4.51781,63000
C4G,2/20/2019 00:00:00,4.41741,4.51781,4.41741,4.46761,16300
C4G,2/21/2019 00:00:00,4.31701,4.41741,4.01583,4.31701,928500
C4G,2/22/2019 00:00:00,4.36721,4.41741,4.26682,4.41741,179900
C4G,2/25/2019 00:00:00,4.41741,4.41741,4.31701,4.36721,109200
C4G,2/26/2019 00:00:00,4.26682,4.31701,4.11622,4.16642,249900
C4G,2/27/2019 00:00:00,4.16642,4.16642,4.01583,4.06603,281700
C4G,2/28/2019 00:00:00,4.11622,4.11622,3.96563,3.96563,239800
C4G,3/1/2019 00:00:00,3.96563,4.01583,3.96563,4.01583,97000
C4G,3/4/2019 00:00:00,3.96563,4.01583,3.96563,4.01583,205000
C4G,3/5/2019 00:00:00,4.06603,4.11622,4.01583,4.01583,143500
C4G,3/6/2019 00:00:00,3.86523,4.11622,3.86523,4.06603,121400
C4G,3/7/2019 00:00:00,4.06603,4.11622,4.01583,4.11622,102300
C4G,3/8/2019 00:00:00,4.01583,4.06603,3.96563,4.01583,105800
C4G,3/11/2019 00:00:00,4.01583,4.01583,3.96563,3.96563,68300
C4G,3/12/2019 00:00:00,4.01583,4.01583,3.96563,4.01583,137400
C4G,3/13/2019 00:00:00,4.01583,4.16642,4.01583,4.16642,365800
C4G,3/14/2019 00:00:00,4.16642,4.568,4.16642,4.46761,633100
C4G,3/15/2019 00:00:00,4.46761,4.51781,4.36721,4.41741,162200
C4G,3/18/2019 00:00:00,4.41741,4.41741,4.31701,4.36721,297100
C4G,3/19/2019 00:00:00,4.36721,4.7688,4.26682,4.6684,818200
C4G,3/20/2019 00:00:00,4.6684,5.17038,4.6684,5.17038,1.3111e+006
C4G,3/21/2019 00:00:00,5.27077,5.52176,4.96959,5.12018,902300
C4G,3/22/2019 00:00:00,5.12018,5.32097,4.86919,5.22058,859600
C4G,3/25/2019 00:00:00,5.01978,5.47156,4.91939,5.32097,1.2927e+006
C4G,3/26/2019 00:00:00,5.37117,5.42137,5.12018,5.27077,651000
C4G,3/27/2019 00:00:00,5.32097,5.82295,5.32097,5.72255,2.1894e+006
C4G,3/28/2019 00:00:00,5.62216,5.72255,5.47156,5.52176,677500
C4G,3/29/2019 00:00:00,5.47156,5.52176,5.42137,5.52176,432500
C4G,4/1/2019 00:00:00,5.42137,5.67236,5.37117,5.52176,591900
C4G,4/2/2019 00:00:00,5.47156,5.67236,5.42137,5.52176,521900
C4G,4/3/2019 00:00:00,5.52176,5.52176,5.17038,5.27077,991900
C4G,4/4/2019 00:00:00,5.32097,5.42137,5.22058,5.42137,511000
C4G,4/5/2019 00:00:00,5.37117,5.77275,5.37117,5.57196,707800
C4G,4/8/2019 00:00:00,5.62216,5.97354,5.62216,5.97354,1.5908e+006
C4G,4/9/2019 00:00:00,5.92335,5.92335,5.32097,5.52176,1.6503e+006
C4G,4/10/2019 00:00:00,5.52176,5.62216,5.37117,5.52176,522400
C4G,4/11/2019 00:00:00,5.52176,5.62216,5.52176,5.62216,513000
C4G,4/12/2019 00:00:00,5.57196,5.67236,5.52176,5.67236,403900
C4G,4/16/2019 00:00:00,5.62216,5.62216,5.47156,5.52176,403900
C4G,4/17/2019 00:00:00,5.52176,5.62216,5.42137,5.47156,654500
C4G,4/18/2019 00:00:00,5.47156,5.47156,5.17038,5.32097,482500
C4G,4/19/2019 00:00:00,5.32097,5.47156,5.27077,5.47156,408400
C4G,4/22/2019 00:00:00,5.37117,5.47156,5.27077,5.42137,194300
C4G,4/23/2019 00:00:00,5.37117,5.42137,5.27077,5.37117,227400
C4G,4/24/2019 00:00:00,5.32097,5.42137,5.32097,5.42137,82200
C4G,4/25/2019 00:00:00,5.42137,5.72255,5.42137,5.57196,637500
C4G,4/26/2019 00:00:00,5.62216,5.62216,5.47156,5.52176,331600
C4G,5/2/2019 00:00:00,5.52176,5.52176,5.37117,5.42137,221800
C4G,5/3/2019 00:00:00,5.42137,5.47156,5.37117,5.42137,175700
C4G,5/6/2019 00:00:00,5.37117,5.37117,4.96959,5.06998,516900
C4G,5/7/2019 00:00:00,5.01978,5.17038,5.01978,5.06998,255300
C4G,5/8/2019 00:00:00,5.01978,5.01978,4.91939,4.96959,204800
C4G,5/9/2019 00:00:00,4.96959,4.96959,4.91939,4.96959,113000
C4G,5/10/2019 00:00:00,5.01978,5.12018,4.91939,5.06998,94800
C4G,5/13/2019 00:00:00,5.06998,5.12018,5.01978,5.12018,102900
C4G,5/14/2019 00:00:00,5.01978,5.06998,4.96959,4.96959,253000
C4G,5/15/2019 00:00:00,5.01978,5.27077,5.01978,5.22058,1.0221e+006
C4G,5/16/2019 00:00:00,5.27077,5.32097,5.17038,5.27077,335200
C4G,5/17/2019 00:00:00,5.22058,5.27077,5.17038,5.17038,276700
C4G,5/20/2019 00:00:00,5.17038,5.22058,5.01978,5.06998,318800
C4G,5/21/2019 00:00:00,5.12018,5.12018,5.01978,5.06998,218200
C4G,5/22/2019 00:00:00,5.06998,5.12018,5.01978,5.01978,383600
C4G,5/23/2019 00:00:00,5.06998,5.06998,4.91939,4.96959,357800
C4G,5/24/2019 00:00:00,4.96959,5.17038,4.96959,5.06998,177800
C4G,5/27/2019 00:00:00,5.01978,5.06998,4.91939,5.01978,166000
C4G,5/28/2019 00:00:00,4.96959,5.01978,4.7688,4.86919,529900
C4G,5/29/2019 00:00:00,4.81899,4.91939,4.7688,4.86919,223200
C4G,5/30/2019 00:00:00,4.86919,4.96959,4.81899,4.86919,95900
C4G,5/31/2019 00:00:00,4.81899,4.91939,4.7186,4.7186,114500
C4G,6/3/2019 00:00:00,4.6684,4.6684,4.31701,4.41741,317900
C4G,6/4/2019 00:00:00,4.51781,4.6182,4.41741,4.51781,123100
C4G,6/5/2019 00:00:00,4.6182,4.7688,4.51781,4.568,680000
C4G,6/6/2019 00:00:00,4.6684,4.6684,4.46761,4.51781,174000
C4G,6/7/2019 00:00:00,4.568,4.6182,4.568,4.6182,126100
C4G,6/10/2019 00:00:00,4.568,4.6182,4.568,4.6182,258800
C4G,6/11/2019 00:00:00,4.568,4.568,4.51781,4.51781,147700
C4G,6/12/2019 00:00:00,4.568,4.568,4.41741,4.46761,220500
C4G,6/13/2019 00:00:00,4.46761,4.46761,4.31701,4.31701,362600
C4G,6/14/2019 00:00:00,4.36721,4.41741,4.26682,4.26682,123900
C4G,6/17/2019 00:00:00,4.31701,4.46761,4.26682,4.41741,553200
C4G,6/18/2019 00:00:00,4.36721,4.7186,4.36721,4.6182,628700
C4G,6/19/2019 00:00:00,4.6684,4.6684,4.51781,4.6182,170400
C4G,6/20/2019 00:00:00,4.568,4.568,4.46761,4.51781,302600
C4G,6/21/2019 00:00:00,4.51781,4.51781,4.36721,4.46761,144800
C4G,6/24/2019 00:00:00,4.46761,4.46761,4.36721,4.41741,158500
C4G,6/25/2019 00:00:00,4.41741,4.41741,4.36721,4.36721,86800
C4G,6/26/2019 00:00:00,4.36721,4.41741,4.36721,4.41741,291500
C4G,6/27/2019 00:00:00,4.41741,4.41741,4.31701,4.36721,155800
C4G,6/28/2019 00:00:00,4.36721,4.36721,4.31701,4.31701,80400
C4G,7/1/2019 00:00:00,4.36721,4.41741,4.31701,4.41741,86800
C4G,7/2/2019 00:00:00,4.36721,4.46761,4.36721,4.41741,119300
C4G,7/3/2019 00:00:00,4.51781,4.51781,4.31701,4.36721,205800
C4G,7/4/2019 00:00:00,4.36721,4.36721,4.26682,4.36721,266000
C4G,7/5/2019 00:00:00,4.31701,4.31701,4.26682,4.31701,108700
C4G,7/8/2019 00:00:00,4.31701,4.31701,4.26682,4.26682,108900
C4G,7/9/2019 00:00:00,4.26682,4.31701,4.26682,4.31701,106800
C4G,7/10/2019 00:00:00,4.31701,4.36721,4.31701,4.36721,186700
C4G,7/11/2019 00:00:00,4.41741,4.41741,4.36721,4.36721,105600
C4G,7/12/2019 00:00:00,4.41741,4.46761,4.36721,4.41741,273900
C4G,7/15/2019 00:00:00,4.41741,4.46761,4.36721,4.41741,65700
C4G,7/16/2019 00:00:00,4.36721,4.36721,4.26682,4.31701,138000
C4G,7/17/2019 00:00:00,4.31701,4.31701,4.26682,4.31701,55100
C4G,7/18/2019 00:00:00,4.31701,4.31701,4.26682,4.31701,172800
C4G,7/19/2019 00:00:00,4.36721,4.36721,4.11622,4.21662,298900
C4G,7/22/2019 00:00:00,4.21662,4.21662,4.01583,4.06603,213100
C4G,7/23/2019 00:00:00,4.01583,4.06603,3.96563,4.06603,252500
C4G,7/24/2019 00:00:00,4.16642,4.16642,4.01583,4.11622,425000
C4G,7/25/2019 00:00:00,4.11622,4.36721,4.11622,4.36721,306400
C4G,7/26/2019 00:00:00,4.36721,4.41741,4.31701,4.31701,95500
C4G,7/29/2019 00:00:00,4.26682,4.31701,4.16642,4.21662,121800
C4G,7/30/2019 00:00:00,4.21662,4.21662,4.11622,4.16642,171100
C4G,7/31/2019 00:00:00,4.21662,4.21662,4.11622,4.16642,79100
C4G,8/1/2019 00:00:00,4.16642,4.16642,4.11622,4.11622,149300
C4G,8/2/2019 00:00:00,4.11622,4.11622,4.01583,4.11622,133700
C4G,8/5/2019 00:00:00,4.06603,4.16642,4.01583,4.16642,208200
C4G,8/6/2019 00:00:00,4.06603,4.21662,4.01583,4.11622,200100
C4G,8/7/2019 00:00:00,4.11622,4.16642,4.06603,4.06603,181200
C4G,8/8/2019 00:00:00,4.11622,4.11622,4.06603,4.06603,123600
C4G,8/9/2019 00:00:00,4.06603,4.11622,4.06603,4.06603,56400
C4G,8/12/2019 00:00:00,4.06603,4.11622,4.06603,4.11622,53900
C4G,8/13/2019 00:00:00,4.06603,4.06603,4.01583,4.06603,98100
C4G,8/14/2019 00:00:00,4.06603,4.31701,4.06603,4.16642,264400
C4G,8/15/2019 00:00:00,4.11622,4.16642,4.06603,4.11622,107400
C4G,8/16/2019 00:00:00,4.16642,4.16642,4.06603,4.06603,87400
C4G,8/19/2019 00:00:00,4.01583,4.16642,4.01583,4.11622,131000
C4G,8/20/2019 00:00:00,4.11622,4.16642,4.11622,4.11622,158700
C4G,8/21/2019 00:00:00,4.06603,4.11622,4.06603,4.11622,135900
C4G,8/22/2019 00:00:00,4.11622,4.11622,4.06603,4.06603,107400
C4G,8/23/2019 00:00:00,4.06603,4.11622,4.06603,4.06603,58300
C4G,8/26/2019 00:00:00,4.06603,4.11622,4.01583,4.06603,71500
C4G,8/27/2019 00:00:00,4.06603,4.11622,4.01583,4.06603,166300
C4G,8/28/2019 00:00:00,4.06603,4.06603,4.01583,4.01583,150300
C4G,8/29/2019 00:00:00,4.01583,4.06603,3.96563,4.01583,60000
C4G,8/30/2019 00:00:00,3.96563,4.01583,3.96563,3.96563,131700
C4G,9/3/2019 00:00:00,3.96563,4.01583,3.91543,3.96563,89600
C4G,9/4/2019 00:00:00,3.96563,3.96563,3.86523,3.86523,142400
C4G,9/5/2019 00:00:00,3.91543,3.91543,3.81504,3.81504,123700
C4G,9/6/2019 00:00:00,3.86523,3.91543,3.81504,3.81504,62300
C4G,9/9/2019 00:00:00,3.86523,3.86523,3.51385,3.56405,242000
C4G,9/10/2019 00:00:00,3.56405,3.66444,3.36326,3.36326,273500
C4G,9/11/2019 00:00:00,3.36326,3.51385,3.26286,3.41345,121700
C4G,9/12/2019 00:00:00,3.41345,3.51385,3.36326,3.41345,140200
C4G,9/13/2019 00:00:00,3.41345,3.46365,3.36326,3.41345,170500
C4G,9/16/2019 00:00:00,3.41345,3.66444,3.41345,3.51385,150900
C4G,9/17/2019 00:00:00,3.56405,3.61424,3.51385,3.56405,69200
C4G,9/18/2019 00:00:00,3.56405,3.71464,3.56405,3.56405,90200
C4G,9/19/2019 00:00:00,3.61424,3.61424,3.51385,3.51385,132900
C4G,9/20/2019 00:00:00,3.51385,3.61424,3.51385,3.56405,117100
C4G,9/23/2019 00:00:00,3.56405,3.61424,3.46365,3.46365,47600
C4G,9/24/2019 00:00:00,3.51385,3.51385,3.26286,3.36326,258100
C4G,9/25/2019 00:00:00,3.51385,3.71464,3.41345,3.56405,629500
C4G,9/26/2019 00:00:00,3.61424,3.71464,3.51385,3.51385,162300
C4G,9/27/2019 00:00:00,3.56405,3.61424,3.46365,3.51385,134300
C4G,9/30/2019 00:00:00,3.51385,3.51385,3.36326,3.41345,379400
C4G,10/1/2019 00:00:00,3.36326,3.41345,3.16246,3.21266,731700
C4G,10/2/2019 00:00:00,3.26286,3.31306,3.21266,3.21266,271400
C4G,10/3/2019 00:00:00,3.21266,3.26286,3.01187,3.01187,458600
C4G,10/4/2019 00:00:00,3.01187,3.11227,3.01187,3.11227,136700
C4G,10/7/2019 00:00:00,3.11227,3.11227,3.01187,3.01187,152000
C4G,10/8/2019 00:00:00,3.01187,3.06207,2.76088,2.91147,364200
C4G,10/9/2019 00:00:00,2.86128,2.91147,2.71068,2.76088,297800
C4G,10/10/2019 00:00:00,2.71068,3.16246,2.61029,3.16246,557600
C4G,10/11/2019 00:00:00,3.26286,3.46365,3.16246,3.46365,407600
C4G,10/14/2019 00:00:00,3.61424,3.86523,3.36326,3.41345,1.1477e+006
C4G,10/15/2019 00:00:00,3.46365,3.56405,3.31306,3.46365,459000
C4G,10/16/2019 00:00:00,3.51385,3.51385,3.41345,3.46365,201200
C4G,10/17/2019 00:00:00,3.46365,3.56405,3.36326,3.46365,271500
C4G,10/18/2019 00:00:00,3.51385,3.51385,3.36326,3.36326,128000
C4G,10/21/2019 00:00:00,3.36326,3.41345,3.31306,3.31306,171500
C4G,10/22/2019 00:00:00,3.26286,3.31306,3.21266,3.21266,189800
C4G,10/23/2019 00:00:00,3.21266,3.26286,3.16246,3.21266,393900
C4G,10/24/2019 00:00:00,3.26286,3.51385,3.26286,3.31306,619800
C4G,10/25/2019 00:00:00,3.41345,3.41345,3.26286,3.31306,163000
C4G,10/28/2019 00:00:00,3.31306,3.36326,3.21266,3.21266,295300
C4G,10/29/2019 00:00:00,3.26286,3.31306,3.16246,3.26286,287900
C4G,10/30/2019 00:00:00,3.26286,3.31306,3.21266,3.21266,237000
C4G,10/31/2019 00:00:00,3.26286,3.36326,3.21266,3.26286,223700
C4G,11/1/2019 00:00:00,3.21266,3.36326,3.21266,3.31306,360200
C4G,11/4/2019 00:00:00,3.31306,3.31306,3.21266,3.21266,210300
C4G,11/5/2019 00:00:00,3.26286,3.31306,3.21266,3.26286,167900
C4G,11/6/2019 00:00:00,3.26286,3.26286,3.21266,3.26286,127000
C4G,11/7/2019 00:00:00,3.21266,3.21266,3.11227,3.16246,563800
C4G,11/8/2019 00:00:00,3.16246,3.21266,3.16246,3.21266,109100
C4G,11/11/2019 00:00:00,3.16246,3.21266,3.16246,3.21266,249000
C4G,11/12/2019 00:00:00,3.21266,3.21266,3.16246,3.16246,152700
C4G,11/13/2019 00:00:00,3.21266,3.21266,3.11227,3.11227,61200
C4G,11/14/2019 00:00:00,3.16246,3.16246,3.01187,3.06207,412900
C4G,11/15/2019 00:00:00,3.01187,3.06207,2.96167,3.01187,186300
C4G,11/18/2019 00:00:00,3.06207,3.16246,3.01187,3.06207,346600
C4G,11/19/2019 00:00:00,3.06207,3.11227,3.06207,3.06207,94600
C4G,11/20/2019 00:00:00,3.06207,3.11227,3.06207,3.06207,60300
C4G,11/21/2019 00:00:00,3.01187,3.06207,3.01187,3.01187,120400
C4G,11/22/2019 00:00:00,3.01187,3.06207,2.96167,2.96167,198600
C4G,11/25/2019 00:00:00,2.96167,3.01187,2.96167,2.96167,80400
C4G,11/26/2019 00:00:00,2.96167,2.96167,2.91147,2.91147,242400
C4G,11/27/2019 00:00:00,2.96167,2.96167,2.86128,2.91147,215500
C4G,11/28/2019 00:00:00,2.91147,2.96167,2.86128,2.86128,270400
C4G,11/29/2019 00:00:00,2.86128,2.86128,2.81108,2.81108,240000
C4G,12/2/2019 00:00:00,2.96167,2.96167,2.81108,2.81108,172000
C4G,12/3/2019 00:00:00,2.81108,2.86128,2.76088,2.81108,51500
C4G,12/4/2019 00:00:00,2.76088,2.81108,2.71068,2.76088,167000
C4G,12/5/2019 00:00:00,2.76088,2.76088,2.71068,2.76088,95300
C4G,12/6/2019 00:00:00,2.76088,2.86128,2.76088,2.81108,95200
C4G,12/9/2019 00:00:00,2.81108,2.86128,2.76088,2.81108,125500
C4G,12/10/2019 00:00:00,2.81108,2.81108,2.71068,2.76088,64800
C4G,12/11/2019 00:00:00,2.76088,2.76088,2.71068,2.76088,73800
C4G,12/12/2019 00:00:00,2.71068,2.81108,2.71068,2.76088,101300
C4G,12/13/2019 00:00:00,2.81108,3.16246,2.76088,3.11227,647100
C4G,12/16/2019 00:00:00,3.11227,3.26286,3.01187,3.01187,270700
C4G,12/17/2019 00:00:00,3.06207,3.06207,2.86128,2.86128,161500
C4G,12/18/2019 00:00:00,2.86128,2.91147,2.81108,2.81108,153800
C4G,12/19/2019 00:00:00,2.81108,3.01187,2.81108,2.96167,220900
C4G,12/20/2019 00:00:00,2.91147,2.96167,2.86128,2.86128,53300
C4G,12/23/2019 00:00:00,2.91147,2.96167,2.86128,2.91147,176000
C4G,12/24/2019 00:00:00,2.96167,3.21266,2.96167,3.16246,731600
C4G,12/25/2019 00:00:00,3.16246,3.36326,3.16246,3.31306,950700
C4G,12/26/2019 00:00:00,3.31306,3.31306,3.16246,3.16246,702800
C4G,12/27/2019 00:00:00,3.16246,3.26286,3.06207,3.26286,497000
C4G,12/30/2019 00:00:00,3.26286,3.36326,3.21266,3.26286,346400
C4G,12/31/2019 00:00:00,3.26286,3.26286,2.96167,3.06207,376100
C4G,1/2/2020 00:00:00,3.01187,3.11227,3.01187,3.06207,223200
C4G,1/3/2020 00:00:00,3.01187,3.16246,2.96167,3.06207,137500
C4G,1/6/2020 00:00:00,3.06207,3.06207,2.86128,2.91147,403600
C4G,1/7/2020 00:00:00,2.96167,3.01187,2.91147,2.91147,194700
C4G,1/8/2020 00:00:00,2.91147,2.91147,2.76088,2.86128,374100
C4G,1/9/2020 00:00:00,2.86128,3.01187,2.86128,2.91147,60000
C4G,1/10/2020 00:00:00,2.96167,3.11227,2.96167,2.96167,379800
C4G,1/13/2020 00:00:00,3.01187,3.06207,2.91147,2.96167,101100
C4G,1/14/2020 00:00:00,3.01187,3.01187,2.86128,2.91147,84800
C4G,1/15/2020 00:00:00,3.01187,3.01187,2.86128,2.91147,145000
C4G,1/16/2020 00:00:00,2.91147,2.96167,2.81108,2.86128,206600
C4G,1/17/2020 00:00:00,2.91147,2.91147,2.81108,2.86128,86600
C4G,1/20/2020 00:00:00,2.86128,2.91147,2.81108,2.86128,204000
C4G,1/21/2020 00:00:00,2.86128,3.01187,2.86128,2.96167,185000
C4G,1/22/2020 00:00:00,2.96167,3.11227,2.91147,3.11227,252600
C4G,1/30/2020 00:00:00,3.06207,3.11227,2.96167,2.96167,171200
C4G,1/31/2020 00:00:00,3.01187,3.06207,2.91147,2.96167,66300
C4G,2/3/2020 00:00:00,2.86128,3.31306,2.50989,2.91147,665100
C4G,2/4/2020 00:00:00,2.86128,3.01187,2.76088,2.86128,208400
C4G,2/5/2020 00:00:00,2.91147,2.96167,2.76088,2.81108,98200
C4G,2/6/2020 00:00:00,2.81108,2.96167,2.81108,2.86128,144400
C4G,2/7/2020 00:00:00,2.86128,2.86128,2.76088,2.86128,299300
C4G,2/10/2020 00:00:00,2.81108,2.96167,2.81108,2.91147,175700
C4G,2/11/2020 00:00:00,2.86128,2.91147,2.81108,2.91147,44800
C4G,2/12/2020 00:00:00,2.91147,2.91147,2.81108,2.81108,213500
C4G,2/13/2020 00:00:00,2.81108,2.86128,2.76088,2.81108,153200
C4G,2/14/2020 00:00:00,2.81108,2.91147,2.81108,2.91147,170100
C4G,2/17/2020 00:00:00,2.91147,2.96167,2.86128,2.91147,231200
C4G,2/18/2020 00:00:00,2.96167,2.96167,2.86128,2.96167,144700
C4G,2/19/2020 00:00:00,2.96167,2.96167,2.86128,2.86128,57400
C4G,2/20/2020 00:00:00,2.91147,2.91147,2.86128,2.91147,97000
C4G,2/21/2020 00:00:00,2.91147,3.11227,2.81108,3.01187,519000
C4G,2/24/2020 00:00:00,2.96167,2.96167,2.86128,2.91147,118700
C4G,2/25/2020 00:00:00,2.86128,2.91147,2.81108,2.86128,75100
C4G,2/26/2020 00:00:00,2.81108,2.86128,2.76088,2.81108,212400
C4G,2/27/2020 00:00:00,2.81108,2.86128,2.76088,2.86128,82400
C4G,2/28/2020 00:00:00,2.81108,2.81108,2.76088,2.76088,133200
C4G,3/2/2020 00:00:00,2.76088,2.81108,2.71068,2.76088,138000
C4G,3/3/2020 00:00:00,2.81108,2.91147,2.76088,2.81108,70200
C4G,3/4/2020 00:00:00,2.86128,2.86128,2.76088,2.81108,212600
C4G,3/5/2020 00:00:00,2.76088,2.86128,2.76088,2.76088,230000
C4G,3/6/2020 00:00:00,2.76088,2.81108,2.71068,2.81108,176800
C4G,3/9/2020 00:00:00,2.71068,2.71068,2.3593,2.4095,503200
C4G,3/10/2020 00:00:00,2.4095,2.50989,2.2589,2.45969,297800
C4G,3/11/2020 00:00:00,2.45969,2.50989,2.2589,2.3091,246500
C4G,3/12/2020 00:00:00,2.20871,2.2589,2.00791,2.05811,723100
C4G,3/13/2020 00:00:00,1.95772,2.2589,1.75692,2.10831,497500
C4G,3/16/2020 00:00:00,2.00791,2.3091,1.85732,2.3091,256000
C4G,3/17/2020 00:00:00,2.4095,2.50989,2.2589,2.3593,360800
C4G,3/18/2020 00:00:00,2.3593,2.4095,2.2589,2.2589,257200
C4G,3/19/2020 00:00:00,2.20871,2.20871,2.00791,2.15851,278000
C4G,3/20/2020 00:00:00,2.15851,2.20871,2.10831,2.20871,105700
C4G,3/23/2020 00:00:00,2.15851,2.15851,1.85732,1.85732,615200
C4G,3/24/2020 00:00:00,1.95772,2.10831,1.95772,2.05811,265600
C4G,3/25/2020 00:00:00,2.15851,2.15851,2.10831,2.10831,142800
C4G,3/26/2020 00:00:00,2.10831,2.10831,2.00791,2.00791,259300
C4G,3/27/2020 00:00:00,2.00791,2.05811,1.95772,2.00791,136300
C4G,3/30/2020 00:00:00,2.00791,2.00791,1.75692,1.80712,245500
C4G,3/31/2020 00:00:00,1.90752,1.90752,1.75692,1.80712,165400
C4G,4/1/2020 00:00:00,1.80712,1.95772,1.80712,1.90752,90000
C4G,4/3/2020 00:00:00,1.90752,2.05811,1.90752,2.00791,246900
C4G,4/6/2020 00:00:00,2.05811,2.20871,2.00791,2.10831,316900
C4G,4/7/2020 00:00:00,2.10831,2.15851,2.10831,2.10831,248700
C4G,4/8/2020 00:00:00,2.10831,2.10831,2.00791,2.05811,118800
C4G,4/9/2020 00:00:00,2.10831,2.3091,2.05811,2.2589,748300
C4G,4/10/2020 00:00:00,2.2589,2.4095,2.20871,2.4095,788000
C4G,4/13/2020 00:00:00,2.4095,2.61029,2.3593,2.61029,396400
C4G,4/14/2020 00:00:00,2.76088,2.91147,2.56009,2.66049,1.1725e+006
C4G,4/15/2020 00:00:00,2.71068,2.71068,2.56009,2.61029,377700
C4G,4/16/2020 00:00:00,2.66049,2.66049,2.56009,2.61029,217100
C4G,4/17/2020 00:00:00,2.66049,2.76088,2.56009,2.76088,758300
C4G,4/20/2020 00:00:00,2.76088,2.96167,2.71068,2.76088,838900
C4G,4/21/2020 00:00:00,2.76088,2.76088,2.56009,2.66049,773500
C4G,4/22/2020 00:00:00,2.61029,2.76088,2.56009,2.76088,275000
C4G,4/23/2020 00:00:00,2.76088,2.81108,2.66049,2.76088,335900
C4G,4/24/2020 00:00:00,2.71068,2.71068,2.61029,2.66049,204800
C4G,4/27/2020 00:00:00,2.71068,2.76088,2.66049,2.71068,312700
C4G,4/28/2020 00:00:00,2.71068,2.76088,2.61029,2.71068,355100
C4G,4/29/2020 00:00:00,2.76088,2.81108,2.71068,2.76088,224600
C4G,5/4/2020 00:00:00,2.76088,3.16246,2.76088,2.96167,1.2241e+006
C4G,5/5/2020 00:00:00,3.01187,3.06207,2.91147,2.96167,366900
C4G,5/6/2020 00:00:00,2.96167,3.01187,2.96167,3.01187,366200
C4G,5/7/2020 00:00:00,3.01187,3.36326,2.96167,3.36326,2.4541e+006
C4G,5/8/2020 00:00:00,3.51385,3.51385,3.31306,3.36326,1.1896e+006
C4G,5/11/2020 00:00:00,3.36326,3.46365,3.31306,3.41345,505600
C4G,5/12/2020 00:00:00,3.41345,3.71464,3.26286,3.51385,1.282e+006
C4G,5/13/2020 00:00:00,3.51385,3.56405,3.41345,3.51385,650600
C4G,5/14/2020 00:00:00,3.51385,3.81504,3.46365,3.76484,1.6717e+006
C4G,5/15/2020 00:00:00,3.76484,3.96563,3.61424,3.71464,1.8052e+006
C4G,5/18/2020 00:00:00,3.76484,3.81504,3.56405,3.81504,960800
C4G,5/19/2020 00:00:00,3.76484,3.81504,3.61424,3.66444,610500
C4G,5/20/2020 00:00:00,3.61424,3.66444,3.56405,3.66444,524000
C4G,5/21/2020 00:00:00,3.66444,3.71464,3.61424,3.66444,300000
C4G,5/22/2020 00:00:00,3.66444,3.81504,3.61424,3.76484,1.1129e+006
C4G,5/25/2020 00:00:00,3.76484,3.81504,3.66444,3.76484,519200
C4G,5/26/2020 00:00:00,3.71464,3.81504,3.71464,3.76484,574000
C4G,5/27/2020 00:00:00,3.76484,3.91543,3.71464,3.81504,737000
C4G,5/28/2020 00:00:00,3.81504,3.81504,3.71464,3.71464,481900
C4G,5/29/2020 00:00:00,3.76484,3.91543,3.71464,3.91543,727400
C4G,6/1/2020 00:00:00,4.11622,4.11622,3.86523,4.11622,890000
C4G,6/2/2020 00:00:00,4.11622,4.16642,3.96563,4.06603,747200
C4G,6/3/2020 00:00:00,4.06603,4.06603,3.91543,4.01583,814600
C4G,6/4/2020 00:00:00,4.01583,4.11622,3.91543,4.06603,1.5182e+006
C4G,6/5/2020 00:00:00,4.17742,4.17742,3.95463,4.12172,837500
C4G,6/8/2020 00:00:00,3.50904,4.17742,3.50904,4.06603,851100
C4G,6/9/2020 00:00:00,4.06603,4.06603,3.95463,4.01033,777700
C4G,6/10/2020 00:00:00,3.89893,4.01033,3.89893,3.95463,799800
C4G,6/11/2020 00:00:00,3.95463,3.95463,3.62043,3.78753,1.3926e+006
C4G,6/12/2020 00:00:00,3.78753,3.78753,3.28624,3.73183,795000
C4G,6/15/2020 00:00:00,3.78753,3.95463,3.62043,3.84323,948000
C4G,6/16/2020 00:00:00,3.84323,3.95463,3.78753,3.95463,519200
C4G,6/17/2020 00:00:00,3.95463,3.95463,3.78753,3.84323,364500
C4G,6/18/2020 00:00:00,3.84323,3.84323,3.67613,3.84323,500800
C4G,6/19/2020 00:00:00,3.84323,3.89893,3.78753,3.84323,253800
C4G,6/22/2020 00:00:00,3.84323,3.89893,3.84323,3.84323,231500
C4G,6/23/2020 00:00:00,3.89893,4.12172,3.89893,4.06603,1.4519e+006
C4G,6/24/2020 00:00:00,4.06603,4.12172,4.01033,4.06603,597000
C4G,6/25/2020 00:00:00,4.01033,4.17742,4.01033,4.06603,1.3277e+006
C4G,6/26/2020 00:00:00,4.12172,4.12172,3.95463,4.01033,721900
C4G,6/29/2020 00:00:00,4.06603,4.12172,3.89893,4.01033,1.0155e+006
C4G,6/30/2020 00:00:00,4.01033,4.01033,3.50904,3.67613,805300
C4G,7/1/2020 00:00:00,3.62043,3.89893,3.62043,3.89893,432700
C4G,7/2/2020 00:00:00,3.78753,3.95463,3.73183,3.95463,297100
C4G,7/3/2020 00:00:00,3.95463,3.95463,3.84323,3.95463,144700
C4G,7/6/2020 00:00:00,3.95463,4.06603,3.95463,4.06603,387000
C4G,7/7/2020 00:00:00,4.06603,4.06603,3.95463,4.01033,409200
C4G,7/8/2020 00:00:00,4.01033,4.01033,3.89893,3.89893,210500
C4G,7/9/2020 00:00:00,3.95463,4.01033,3.95463,4.01033,305900
C4G,7/10/2020 00:00:00,4.01033,4.01033,3.89893,3.95463,375200
C4G,7/13/2020 00:00:00,4.01033,4.17742,3.95463,4.12172,880300
C4G,7/14/2020 00:00:00,4.12172,4.12172,4.06603,4.12172,600700
C4G,7/15/2020 00:00:00,4.12172,4.62301,4.06603,4.62301,3.0001e+006
C4G,7/16/2020 00:00:00,4.73441,4.73441,4.51162,4.62301,810700
C4G,7/17/2020 00:00:00,4.62301,4.62301,4.45592,4.51162,349200
C4G,7/20/2020 00:00:00,4.51162,4.51162,4.40022,4.51162,668600
C4G,7/21/2020 00:00:00,4.51162,4.79011,4.45592,4.62301,1.0547e+006
C4G,7/22/2020 00:00:00,4.62301,4.67871,4.45592,4.45592,516600
C4G,7/23/2020 00:00:00,4.51162,4.51162,4.40022,4.51162,572700
C4G,7/24/2020 00:00:00,4.45592,4.51162,4.01033,4.17742,1.5899e+006
C4G,7/27/2020 00:00:00,4.01033,4.17742,3.73183,3.78753,1.5244e+006
C4G,7/28/2020 00:00:00,3.84323,4.17742,3.78753,4.12172,884800
C4G,7/29/2020 00:00:00,4.06603,4.17742,3.84323,4.06603,1.0839e+006
C4G,7/30/2020 00:00:00,4.06603,4.23312,4.06603,4.17742,644000
C4G,7/31/2020 00:00:00,4.12172,4.17742,3.95463,4.06603,237100
C4G,8/3/2020 00:00:00,4.17742,4.34452,4.17742,4.28882,1.1109e+006
C4G,8/4/2020 00:00:00,4.40022,4.56732,4.34452,4.45592,959000
C4G,8/5/2020 00:00:00,4.45592,4.62301,4.45592,4.56732,904100
C4G,8/6/2020 00:00:00,4.62301,4.79011,4.45592,4.67871,2.2363e+006
C4G,8/7/2020 00:00:00,4.67871,4.73441,4.56732,4.62301,471400
C4G,8/10/2020 00:00:00,4.56732,4.67871,4.51162,4.62301,664600
C4G,8/11/2020 00:00:00,4.56732,4.62301,4.45592,4.51162,1.188e+006
C4G,8/12/2020 00:00:00,4.51162,4.79011,4.45592,4.73441,1.0312e+006
C4G,8/13/2020 00:00:00,4.73441,4.73441,4.62301,4.73441,320600
C4G,8/14/2020 00:00:00,4.67871,4.73441,4.56732,4.62301,1.1023e+006
C4G,8/17/2020 00:00:00,4.62301,4.62301,4.45592,4.62301,560700
C4G,8/18/2020 00:00:00,4.62301,4.67871,4.51162,4.56732,367800
C4G,8/19/2020 00:00:00,4.56732,4.67871,4.51162,4.67871,514000
C4G,8/20/2020 00:00:00,4.67871,4.73441,4.62301,4.67871,781100
C4G,8/21/2020 00:00:00,4.73441,4.73441,4.67871,4.67871,425600
C4G,8/24/2020 00:00:00,4.67871,5.06861,4.67871,5.01291,2.0842e+006
C4G,8/25/2020 00:00:00,4.95721,5.01291,4.84581,4.90151,670800
C4G,8/26/2020 00:00:00,4.90151,4.95721,4.84581,4.95721,562800
C4G,8/27/2020 00:00:00,4.90151,5.12431,4.84581,5.12431,1.0363e+006
C4G,8/28/2020 00:00:00,5.12431,5.12431,4.90151,4.95721,737100
C4G,8/31/2020 00:00:00,5.01291,5.01291,4.84581,4.90151,1.182e+006
C4G,9/1/2020 00:00:00,4.90151,4.95721,4.79011,4.90151,566700
C4G,9/3/2020 00:00:00,4.90151,5.01291,4.90151,4.95721,332400
C4G,9/4/2020 00:00:00,4.90151,4.95721,4.51162,4.90151,377800
C4G,9/7/2020 00:00:00,4.90151,5.01291,4.84581,4.90151,587800
C4G,9/8/2020 00:00:00,4.90151,4.95721,4.84581,4.95721,433800
C4G,9/9/2020 00:00:00,4.90151,5.2357,4.90151,5.12431,1.676e+006
C4G,9/10/2020 00:00:00,5.12431,5.2357,5.12431,5.12431,569500
C4G,9/11/2020 00:00:00,5.12431,5.18001,5.06861,5.06861,317100
C4G,9/14/2020 00:00:00,5.06861,5.18001,5.06861,5.12431,512700
C4G,9/15/2020 00:00:00,5.12431,5.2357,5.12431,5.12431,360700
C4G,9/16/2020 00:00:00,5.12431,5.2914,5.06861,5.2914,820800
C4G,9/17/2020 00:00:00,5.18001,5.2914,5.18001,5.2357,678900
C4G,9/18/2020 00:00:00,5.2357,5.4028,5.2357,5.2914,899400
C4G,9/21/2020 00:00:00,5.2914,5.2914,5.2357,5.2914,857400
C4G,9/22/2020 00:00:00,5.2357,5.3471,5.2357,5.2914,522600
C4G,9/23/2020 00:00:00,5.3471,5.3471,5.2357,5.2914,518700
C4G,9/24/2020 00:00:00,5.2914,5.2914,5.12431,5.18001,883300
C4G,9/25/2020 00:00:00,5.18001,5.2357,5.12431,5.18001,282600
C4G,9/28/2020 00:00:00,5.18001,5.2914,5.18001,5.2357,520100
C4G,9/29/2020 00:00:00,5.2357,5.2357,5.06861,5.06861,774000
C4G,9/30/2020 00:00:00,5.01291,5.12431,4.95721,5.06861,578800
C4G,10/1/2020 00:00:00,5.06861,5.06861,4.95721,5.06861,461000
C4G,10/2/2020 00:00:00,5.01291,5.18001,4.84581,5.01291,760300
C4G,10/5/2020 00:00:00,5.06861,5.18001,5.06861,5.12431,512500
C4G,10/6/2020 00:00:00,5.18001,5.18001,5.06861,5.06861,337100
C4G,10/7/2020 00:00:00,5.06861,5.12431,5.01291,5.01291,605500
C4G,10/8/2020 00:00:00,5.06861,5.12431,4.95721,5.01291,770800
C4G,10/9/2020 00:00:00,5.01291,5.06861,4.95721,5.01291,322300
C4G,10/12/2020 00:00:00,5.01291,5.01291,4.90151,4.95721,203600
C4G,10/13/2020 00:00:00,4.95721,4.95721,4.90151,4.95721,198700
C4G,10/14/2020 00:00:00,4.90151,4.95721,4.73441,4.79011,662700
C4G,10/15/2020 00:00:00,4.79011,4.79011,4.51162,4.62301,800400
C4G,10/16/2020 00:00:00,4.56732,4.56732,4.45592,4.56732,286500
C4G,10/19/2020 00:00:00,4.51162,4.67871,4.51162,4.62301,199200
C4G,10/20/2020 00:00:00,4.62301,4.62301,4.51162,4.62301,178900
C4G,10/21/2020 00:00:00,4.56732,4.56732,4.45592,4.51162,261600
C4G,10/22/2020 00:00:00,4.56732,4.56732,4.28882,4.40022,485500
C4G,10/23/2020 00:00:00,4.40022,4.45592,4.28882,4.34452,205200
C4G,10/26/2020 00:00:00,4.34452,4.67871,4.34452,4.56732,490000
C4G,10/27/2020 00:00:00,4.51162,4.56732,4.45592,4.45592,216300
C4G,10/28/2020 00:00:00,4.40022,4.40022,4.28882,4.28882,254100
C4G,10/29/2020 00:00:00,4.23312,4.28882,4.01033,4.17742,357500
C4G,10/30/2020 00:00:00,4.17742,4.23312,4.12172,4.17742,195600
C4G,11/2/2020 00:00:00,4.23312,4.23312,4.12172,4.23312,130000
C4G,11/3/2020 00:00:00,4.23312,4.28882,4.12172,4.17742,149400
C4G,11/4/2020 00:00:00,4.17742,4.28882,4.12172,4.23312,316300
C4G,11/5/2020 00:00:00,4.23312,4.56732,4.17742,4.45592,438400
C4G,11/6/2020 00:00:00,4.45592,4.51162,4.28882,4.45592,286100
C4G,11/9/2020 00:00:00,4.45592,4.56732,4.45592,4.56732,499200
C4G,11/10/2020 00:00:00,4.62301,4.62301,4.51162,4.51162,534100
C4G,11/11/2020 00:00:00,4.51162,4.56732,4.45592,4.51162,206100
C4G,11/12/2020 00:00:00,4.56732,4.56732,4.51162,4.56732,150800
C4G,11/13/2020 00:00:00,4.56732,4.67871,4.56732,4.62301,265200
C4G,11/16/2020 00:00:00,4.67871,4.67871,4.56732,4.62301,187400
C4G,11/17/2020 00:00:00,4.62301,4.67871,4.56732,4.67871,142000
C4G,11/18/2020 00:00:00,4.67871,4.67871,4.56732,4.67871,165800
C4G,11/19/2020 00:00:00,4.67871,4.67871,4.62301,4.67871,188300
C4G,11/20/2020 00:00:00,4.67871,4.90151,4.56732,4.84581,789900
C4G,11/23/2020 00:00:00,4.84581,5.01291,4.79011,4.95721,734600
C4G,11/24/2020 00:00:00,4.95721,5.06861,4.90151,5.01291,725400
C4G,11/25/2020 00:00:00,5.01291,5.12431,4.84581,5.06861,1.5008e+006
C4G,11/26/2020 00:00:00,5.32174,5.55566,5.02933,5.4387,1.6014e+006
C4G,11/27/2020 00:00:00,5.4387,5.7311,5.38022,5.49718,569300
C4G,11/30/2020 00:00:00,5.49718,5.49718,5.26326,5.32174,471600
C4G,12/1/2020 00:00:00,5.20478,5.49718,5.08781,5.4387,1.1192e+006
C4G,12/2/2020 00:00:00,5.38022,5.67262,5.32174,5.61414,1.3024e+006
C4G,12/3/2020 00:00:00,5.61414,5.7311,5.55566,5.61414,537600
C4G,12/4/2020 00:00:00,5.61414,5.61414,5.4387,5.49718,418400
C4G,12/7/2020 00:00:00,5.49718,5.61414,5.4387,5.55566,744300
C4G,12/8/2020 00:00:00,5.61414,5.90654,5.61414,5.7311,2.5146e+006
C4G,12/9/2020 00:00:00,5.7311,5.96502,5.7311,5.84806,1.5026e+006
C4G,12/10/2020 00:00:00,5.84806,5.84806,5.55566,5.67262,939500
C4G,12/11/2020 00:00:00,5.67262,6.08199,5.61414,5.90654,1.3081e+006
C4G,12/14/2020 00:00:00,5.78958,5.96502,5.78958,5.96502,668900
C4G,12/15/2020 00:00:00,5.96502,6.08199,5.84806,5.90654,2.2325e+006
C4G,12/16/2020 00:00:00,5.96502,6.0235,5.90654,5.96502,865700
C4G,12/17/2020 00:00:00,5.96502,5.96502,5.78958,5.78958,845100
C4G,12/18/2020 00:00:00,5.84806,5.90654,5.78958,5.84806,1.0608e+006
C4G,12/21/2020 00:00:00,5.84806,5.96502,5.55566,5.7311,2.4809e+006
C4G,12/22/2020 00:00:00,5.7311,6.37439,5.61414,6.31591,3.6437e+006
C4G,12/23/2020 00:00:00,6.31591,6.66679,6.31591,6.43287,3.0282e+006
C4G,12/24/2020 00:00:00,6.43287,6.49135,6.0235,6.31591,2.2308e+006
C4G,12/25/2020 00:00:00,6.31591,6.54983,6.19895,6.43287,2.2185e+006
C4G,12/28/2020 00:00:00,6.43287,6.72527,6.43287,6.66679,2.7594e+006
C4G,12/29/2020 00:00:00,6.66679,6.72527,6.54983,6.54983,1.6831e+006
C4G,12/30/2020 00:00:00,6.60831,6.9592,6.54983,6.72527,3.7933e+006
C4G,12/31/2020 00:00:00,6.72527,6.78375,6.54983,6.66679,717900
C4G,1/4/2021 00:00:00,6.72527,6.78375,6.60831,6.66679,1.2105e+006
C4G,1/5/2021 00:00:00,6.66679,7.13464,6.66679,6.9592,3.7795e+006
C4G,1/6/2021 00:00:00,7.01768,7.01768,6.78375,6.90071,1.1681e+006
C4G,1/7/2021 00:00:00,6.90071,6.90071,6.72527,6.84223,1.0538e+006
C4G,1/8/2021 00:00:00,6.84223,6.90071,6.72527,6.78375,1.8374e+006
C4G,1/11/2021 00:00:00,6.84223,6.84223,6.66679,6.78375,1.2978e+006
C4G,1/12/2021 00:00:00,6.78375,7.19312,6.72527,7.07616,2.4938e+006
C4G,1/13/2021 00:00:00,7.01768,7.2516,6.90071,7.01768,1.4503e+006
C4G,1/14/2021 00:00:00,7.01768,7.01768,6.78375,6.9592,758100
C4G,1/15/2021 00:00:00,6.90071,6.9592,6.84223,6.9592,1.2499e+006
C4G,1/18/2021 00:00:00,6.9592,6.9592,6.84223,6.90071,1.2353e+006
C4G,1/19/2021 00:00:00,6.90071,6.9592,5.90654,6.54983,2.0527e+006
C4G,1/20/2021 00:00:00,6.54983,6.66679,5.90654,6.43287,1.1564e+006
C4G,1/21/2021 00:00:00,6.78375,6.78375,6.43287,6.60831,689200
C4G,1/22/2021 00:00:00,6.54983,6.66679,6.43287,6.49135,579300
C4G,1/25/2021 00:00:00,6.37439,6.54983,6.37439,6.49135,650100
C4G,1/26/2021 00:00:00,6.49135,6.54983,6.08199,6.25743,1.1229e+006
C4G,1/27/2021 00:00:00,6.0235,6.31591,5.7311,5.84806,1.0367e+006
C4G,1/28/2021 00:00:00,5.67262,5.7311,5.08781,5.08781,1.5183e+006
C4G,1/29/2021 00:00:00,4.38605,5.49718,4.38605,5.38022,1.3224e+006
C4G,2/1/2021 00:00:00,5.32174,5.61414,5.08781,5.20478,537400
C4G,2/2/2021 00:00:00,5.27061,5.38774,5.09493,5.38774,244200
C4G,2/3/2021 00:00:00,5.32918,5.97336,5.27061,5.9148,683700
C4G,2/4/2021 00:00:00,5.9148,6.14905,5.68055,6.03193,479100
C4G,2/5/2021 00:00:00,6.09049,6.14905,5.9148,6.09049,452900
C4G,2/8/2021 00:00:00,6.03193,6.03193,5.56343,5.79768,548900
C4G,2/9/2021 00:00:00,5.73911,5.9148,5.68055,5.9148,326700
C4G,2/17/2021 00:00:00,6.44186,6.44186,5.97336,6.26617,291700
C4G,2/18/2021 00:00:00,6.26617,6.3833,6.09049,6.26617,537600
C4G,2/19/2021 00:00:00,6.26617,6.26617,6.14905,6.20761,657900
C4G,2/22/2021 00:00:00,6.26617,6.3833,6.14905,6.32474,869400
C4G,2/23/2021 00:00:00,6.26617,6.32474,6.20761,6.20761,770600
C4G,2/24/2021 00:00:00,6.26617,6.32474,6.09049,6.14905,732900
C4G,2/25/2021 00:00:00,6.14905,6.20761,6.03193,6.14905,512700
C4G,2/26/2021 00:00:00,6.09049,6.09049,5.9148,6.09049,460600
C4G,3/1/2021 00:00:00,6.03193,6.20761,5.97336,6.14905,1.2491e+006
C4G,3/2/2021 00:00:00,6.33908,6.52552,6.21478,6.27693,1.2847e+006
C4G,3/3/2021 00:00:00,6.33908,6.52552,6.27693,6.46337,1.1651e+006
C4G,3/4/2021 00:00:00,6.40123,6.71197,6.40123,6.52552,1.4073e+006
C4G,3/5/2021 00:00:00,6.52552,6.96056,6.40123,6.96056,2.1389e+006
C4G,3/8/2021 00:00:00,6.96056,7.70633,6.83626,7.70633,4.6451e+006
C4G,3/9/2021 00:00:00,7.70633,7.95492,7.39559,7.51989,2.4687e+006
C4G,3/10/2021 00:00:00,7.70633,7.70633,7.2713,7.39559,1.4254e+006
C4G,3/11/2021 00:00:00,7.45774,7.64418,7.2713,7.45774,1.9695e+006
C4G,3/12/2021 00:00:00,7.45774,7.58204,7.33344,7.39559,1.825e+006
C4G,3/15/2021 00:00:00,7.45774,7.45774,7.20915,7.2713,1.7211e+006
C4G,3/16/2021 00:00:00,7.2713,7.33344,6.96056,7.08485,2.5214e+006
C4G,3/17/2021 00:00:00,7.08485,7.39559,7.08485,7.33344,1.3084e+006
C4G,3/18/2021 00:00:00,7.33344,7.39559,7.20915,7.33344,797100
C4G,3/19/2021 00:00:00,7.33344,7.33344,7.147,7.20915,795900
C4G,3/22/2021 00:00:00,7.147,7.20915,7.02271,7.147,1.0829e+006
C4G,3/23/2021 00:00:00,7.147,7.147,6.96056,7.08485,1.0643e+006
C4G,3/24/2021 00:00:00,7.02271,7.33344,6.89841,7.20915,2.0074e+006
C4G,3/25/2021 00:00:00,7.20915,7.2713,7.02271,7.147,761600
C4G,3/26/2021 00:00:00,7.147,7.147,6.58767,7.08485,1.2561e+006
C4G,3/29/2021 00:00:00,7.08485,7.20915,6.83626,7.147,1.1149e+006
C4G,3/30/2021 00:00:00,7.147,7.39559,7.08485,7.08485,1.4287e+006
C4G,3/31/2021 00:00:00,7.20915,7.20915,7.02271,7.08485,721100
C4G,4/1/2021 00:00:00,7.08485,7.33344,7.02271,7.2713,1.4854e+006
C4G,4/2/2021 00:00:00,7.2713,7.39559,7.147,7.2713,1.5805e+006
C4G,4/5/2021 00:00:00,7.33344,7.45774,7.2713,7.33344,2.6678e+006
C4G,4/6/2021 00:00:00,7.39559,7.95492,7.33344,7.83063,5.7979e+006
C4G,4/7/2021 00:00:00,7.83063,7.89278,7.64418,7.64418,1.2189e+006
C4G,4/8/2021 00:00:00,7.64418,7.70633,7.45774,7.51989,1.5479e+006
C4G,4/9/2021 00:00:00,7.51989,7.51989,7.20915,7.33344,2.6785e+006
C4G,4/12/2021 00:00:00,7.45774,7.58204,7.33344,7.45774,1.8423e+006
C4G,4/13/2021 00:00:00,7.45774,7.64418,6.83626,7.20915,2.6518e+006
C4G,4/14/2021 00:00:00,7.20915,7.2713,7.02271,7.2713,1.0395e+006
C4G,4/15/2021 00:00:00,7.147,7.33344,6.96056,7.02271,1.0667e+006
C4G,4/16/2021 00:00:00,7.08485,7.08485,6.52552,6.83626,2.0447e+006
C4G,4/19/2021 00:00:00,7.08485,7.08485,6.52552,6.77411,707900
C4G,4/20/2021 00:00:00,6.64982,6.77411,6.33908,6.52552,1.1142e+006
C4G,4/22/2021 00:00:00,6.52552,6.52552,6.02834,6.15264,1.2732e+006
C4G,4/23/2021 00:00:00,6.15264,6.46337,5.90404,6.27693,861100
C4G,4/26/2021 00:00:00,6.21478,6.33908,6.09049,6.21478,482100
C4G,4/27/2021 00:00:00,6.27693,6.33908,6.02834,6.21478,726200
C4G,4/28/2021 00:00:00,6.21478,6.33908,6.15264,6.27693,397100
C4G,4/29/2021 00:00:00,6.27693,6.52552,6.27693,6.33908,703000
C4G,5/4/2021 00:00:00,6.27693,6.27693,5.96619,6.15264,621200
C4G,5/5/2021 00:00:00,6.21478,6.33908,6.15264,6.33908,615800
C4G,5/6/2021 00:00:00,6.33908,6.40123,6.21478,6.27693,858500
C4G,5/7/2021 00:00:00,6.21478,6.21478,6.09049,6.09049,630700
C4G,5/10/2021 00:00:00,6.02834,6.15264,5.96619,6.02834,827800
C4G,5/11/2021 00:00:00,6.02834,6.15264,5.96619,6.09049,626500
C4G,5/12/2021 00:00:00,6.09049,6.15264,5.96619,6.02834,821100
C4G,5/13/2021 00:00:00,6.02834,6.64982,6.02834,6.33908,1.2849e+006
C4G,5/14/2021 00:00:00,6.33908,6.40123,6.15264,6.27693,465900
C4G,5/17/2021 00:00:00,6.33908,6.33908,6.09049,6.21478,236700
C4G,5/18/2021 00:00:00,6.21478,6.21478,6.02834,6.09049,427800
C4G,5/19/2021 00:00:00,6.09049,6.27693,5.96619,6.02834,582800
C4G,5/20/2021 00:00:00,6.09049,6.09049,5.8419,5.90404,814100
C4G,5/21/2021 00:00:00,5.90404,6.09049,5.53116,5.96619,1.3378e+006
C4G,5/24/2021 00:00:00,6.02834,6.09049,5.8419,5.96619,376800
C4G,5/25/2021 00:00:00,6.02834,6.02834,5.90404,5.96619,383800
C4G,5/26/2021 00:00:00,5.96619,6.02834,5.8419,5.90404,717900
C4G,5/27/2021 00:00:00,5.8419,6.02834,5.77975,5.90404,1.0128e+006
C4G,5/28/2021 00:00:00,5.96619,5.96619,5.77975,5.96619,609200
C4G,5/31/2021 00:00:00,5.8419,6.09049,5.77975,6.09049,1.1247e+006
C4G,6/1/2021 00:00:00,6.09049,6.52552,6.09049,6.46337,1.3048e+006
C4G,6/2/2021 00:00:00,6.52552,6.64982,6.40123,6.58767,1.2856e+006
C4G,6/3/2021 00:00:00,6.58767,6.64982,6.46337,6.58767,1.0969e+006
C4G,6/4/2021 00:00:00,6.58767,6.58767,6.33908,6.40123,720400
C4G,6/7/2021 00:00:00,6.21478,6.46337,6.15264,6.27693,954400
C4G,6/8/2021 00:00:00,6.33908,6.40123,6.09049,6.15264,830300
C4G,6/9/2021 00:00:00,6.21478,6.21478,6.02834,6.15264,619800
C4G,6/10/2021 00:00:00,6.21478,6.21478,6.02834,6.09049,462400
C4G,6/11/2021 00:00:00,6.02834,6.21478,6.02834,6.21478,500200
C4G,6/14/2021 00:00:00,6.21478,6.27693,6.09049,6.15264,678200
C4G,6/15/2021 00:00:00,6.15264,6.21478,6.02834,6.09049,698000
C4G,6/16/2021 00:00:00,6.15264,6.71197,6.15264,6.52552,2.3936e+006
C4G,6/17/2021 00:00:00,6.52552,6.52552,6.27693,6.46337,706400
C4G,6/18/2021 00:00:00,6.40123,7.02271,6.40123,6.96056,3.2194e+006
C4G,6/21/2021 00:00:00,6.96056,7.02271,6.71197,6.83626,1.0907e+006
C4G,6/22/2021 00:00:00,6.83626,6.89841,6.52552,6.64982,1.3171e+006
C4G,6/23/2021 00:00:00,6.58767,6.64982,6.46337,6.52552,955300
C4G,6/24/2021 00:00:00,6.52552,6.52552,6.27693,6.40123,989800
C4G,6/25/2021 00:00:00,6.40123,6.46337,6.21478,6.33908,626400
C4G,6/28/2021 00:00:00,6.40123,6.40123,6.27693,6.40123,434100
C4G,6/29/2021 00:00:00,6.33908,6.40123,6.27693,6.33908,496800
C4G,6/30/2021 00:00:00,6.33908,6.33908,6.15264,6.33908,613000
C4G,7/1/2021 00:00:00,6.33908,6.40123,6.21478,6.27693,412900
C4G,7/2/2021 00:00:00,6.40123,6.40123,6.15264,6.27693,736700
C4G,7/5/2021 00:00:00,6.27693,6.27693,5.96619,6.09049,807400
C4G,7/6/2021 00:00:00,6.02834,6.09049,5.7176,5.8419,804500
C4G,7/7/2021 00:00:00,5.77975,5.8419,5.53116,5.77975,955300
C4G,7/8/2021 00:00:00,5.7176,5.77975,5.59331,5.65545,323300
C4G,7/9/2021 00:00:00,5.65545,5.65545,5.46901,5.53116,512400
C4G,7/12/2021 00:00:00,5.53116,5.53116,4.78538,5.15827,939000
C4G,7/13/2021 00:00:00,5.15827,5.34471,5.09612,5.34471,412200
C4G,7/14/2021 00:00:00,5.46901,5.46901,5.15827,5.22042,374100
C4G,7/15/2021 00:00:00,5.28257,5.40686,5.22042,5.40686,278800
C4G,7/16/2021 00:00:00,5.34471,5.53116,5.34471,5.53116,334700
C4G,7/19/2021 00:00:00,5.53116,5.53116,5.09612,5.28257,644100
C4G,7/20/2021 00:00:00,5.28257,5.40686,4.97183,5.40686,331200
C4G,7/21/2021 00:00:00,5.40686,5.40686,5.15827,5.34471,310700
C4G,7/22/2021 00:00:00,5.28257,5.46901,5.22042,5.46901,361900
C4G,7/23/2021 00:00:00,5.46901,5.46901,5.22042,5.34471,273000
C4G,7/26/2021 00:00:00,5.28257,5.40686,5.15827,5.34471,175900
C4G,7/27/2021 00:00:00,5.28257,5.40686,5.28257,5.34471,191300
C4G,7/28/2021 00:00:00,5.34471,5.77975,5.28257,5.59331,807800
C4G,7/29/2021 00:00:00,5.65545,5.7176,5.59331,5.65545,165600
C4G,7/30/2021 00:00:00,5.65545,5.7176,5.53116,5.7176,347600
C4G,8/2/2021 00:00:00,5.7176,6.09049,5.59331,5.90404,723800
C4G,8/3/2021 00:00:00,5.77975,5.90404,5.7176,5.8419,278500
C4G,8/4/2021 00:00:00,5.8419,5.8419,5.7176,5.77975,234000
C4G,8/5/2021 00:00:00,5.77975,5.77975,5.59331,5.7176,332000
C4G,8/6/2021 00:00:00,5.7176,5.90404,5.65545,5.8419,650900
C4G,8/9/2021 00:00:00,6.02834,6.09049,5.77975,6.09049,1.776e+006
C4G,8/10/2021 00:00:00,5.96619,6.33908,5.96619,6.33908,2.0796e+006
C4G,8/11/2021 00:00:00,6.33908,6.64982,6.27693,6.52552,3.3334e+006
C4G,8/12/2021 00:00:00,6.46337,7.08485,6.46337,6.71197,4.9325e+006
C4G,8/13/2021 00:00:00,6.71197,7.02271,6.40123,6.64982,4.8511e+006
C4G,8/16/2021 00:00:00,6.64982,6.96056,6.58767,6.64982,2.6421e+006
C4G,8/17/2021 00:00:00,6.71197,6.77411,6.40123,6.46337,3.3934e+006
C4G,8/18/2021 00:00:00,6.52552,6.52552,6.33908,6.40123,2.7932e+006
C4G,8/19/2021 00:00:00,6.33908,6.64982,6.33908,6.58767,2.6892e+006
C4G,8/20/2021 00:00:00,6.58767,7.02271,6.58767,6.77411,9.7124e+006
C4G,8/23/2021 00:00:00,6.77411,7.147,6.77411,6.96056,4.2162e+006
C4G,8/24/2021 00:00:00,6.96056,6.96056,6.52552,6.58767,2.8979e+006
C4G,8/25/2021 00:00:00,6.58767,6.58767,6.21478,6.46337,4.8157e+006
C4G,8/26/2021 00:00:00,6.46337,6.64982,6.33908,6.58767,2.911e+006
C4G,8/27/2021 00:00:00,6.58767,7.20915,6.40123,7.08485,4.8539e+006
C4G,8/30/2021 00:00:00,7.08485,7.64418,7.02271,7.45774,6.4856e+006
C4G,8/31/2021 00:00:00,7.45774,7.51989,7.147,7.20915,3.8058e+006
C4G,9/1/2021 00:00:00,7.20915,7.64418,7.08485,7.64418,5.7055e+006
C4G,9/6/2021 00:00:00,7.64418,7.83063,7.45774,7.51989,3.9136e+006
C4G,9/7/2021 00:00:00,7.64418,7.64418,7.20915,7.33344,3.6577e+006
C4G,9/8/2021 00:00:00,7.2713,7.39559,7.08485,7.33344,2.2892e+006
C4G,9/9/2021 00:00:00,7.33344,7.58204,7.147,7.45774,2.6121e+006
C4G,9/10/2021 00:00:00,7.45774,7.45774,7.20915,7.20915,2.3208e+006
C4G,9/13/2021 00:00:00,7.20915,7.20915,6.77411,6.83626,5.3562e+006
C4G,9/14/2021 00:00:00,7.09189,7.15755,6.89489,6.96056,1.6339e+006
C4G,9/15/2021 00:00:00,6.96056,7.74855,6.96056,7.68288,3.6006e+006
C4G,9/16/2021 00:00:00,7.68288,7.81421,7.35455,7.42022,1.7715e+006
C4G,9/17/2021 00:00:00,7.48588,7.68288,7.22322,7.55155,2.7589e+006
C4G,9/20/2021 00:00:00,7.55155,8.14254,7.55155,7.81421,5.4595e+006
C4G,9/21/2021 00:00:00,7.68288,7.87988,7.42022,7.74855,2.7869e+006
C4G,9/22/2021 00:00:00,7.74855,8.14254,7.74855,8.14254,4.5259e+006
C4G,9/23/2021 00:00:00,8.14254,8.47087,7.74855,7.87988,3.6709e+006
C4G,9/24/2021 00:00:00,7.87988,7.87988,7.61721,7.68288,1.853e+006
C4G,9/27/2021 00:00:00,7.68288,7.68288,7.02622,7.02622,3.7638e+006
C4G,9/28/2021 00:00:00,7.02622,7.35455,6.89489,7.35455,1.7938e+006
C4G,9/29/2021 00:00:00,7.09189,7.74855,7.09189,7.68288,1.6653e+006
C4G,9/30/2021 00:00:00,7.61721,7.81421,7.48588,7.61721,928000
C4G,10/1/2021 00:00:00,7.68288,7.68288,7.35455,7.42022,1.7913e+006
C4G,10/4/2021 00:00:00,7.42022,7.61721,7.22322,7.61721,1.9193e+006
C4G,10/5/2021 00:00:00,7.61721,7.74855,7.48588,7.61721,1.7676e+006
C4G,10/6/2021 00:00:00,7.55155,8.01121,7.55155,7.87988,5.4374e+006
C4G,10/7/2021 00:00:00,7.87988,8.07687,7.81421,7.87988,2.9584e+006
C4G,10/8/2021 00:00:00,7.87988,7.94554,7.68288,7.81421,2.169e+006
C4G,10/11/2021 00:00:00,7.74855,7.87988,7.61721,7.68288,2.1175e+006
C4G,10/12/2021 00:00:00,7.74855,7.74855,7.42022,7.68288,2.6165e+006
C4G,10/13/2021 00:00:00,7.61721,7.74855,7.48588,7.68288,1.5288e+006
C4G,10/14/2021 00:00:00,7.68288,7.87988,7.61721,7.74855,1.8823e+006
C4G,10/15/2021 00:00:00,7.74855,7.81421,7.55155,7.68288,2.2577e+006
C4G,10/18/2021 00:00:00,7.68288,7.68288,7.48588,7.55155,1.8992e+006
C4G,10/19/2021 00:00:00,7.55155,7.55155,7.42022,7.55155,1.4171e+006
C4G,10/20/2021 00:00:00,7.61721,7.68288,7.35455,7.55155,1.89e+006
C4G,10/21/2021 00:00:00,7.55155,7.61721,7.42022,7.61721,1.5202e+006
C4G,10/22/2021 00:00:00,7.61721,8.27387,7.61721,8.2082,8.7297e+006
C4G,10/25/2021 00:00:00,8.14254,8.73353,8.14254,8.47087,5.0446e+006
C4G,10/26/2021 00:00:00,8.53653,8.6022,8.2082,8.6022,3.8557e+006
C4G,10/27/2021 00:00:00,8.53653,8.66786,8.4052,8.53653,3.8489e+006
C4G,10/28/2021 00:00:00,8.53653,8.6022,8.33954,8.6022,3.2221e+006
C4G,10/29/2021 00:00:00,8.6022,9.19319,8.47087,9.12752,4.8798e+006
C4G,11/1/2021 00:00:00,9.19319,9.39019,9.06186,9.19319,3.4902e+006
C4G,11/2/2021 00:00:00,9.25885,9.39019,9.06186,9.32452,3.9912e+006
C4G,11/3/2021 00:00:00,9.32452,9.58718,8.53653,8.86486,5.164e+006
C4G,11/4/2021 00:00:00,8.73353,9.39019,8.73353,9.25885,3.4689e+006
C4G,11/5/2021 00:00:00,9.25885,9.58718,9.19319,9.45585,2.0848e+006
C4G,11/8/2021 00:00:00,9.25885,10.1125,9.19319,9.84984,3.5916e+006
C4G,11/9/2021 00:00:00,9.65285,9.84984,9.65285,9.84984,2.3944e+006
C4G,11/10/2021 00:00:00,9.84984,10.3095,9.71851,10.2438,2.3182e+006
C4G,11/11/2021 00:00:00,9.52152,10.7692,9.45585,10.5722,2.9104e+006
C4G,11/12/2021 00:00:00,10.3752,11.9511,10.3752,11.9511,4.4208e+006
C4G,11/15/2021 00:00:00,11.9511,12.9361,11.8198,12.9361,3.9452e+006
C4G,11/16/2021 00:00:00,13.0675,13.5928,12.0168,12.9361,2.7909e+006
C4G,11/17/2021 00:00:00,12.9361,13.9211,12.1481,13.3301,2.9011e+006
C4G,11/18/2021 00:00:00,12.9361,14.3808,12.9361,14.2494,2.0241e+006
C4G,11/19/2021 00:00:00,14.3151,14.4464,11.9511,13.5271,3.7155e+006
C4G,11/22/2021 00:00:00,13.8554,13.9211,12.1481,12.2138,4.2521e+006
C4G,11/23/2021 00:00:00,12.1481,13.1988,11.8855,13.0675,2.4211e+006
C4G,11/24/2021 00:00:00,13.0675,14.1181,12.8048,13.7241,1.5276e+006
C4G,11/25/2021 00:00:00,13.7241,14.3808,13.5271,13.7898,1.5764e+006
C4G,11/26/2021 00:00:00,13.7898,14.3808,13.3301,13.7898,2.5429e+006
C4G,11/29/2021 00:00:00,13.2645,15.7598,13.0675,15.0374,3.1793e+006
C4G,11/30/2021 00:00:00,15.0374,15.8254,14.5778,15.6941,2.37e+006
C4G,12/1/2021 00:00:00,15.7598,16.0224,15.1688,15.4971,2.01e+006
C4G,12/2/2021 00:00:00,15.6941,16.2194,15.3001,15.9567,2.311e+006
C4G,12/3/2021 00:00:00,15.8911,16.2851,15.6284,15.6941,3.5527e+006
C4G,12/6/2021 00:00:00,15.6941,15.8254,13.6585,14.4464,3.3006e+006
C4G,12/7/2021 00:00:00,14.4464,15.1031,13.7241,14.9718,3.0304e+006
C4G,12/8/2021 00:00:00,14.7091,15.4314,14.4464,14.4464,1.2303e+006
C4G,12/9/2021 00:00:00,14.4464,15.4971,14.3808,15.1688,1.0032e+006
C4G,12/10/2021 00:00:00,15.1688,15.3001,14.7748,14.9718,966000
C4G,12/13/2021 00:00:00,14.9718,16.4164,14.9718,16.1537,1.6362e+006
C4G,12/14/2021 00:00:00,15.9567,16.4164,15.4314,15.6941,1.498e+006
C4G,12/15/2021 00:00:00,15.3658,15.6284,15.1031,15.2344,1.2465e+006
C4G,12/16/2021 00:00:00,15.2344,15.8911,14.7748,15.4971,1.2806e+006
C4G,12/17/2021 00:00:00,15.4971,15.9567,14.9718,15.9567,1.5933e+006
C4G,12/20/2021 00:00:00,16.0881,16.4164,15.6941,16.0881,1.9255e+006
C4G,12/21/2021 00:00:00,16.0224,16.7447,15.9567,16.4821,2.7272e+006
C4G,12/22/2021 00:00:00,16.4821,16.7447,16.1537,16.3507,1.6847e+006
C4G,12/23/2021 00:00:00,16.3507,16.5477,15.1031,15.8911,2.3873e+006
C4G,12/24/2021 00:00:00,15.8911,15.8911,15.2344,15.6941,1.4291e+006
C4G,12/27/2021 00:00:00,15.6284,16.4164,15.4314,15.7598,1.2347e+006
C4G,12/28/2021 00:00:00,15.6941,16.0881,15.1031,15.3658,2.113e+006
C4G,12/29/2021 00:00:00,15.3658,15.4971,14.7748,14.9718,1.4809e+006
C4G,12/30/2021 00:00:00,14.9718,15.8911,14.4464,15.1031,2.3954e+006
C4G,12/31/2021 00:00:00,15.4314,15.9567,15.0374,15.5628,1.6547e+006
C4G,1/4/2022 00:00:00,15.4314,17.8611,15.4314,17.8611,8.5814e+006
C4G,1/5/2022 00:00:00,18.3864,19.7654,17.8611,19.5684,5.6829e+006
C4G,1/6/2022 00:00:00,20.6847,20.6847,19.3714,19.437,4.7408e+006
C4G,1/7/2022 00:00:00,19.6997,19.7654,18.7147,19.5684,4.6893e+006
C4G,1/10/2022 00:00:00,19.3057,21.013,18.7147,19.1744,6.43737e+006
C4G,1/11/2022 00:00:00,17.7297,21.7353,17.7297,19.6997,9.3643e+006
C4G,1/12/2022 00:00:00,19.6997,21.604,19.24,20.028,4.9268e+006
C4G,1/13/2022 00:00:00,20.028,20.4877,17.7297,18.255,4.2172e+006
C4G,1/14/2022 00:00:00,17.1387,19.24,16.8104,18.3864,2.5278e+006
C4G,1/17/2022 00:00:00,18.452,19.3714,17.0731,17.7297,3.1735e+006
C4G,1/18/2022 00:00:00,17.7297,19.043,16.5477,16.8761,4.1129e+006
C4G,1/19/2022 00:00:00,17.0731,17.2701,15.2344,15.3658,4.9739e+006
C4G,1/20/2022 00:00:00,15.7686,18.0876,15.7686,18.0876,3.3044e+006
C4G,1/21/2022 00:00:00,20.3137,20.3137,18.5513,19.0151,3.7082e+006
C4G,1/24/2022 00:00:00,19.3862,19.4789,17.16,17.531,1.5458e+006
C4G,1/25/2022 00:00:00,17.16,20.221,16.6962,18.2731,3.9861e+006
C4G,1/26/2022 00:00:00,17.3455,19.2934,17.3455,18.0876,1.4275e+006
C4G,1/27/2022 00:00:00,18.0876,18.3658,17.2528,17.531,768200
C4G,1/28/2022 00:00:00,17.4383,17.6238,16.6035,17.3455,1.6986e+006
C4G,2/7/2022 00:00:00,17.7165,18.5513,17.531,17.902,1.2374e+006
C4G,2/8/2022 00:00:00,17.6238,18.7369,17.6238,18.4586,3.3766e+006
C4G,2/9/2022 00:00:00,18.4586,19.8499,18.4586,18.9224,5.4748e+006
C4G,2/10/2022 00:00:00,18.9224,19.8499,18.7369,19.2934,5.9764e+006
C4G,2/11/2022 00:00:00,19.2934,19.9427,19.2006,19.4789,2.2145e+006
C4G,2/14/2022 00:00:00,19.4789,19.7572,18.3658,18.5513,5.4265e+006
C4G,2/15/2022 00:00:00,18.5513,18.9224,17.902,18.6441,2.0931e+006
C4G,2/16/2022 00:00:00,18.5513,19.3862,18.5513,19.1079,2.3784e+006
C4G,2/17/2022 00:00:00,19.1079,20.221,18.9224,20.0355,7.2356e+006
C4G,2/18/2022 00:00:00,20.1282,20.6847,19.4789,20.1282,4.2276e+006
C4G,2/21/2022 00:00:00,20.1282,21.1485,19.6644,20.592,4.1324e+006
C4G,2/22/2022 00:00:00,20.3137,20.4065,19.0151,19.6644,4.8662e+006
C4G,2/23/2022 00:00:00,19.5717,19.9427,19.3862,19.7572,2.5031e+006
C4G,2/24/2022 00:00:00,19.6644,19.6644,17.8093,18.9224,4.7703e+006
C4G,2/25/2022 00:00:00,18.5513,19.3862,18.5513,19.0151,2.0562e+006
C4G,2/28/2022 00:00:00,19.0151,19.0151,18.4586,18.8296,2.4238e+006
C4G,3/1/2022 00:00:00,18.7369,19.2934,18.3658,19.1079,2.8721e+006
C4G,3/2/2022 00:00:00,19.1079,19.2934,18.6441,19.0151,1.819e+006
C4G,3/3/2022 00:00:00,19.0151,19.1079,18.5513,19.1079,2.2979e+006
C4G,3/4/2022 00:00:00,19.2006,20.8703,19.1079,20.4065,7.8035e+006
C4G,3/7/2022 00:00:00,19.6644,21.2413,19.6644,20.7775,4.1891e+006
C4G,3/8/2022 00:00:00,20.8703,21.9833,20.1282,21.0558,6.5819e+006
C4G,3/9/2022 00:00:00,21.0558,21.6123,19.8499,20.963,4.3633e+006
C4G,3/10/2022 00:00:00,20.963,21.7051,20.8703,21.0558,2.0293e+006
C4G,3/11/2022 00:00:00,21.0558,22.0761,20.4992,21.1485,6.2602e+006
C4G,3/14/2022 00:00:00,21.1485,21.334,20.4065,20.7775,3.1867e+006
C4G,3/15/2022 00:00:00,20.8703,23.653,20.6847,22.6326,8.0136e+006
C4G,3/16/2022 00:00:00,22.7254,23.5602,22.2616,22.7254,3.3969e+006
C4G,3/17/2022 00:00:00,22.7254,23.1892,22.4471,22.6326,2.4276e+006
C4G,3/18/2022 00:00:00,22.7254,23.1892,22.3544,22.8182,3.3889e+006
C4G,3/21/2022 00:00:00,22.8182,24.024,22.7254,23.653,3.9471e+006
C4G,3/22/2022 00:00:00,23.7457,23.9312,23.1892,23.3747,3.0768e+006
C4G,3/23/2022 00:00:00,23.1892,23.653,22.4471,22.6326,5.218e+006
C4G,3/24/2022 00:00:00,22.5399,23.0964,21.7978,22.8182,3.2472e+006
C4G,3/25/2022 00:00:00,23.0037,23.5602,22.7254,23.2819,3.2462e+006
C4G,3/28/2022 00:00:00,23.1892,23.3747,22.4471,23.0037,3.8638e+006
C4G,3/29/2022 00:00:00,23.0037,23.653,22.8182,23.4675,3.8232e+006
C4G,3/30/2022 00:00:00,23.5602,24.9516,23.0037,23.9312,5.687e+006
C4G,3/31/2022 00:00:00,24.1167,24.5805,23.0037,23.4675,3.1532e+006
C4G,4/1/2022 00:00:00,23.4675,23.8385,23.0037,23.653,2.3704e+006
C4G,4/4/2022 00:00:00,23.7457,24.024,23.2819,23.4675,3.6879e+006
C4G,4/5/2022 00:00:00,23.4675,24.5805,23.2819,24.024,4.6448e+006
C4G,4/6/2022 00:00:00,24.1167,24.5805,23.7457,24.1167,4.1541e+006
C4G,4/7/2022 00:00:00,24.1167,24.2095,23.3747,23.4675,2.6151e+006
C4G,4/8/2022 00:00:00,23.4675,23.653,22.1689,22.2616,6.4653e+006
C4G,4/12/2022 00:00:00,22.2616,22.7254,20.963,21.334,3.8503e+006
C4G,4/13/2022 00:00:00,21.334,23.0964,21.2413,22.6326,2.8748e+006
C4G,4/14/2022 00:00:00,22.5399,22.6326,21.8906,22.0761,1.3019e+006
C4G,4/15/2022 00:00:00,22.2616,22.3544,21.7978,21.9833,1.8505e+006
C4G,4/18/2022 00:00:00,21.8906,21.8906,19.2934,19.8499,4.5367e+006
C4G,4/19/2022 00:00:00,19.8499,20.221,18.3658,18.4586,3.4611e+006
C4G,4/20/2022 00:00:00,18.4586,19.0151,18.1803,18.3658,2.2317e+006
C4G,4/21/2022 00:00:00,18.2731,19.9427,17.531,18.4586,3.6788e+006
C4G,4/22/2022 00:00:00,18.4586,19.3862,17.902,18.4586,2.0497e+006
C4G,4/25/2022 00:00:00,18.0876,18.3658,15.7686,15.7686,6.5492e+006
C4G,4/26/2022 00:00:00,13.9135,15.4904,13.6352,14.8411,7.4139e+006
C4G,4/27/2022 00:00:00,14.8411,15.2121,14.1918,15.1193,1.9367e+006
C4G,4/28/2022 00:00:00,15.1193,15.9542,14.8411,15.3976,2.5271e+006
C4G,4/29/2022 00:00:00,15.3976,15.8614,15.1193,15.6759,2.4842e+006
C4G,5/4/2022 00:00:00,15.6759,16.5107,15.5831,15.7686,4.0206e+006
C4G,5/5/2022 00:00:00,15.9542,16.5107,15.3049,15.9542,4.2523e+006
C4G,5/6/2022 00:00:00,15.5831,15.7686,15.0266,15.1193,2.462e+006
C4G,5/9/2022 00:00:00,14.5628,15.0266,13.1715,13.1715,4.9867e+006
C4G,5/10/2022 00:00:00,13.1715,13.5425,11.8729,13.0787,2.5488e+006
C4G,5/11/2022 00:00:00,13.0787,13.4497,12.8004,13.1715,1.2498e+006
C4G,5/12/2022 00:00:00,13.0787,13.357,11.4091,11.7801,2.4283e+006
C4G,5/13/2022 00:00:00,11.7801,12.3366,10.8525,11.1308,4.2605e+006
C4G,5/16/2022 00:00:00,11.1308,12.3366,11.1308,11.5018,2.5909e+006
C4G,5/17/2022 00:00:00,11.7801,12.9859,11.4091,12.8932,3.3707e+006
C4G,5/18/2022 00:00:00,12.5222,13.357,12.5222,12.8004,3.0848e+006
C4G,5/19/2022 00:00:00,12.5222,12.9859,11.9656,12.6149,2.4136e+006
C4G,5/20/2022 00:00:00,12.6149,13.1715,12.6149,12.9859,3.454e+006
C4G,5/23/2022 00:00:00,12.9859,13.6352,12.7077,12.8932,3.7362e+006
C4G,5/24/2022 00:00:00,12.9859,13.1715,12.5222,13.0787,2.251e+006
C4G,5/25/2022 00:00:00,13.0787,13.728,12.9859,13.5425,4.786e+006
C4G,5/26/2022 00:00:00,13.4497,14.0063,13.4497,13.6352,4.1841e+006
C4G,5/27/2022 00:00:00,13.728,13.9135,13.5425,13.728,2.4959e+006
C4G,5/30/2022 00:00:00,13.6352,13.9135,13.5425,13.8208,3.2684e+006
C4G,5/31/2022 00:00:00,13.8208,14.1918,13.5425,13.9135,4.8789e+006
C4G,6/1/2022 00:00:00,13.9135,14.099,13.5425,13.9135,2.5001e+006
C4G,6/2/2022 00:00:00,13.9135,14.099,13.6352,13.6352,3.5016e+006
C4G,6/3/2022 00:00:00,13.6352,13.728,13.0787,13.4497,2.5e+006
C4G,6/6/2022 00:00:00,13.4497,13.728,13.0787,13.0787,2.283e+006
C4G,6/7/2022 00:00:00,13.0787,13.0787,12.1511,12.6149,3.1119e+006
C4G,6/8/2022 00:00:00,12.6149,13.0787,12.6149,12.8932,2.7154e+006
C4G,6/9/2022 00:00:00,12.8932,13.9135,12.8932,13.4497,3.7002e+006
C4G,6/10/2022 00:00:00,13.4497,13.728,12.9859,12.9859,2.3582e+006
C4G,6/13/2022 00:00:00,12.9859,12.9859,11.8729,11.9656,4.3649e+006
C4G,6/14/2022 00:00:00,11.6873,12.6149,11.4091,11.9656,3.6565e+006
C4G,6/15/2022 00:00:00,11.9656,12.5222,10.8525,11.5018,3.3824e+006
C4G,6/16/2022 00:00:00,11.5018,12.2439,11.5018,11.5946,1.6512e+006
C4G,6/17/2022 00:00:00,11.5018,11.5946,10.2032,10.296,3.1706e+006
C4G,6/20/2022 00:00:00,10.296,10.9453,8.9974,8.9974,2.3963e+006
C4G,6/21/2022 00:00:00,9.55394,9.55394,8.16259,8.34811,2.0339e+006
C4G,6/22/2022 00:00:00,8.44086,9.36843,8.34811,8.81189,1.5759e+006
C4G,6/23/2022 00:00:00,8.90464,9.27567,8.71913,9.18292,975000
C4G,6/24/2022 00:00:00,9.27567,9.73946,8.9974,9.27567,1.4281e+006
C4G,6/27/2022 00:00:00,10.7598,10.7598,9.27567,9.73946,717500
C4G,6/28/2022 00:00:00,10.1105,10.1105,9.55394,9.92497,1.3233e+006
C4G,6/29/2022 00:00:00,10.0177,10.0177,9.46119,9.55394,1.2956e+006
C4G,6/30/2022 00:00:00,9.6467,9.83221,9.09016,9.27567,1.2277e+006
C4G,7/1/2022 00:00:00,9.6467,9.6467,8.62638,9.18292,1.3706e+006
C4G,7/4/2022 00:00:00,9.27567,9.46119,9.09016,9.27567,696400
C4G,7/5/2022 00:00:00,9.27567,9.27567,8.90464,8.9974,804000
C4G,7/6/2022 00:00:00,10.296,10.296,8.71913,8.71913,1.0786e+006
C4G,7/7/2022 00:00:00,8.81189,8.9974,8.53362,8.90464,770500
C4G,7/8/2022 00:00:00,8.90464,9.55394,8.81189,9.46119,1.6962e+006
C4G,7/11/2022 00:00:00,9.55394,9.73946,9.09016,9.36843,1.3792e+006
C4G,7/12/2022 00:00:00,9.36843,9.83221,9.18292,9.83221,1.9281e+006
C4G,7/13/2022 00:00:00,9.92497,10.5743,9.73946,10.1105,2.5033e+006
C4G,7/14/2022 00:00:00,10.0177,10.3888,9.83221,10.2032,1.3906e+006
C4G,7/15/2022 00:00:00,10.2032,10.5743,10.0177,10.2032,1.6613e+006
C4G,7/18/2022 00:00:00,10.7598,11.1308,10.2032,10.8525,3.2001e+006
C4G,7/19/2022 00:00:00,10.8525,10.9453,10.3888,10.667,2.0075e+006
C4G,7/20/2022 00:00:00,10.667,11.1308,10.667,11.038,2.8734e+006
C4G,7/21/2022 00:00:00,11.1308,11.1308,10.667,10.8525,1.5486e+006
C4G,7/22/2022 00:00:00,10.7598,11.038,10.5743,10.5743,1.354e+006
C4G,7/25/2022 00:00:00,10.5743,10.7598,10.4815,10.5743,783100
C4G,7/26/2022 00:00:00,10.3888,11.038,10.3888,10.5743,1.1391e+006
C4G,7/27/2022 00:00:00,10.667,10.9453,10.4815,10.9453,1.0424e+006
C4G,7/28/2022 00:00:00,10.9453,11.4091,10.9453,11.1308,2.0341e+006
C4G,7/29/2022 00:00:00,11.038,11.3163,10.9453,11.038,1.0898e+006
C4G,8/1/2022 00:00:00,11.038,11.5946,10.9453,11.5946,2.3055e+006
C4G,8/2/2022 00:00:00,11.5946,12.2439,11.5018,11.9656,3.5146e+006
C4G,8/3/2022 00:00:00,11.9656,12.2439,11.6873,11.9656,1.725e+006
C4G,8/4/2022 00:00:00,11.8729,12.2439,11.6873,11.7801,2.1818e+006
C4G,8/5/2022 00:00:00,11.7801,12.0584,11.7801,12.0584,1.3759e+006
C4G,8/8/2022 00:00:00,12.0584,12.5222,12.0584,12.4294,2.0921e+006
C4G,8/9/2022 00:00:00,12.4294,12.4294,12.0584,12.1511,1.1279e+006
C4G,8/10/2022 00:00:00,12.1511,12.5222,12.0584,12.3366,1.3374e+006
C4G,8/11/2022 00:00:00,12.3366,12.7077,11.8729,12.0584,2.1313e+006
C4G,8/12/2022 00:00:00,11.9656,12.3366,11.8729,12.1511,857100
C4G,8/15/2022 00:00:00,12.2439,12.4294,12.1511,12.2439,880400
C4G,8/16/2022 00:00:00,12.3366,12.6149,12.2439,12.5222,2.4087e+006
C4G,8/17/2022 00:00:00,12.5222,12.8004,12.3366,12.4294,1.4453e+006
C4G,8/18/2022 00:00:00,12.3366,12.4294,12.0584,12.2439,919000
C4G,8/19/2022 00:00:00,12.1511,12.3366,11.8729,12.0584,1.7281e+006
C4G,8/22/2022 00:00:00,12.0584,12.0584,11.6873,11.7801,1.3509e+006
C4G,8/23/2022 00:00:00,11.7801,12.4294,11.5018,12.4294,2.3833e+006
C4G,8/24/2022 00:00:00,12.1511,12.5222,12.1511,12.3366,1.0574e+006
C4G,8/25/2022 00:00:00,12.3366,12.8932,12.1511,12.8004,4.2682e+006
C4G,8/26/2022 00:00:00,12.8004,12.8004,12.4294,12.6149,1.3153e+006
C4G,8/29/2022 00:00:00,12.3366,12.4294,11.6873,12.2439,2.8223e+006
C4G,8/30/2022 00:00:00,12.2439,12.4294,12.0584,12.2439,1.3597e+006
C4G,8/31/2022 00:00:00,11.9656,12.3366,11.9656,12.3366,990400
C4G,9/5/2022 00:00:00,12.2439,12.3366,12.1511,12.3366,1.0794e+006
C4G,9/6/2022 00:00:00,12.3366,13.1715,12.3366,12.8932,4.7629e+006
C4G,9/7/2022 00:00:00,12.8932,13.4497,12.6149,12.8004,3.5437e+006
C4G,9/8/2022 00:00:00,12.8004,12.9859,12.4294,12.5222,2.2593e+006
C4G,9/9/2022 00:00:00,12.5222,12.8004,11.9656,12.8004,2.5881e+006
C4G,9/12/2022 00:00:00,12.8004,12.9859,12.6149,12.8004,1.2474e+006
C4G,9/13/2022 00:00:00,12.9859,13.2642,12.5222,13.1715,2.5779e+006
C4G,9/14/2022 00:00:00,12.8932,13.4497,12.5222,13.357,4.7225e+006
C4G,9/15/2022 00:00:00,13.357,13.5425,13.1715,13.357,1.748e+006
C4G,9/16/2022 00:00:00,13.357,13.4497,12.8932,13.1715,4.1537e+006
C4G,9/19/2022 00:00:00,13.1715,13.4497,12.7077,12.8004,2.9075e+006
C4G,9/20/2022 00:00:00,12.9859,13.0787,11.9656,12.7077,3.0755e+006
C4G,9/21/2022 00:00:00,12.7077,13.1715,12.2439,12.8932,1.4808e+006
C4G,9/22/2022 00:00:00,12.8932,13.2642,12.6149,13.1715,2.2822e+006
C4G,9/23/2022 00:00:00,13.0787,13.8208,13.0787,13.357,4.9061e+006
C4G,9/26/2022 00:00:00,13.1715,13.5425,12.7077,13.2642,2.9214e+006
C4G,9/27/2022 00:00:00,13.2642,13.5425,12.9859,13.0787,2.2458e+006
C4G,9/28/2022 00:00:00,13.2642,13.2642,11.6873,11.9656,5.7488e+006
C4G,9/29/2022 00:00:00,12.4294,12.4294,11.1308,11.3163,2.8889e+006
C4G,9/30/2022 00:00:00,11.2236,11.5018,10.4815,11.2236,2.1531e+006
C4G,10/3/2022 00:00:00,11.4091,11.4091,9.92497,10.0177,1.6837e+006
C4G,10/4/2022 00:00:00,10.296,10.7598,9.92497,10.0177,1.2546e+006
C4G,10/5/2022 00:00:00,10.296,10.667,10.0177,10.667,1.2961e+006
C4G,10/6/2022 00:00:00,10.5743,10.667,9.55394,9.73946,1.1704e+006
C4G,10/7/2022 00:00:00,9.73946,9.73946,8.71913,8.90464,1.4947e+006
C4G,10/10/2022 00:00:00,8.81189,9.46119,8.34811,9.27567,1.2609e+006
C4G,10/11/2022 00:00:00,8.9974,9.36843,8.34811,8.71913,1.2227e+006
C4G,10/12/2022 00:00:00,8.81189,9.46119,8.53362,9.09016,1.0926e+006
C4G,10/13/2022 00:00:00,9.27567,9.36843,9.09016,9.36843,708900
C4G,10/14/2022 00:00:00,9.36843,9.73946,9.36843,9.55394,924900
C4G,10/17/2022 00:00:00,9.55394,9.73946,9.18292,9.6467,950800
C4G,10/18/2022 00:00:00,9.6467,9.92497,9.55394,9.73946,839800
C4G,10/19/2022 00:00:00,9.83221,9.83221,9.36843,9.55394,622600
C4G,10/20/2022 00:00:00,9.55394,9.55394,9.27567,9.27567,562700
C4G,10/21/2022 00:00:00,9.27567,9.36843,8.53362,8.71913,1.2751e+006
C4G,10/24/2022 00:00:00,8.81189,8.90464,7.69881,7.88432,1.396e+006
C4G,10/25/2022 00:00:00,7.69881,8.44086,7.42054,7.88432,1.4445e+006
C4G,10/26/2022 00:00:00,7.88432,8.25535,7.69881,7.88432,442500
C4G,10/27/2022 00:00:00,6.864,8.44086,6.864,8.34811,1.1202e+006
C4G,10/28/2022 00:00:00,8.25535,8.53362,8.06983,8.25535,565900
C4G,10/31/2022 00:00:00,8.25535,8.44086,7.88432,8.16259,810200
C4G,11/1/2022 00:00:00,8.25535,8.44086,8.25535,8.44086,967400
C4G,11/2/2022 00:00:00,8.34811,8.62638,8.25535,8.44086,858800
C4G,11/3/2022 00:00:00,8.44086,9.09016,8.16259,8.90464,1.2956e+006
C4G,11/4/2022 00:00:00,8.81189,8.81189,8.06983,8.25535,1.1202e+006
C4G,11/7/2022 00:00:00,8.34811,8.34811,7.14227,7.14227,1.4923e+006
C4G,11/8/2022 00:00:00,7.42054,7.79156,6.95675,7.69881,883200
C4G,11/9/2022 00:00:00,7.42054,7.79156,7.42054,7.60605,494200
C4G,11/10/2022 00:00:00,7.60605,7.60605,6.49297,6.58573,1.8275e+006
C4G,11/11/2022 00:00:00,5.93643,7.23502,5.84367,6.67848,996400
C4G,11/14/2022 00:00:00,6.58573,6.58573,5.75092,5.75092,1.4264e+006
C4G,11/15/2022 00:00:00,5.65816,5.65816,5.00886,5.28713,2.226e+006
C4G,11/16/2022 00:00:00,5.28713,6.02919,4.63784,5.93643,1.3926e+006
C4G,11/17/2022 00:00:00,5.93643,6.49297,5.84367,6.40021,852300
C4G,11/18/2022 00:00:00,6.30746,6.864,5.93643,6.77124,1.6497e+006
C4G,11/21/2022 00:00:00,6.58573,7.04951,6.58573,7.04951,821700
C4G,11/22/2022 00:00:00,7.04951,7.69881,6.864,7.04951,1.3937e+006
C4G,11/23/2022 00:00:00,7.14227,7.32778,6.67848,6.67848,644000
C4G,11/24/2022 00:00:00,6.95675,7.04951,6.49297,6.95675,610800
C4G,11/25/2022 00:00:00,7.04951,7.42054,6.864,7.32778,974500
C4G,11/28/2022 00:00:00,7.42054,8.16259,7.23502,8.16259,2.0431e+006
C4G,11/29/2022 00:00:00,8.16259,8.62638,7.79156,8.44086,1.7225e+006
C4G,11/30/2022 00:00:00,8.34811,8.71913,8.06983,8.34811,1.5877e+006
C4G,12/1/2022 00:00:00,8.53362,8.81189,8.16259,8.16259,1.903e+006
C4G,12/2/2022 00:00:00,8.16259,8.71913,7.97708,8.62638,2.1954e+006
C4G,12/5/2022 00:00:00,8.90464,9.36843,8.53362,8.90464,1.8994e+006
C4G,12/6/2022 00:00:00,9.09016,9.09016,8.06983,8.16259,2.6687e+006
C4G,12/7/2022 00:00:00,8.06983,8.34811,7.60605,7.97708,1.3483e+006
C4G,12/8/2022 00:00:00,7.97708,8.44086,7.88432,8.44086,1.1773e+006
C4G,12/9/2022 00:00:00,8.16259,9.09016,8.16259,8.90464,2.5557e+006
C4G,12/12/2022 00:00:00,8.90464,9.6467,8.90464,9.18292,2.4153e+006
C4G,12/13/2022 00:00:00,9.18292,9.46119,8.53362,9.36843,2.1366e+006
C4G,12/14/2022 00:00:00,9.18292,9.55394,8.90464,9.18292,1.3121e+006
C4G,12/15/2022 00:00:00,9.18292,9.36843,8.90464,9.09016,867400
C4G,12/16/2022 00:00:00,9.09016,9.83221,8.81189,9.46119,2.5159e+006
C4G,12/19/2022 00:00:00,9.46119,9.55394,8.90464,8.9974,1.5536e+006
C4G,12/20/2022 00:00:00,8.9974,9.09016,8.25535,8.53362,2.2373e+006
C4G,12/21/2022 00:00:00,8.53362,8.71913,7.69881,8.06983,1.3441e+006
C4G,12/22/2022 00:00:00,8.16259,8.53362,8.06983,8.25535,629700
C4G,12/23/2022 00:00:00,8.25535,8.53362,8.06983,8.25535,493600
C4G,12/26/2022 00:00:00,8.34811,8.71913,8.06983,8.25535,1.8186e+006
C4G,12/27/2022 00:00:00,8.25535,8.71913,8.16259,8.71913,771000
C4G,12/28/2022 00:00:00,8.62638,8.62638,8.16259,8.44086,654400
C4G,12/29/2022 00:00:00,8.25535,8.90464,8.16259,8.53362,1.1138e+006
C4G,12/30/2022 00:00:00,8.34811,8.9974,8.25535,8.81189,1.3433e+006
C4G,1/3/2023 00:00:00,8.90464,9.92497,8.90464,9.83221,3.5031e+006
C4G,1/4/2023 00:00:00,9.92497,10.4815,9.83221,9.92497,3.1367e+006
C4G,1/5/2023 00:00:00,9.92497,10.2032,9.55394,10.1105,3.312e+006
C4G,1/6/2023 00:00:00,10.0177,10.296,9.6467,9.73946,2.1542e+006
C4G,1/9/2023 00:00:00,9.92497,10.296,9.6467,9.83221,1.8172e+006
C4G,1/10/2023 00:00:00,9.92497,10.667,9.55394,10.4815,5.7679e+006
C4G,1/11/2023 00:00:00,10.4815,10.7598,10.2032,10.296,2.2967e+006
C4G,1/12/2023 00:00:00,10.296,10.5743,10.1105,10.4815,2.5124e+006
C4G,1/13/2023 00:00:00,10.4815,10.7598,10.296,10.296,2.0877e+006
C4G,1/16/2023 00:00:00,10.4815,11.1308,10.4815,10.8525,3.6606e+006
C4G,1/17/2023 00:00:00,10.9453,11.5946,10.8525,11.5018,3.1829e+006
C4G,1/18/2023 00:00:00,11.5018,11.5946,11.2236,11.4091,2.3004e+006
C4G,1/19/2023 00:00:00,11.4091,11.4091,11.1308,11.4091,2.448e+006
C4G,1/27/2023 00:00:00,11.4091,11.9656,11.3163,11.5018,3.3135e+006
C4G,1/30/2023 00:00:00,11.5018,11.8729,11.2236,11.3163,3.9152e+006
C4G,1/31/2023 00:00:00,11.3163,11.6873,11.038,11.5946,3.4094e+006
C4G,2/1/2023 00:00:00,11.5946,11.7801,10.3888,10.7598,3.6732e+006
C4G,2/2/2023 00:00:00,10.7598,11.038,10.1105,10.667,3.0683e+006
C4G,2/3/2023 00:00:00,10.7598,11.2236,10.5743,10.9453,2.8934e+006
C4G,2/6/2023 00:00:00,10.8525,10.9453,10.5743,10.8525,994600
C4G,2/7/2023 00:00:00,10.8525,10.9453,10.0177,10.0177,3.2134e+006
C4G,2/8/2023 00:00:00,10.0177,10.5743,9.6467,10.2032,3.2613e+006
C4G,2/9/2023 00:00:00,10.296,10.3888,10.0177,10.0177,1.1039e+006
C4G,2/10/2023 00:00:00,10.0177,10.296,9.83221,9.92497,2.1439e+006
C4G,2/13/2023 00:00:00,9.92497,9.92497,9.18292,9.55394,2.8533e+006
C4G,2/14/2023 00:00:00,9.46119,9.73946,9.46119,9.6467,1.0079e+006
C4G,2/15/2023 00:00:00,9.6467,10.4815,9.55394,10.4815,4.4567e+006
C4G,2/16/2023 00:00:00,10.4815,10.667,10.296,10.5743,2.032e+006
C4G,2/17/2023 00:00:00,10.4815,10.8525,10.296,10.7598,4.3819e+006
C4G,2/20/2023 00:00:00,10.7598,11.038,10.7598,11.038,2.9181e+006
C4G,2/21/2023 00:00:00,11.038,11.5946,10.8525,11.1308,7.1121e+006
C4G,2/22/2023 00:00:00,11.1308,11.3163,10.5743,10.667,5.5959e+006
C4G,2/23/2023 00:00:00,10.667,10.8525,10.1105,10.7598,4.1718e+006
C4G,2/24/2023 00:00:00,10.7598,10.7598,10.2032,10.3888,1.8062e+006
C4G,2/27/2023 00:00:00,10.4815,10.4815,9.83221,9.92497,2.1559e+006
C4G,2/28/2023 00:00:00,10.1105,10.2032,9.83221,9.92497,1.3926e+006
C4G,3/1/2023 00:00:00,9.92497,10.5743,9.83221,10.5743,2.3867e+006
C4G,3/2/2023 00:00:00,10.5743,10.7598,10.296,10.3888,1.2162e+006
C4G,3/3/2023 00:00:00,10.296,10.667,10.2032,10.3888,2.2466e+006
C4G,3/6/2023 00:00:00,10.667,10.667,10.296,10.3888,1.4589e+006
C4G,3/7/2023 00:00:00,10.3888,10.4815,10.2032,10.3888,1.6975e+006
C4G,3/8/2023 00:00:00,10.296,10.7598,10.1105,10.667,3.6184e+006
C4G,3/9/2023 00:00:00,10.667,10.8525,10.5743,10.667,1.9615e+006
C4G,3/10/2023 00:00:00,10.7598,10.7598,10.3888,10.4815,2.4558e+006
C4G,3/13/2023 00:00:00,10.3888,10.3888,10.1105,10.296,2.6701e+006
C4G,3/14/2023 00:00:00,10.2032,10.296,9.73946,9.92497,3.2559e+006
C4G,3/15/2023 00:00:00,10.1105,10.3888,10.1105,10.3888,2.0816e+006
C4G,3/16/2023 00:00:00,10.296,10.296,9.92497,10.1105,958500
C4G,3/17/2023 00:00:00,10.2032,10.296,10.0177,10.0177,858100
C4G,3/20/2023 00:00:00,10.0177,10.296,9.6467,9.92497,2.6693e+006
C4G,3/21/2023 00:00:00,9.92497,10.0177,9.55394,9.92497,1.406e+006
C4G,3/22/2023 00:00:00,9.92497,10.0177,9.6467,9.6467,1.9052e+006
C4G,3/23/2023 00:00:00,9.83401,10.0231,9.73946,10.0231,1.2486e+006
C4G,3/24/2023 00:00:00,10.0231,10.3068,9.92857,10.2122,1.669e+006
C4G,3/27/2023 00:00:00,10.2122,10.3068,10.0231,10.2122,1.3027e+006
C4G,3/28/2023 00:00:00,10.3068,10.4959,10.2122,10.3068,1.9843e+006
C4G,3/29/2023 00:00:00,10.3068,10.4014,10.1177,10.2122,830500
C4G,3/30/2023 00:00:00,10.3068,10.4959,10.2122,10.3068,1.5944e+006
C4G,3/31/2023 00:00:00,10.3068,10.4014,10.1177,10.2122,1.0219e+006
C4G,4/3/2023 00:00:00,10.2122,11.1578,10.2122,11.0633,7.9231e+006
C4G,4/4/2023 00:00:00,11.0633,11.5361,11.0633,11.4415,7.0076e+006
C4G,4/5/2023 00:00:00,11.3469,11.4415,11.0633,11.3469,3.5999e+006
C4G,4/6/2023 00:00:00,11.4415,11.6306,11.1578,11.3469,4.3843e+006
C4G,4/7/2023 00:00:00,11.3469,11.4415,11.0633,11.4415,2.8894e+006
C4G,4/10/2023 00:00:00,11.2524,11.6306,11.1578,11.2524,3.779e+006
C4G,4/11/2023 00:00:00,11.3469,11.3469,11.0633,11.3469,1.8535e+006
C4G,4/12/2023 00:00:00,11.3469,12.1034,11.2524,12.0088,9.2235e+006
C4G,4/13/2023 00:00:00,12.198,12.198,11.8197,12.0088,2.5119e+006
C4G,4/14/2023 00:00:00,11.9143,12.0088,11.2524,11.3469,4.7534e+006
C4G,4/17/2023 00:00:00,11.4415,11.5361,11.0633,11.4415,2.4341e+006
C4G,4/18/2023 00:00:00,11.4415,11.8197,11.2524,11.6306,2.7042e+006
C4G,4/19/2023 00:00:00,11.7252,11.7252,11.3469,11.3469,1.6228e+006
C4G,4/20/2023 00:00:00,11.4415,11.5361,11.1578,11.3469,1.6964e+006
C4G,4/21/2023 00:00:00,11.3469,11.4415,11.1578,11.3469,2.2415e+006
C4G,4/24/2023 00:00:00,11.3469,11.4415,11.1578,11.3469,1.578e+006
C4G,4/25/2023 00:00:00,11.3469,11.3469,10.8741,10.9687,2.4219e+006
C4G,4/26/2023 00:00:00,10.9687,11.0633,10.685,11.0633,2.8407e+006
C4G,4/27/2023 00:00:00,11.1578,11.1578,10.7796,10.9687,2.0271e+006
C4G,4/28/2023 00:00:00,10.9687,11.1578,10.8741,10.9687,3.0507e+006
C4G,5/4/2023 00:00:00,10.9687,11.7252,10.9687,11.7252,4.9159e+006
C4G,5/5/2023 00:00:00,11.5361,11.7252,11.3469,11.4415,2.2015e+006
C4G,5/8/2023 00:00:00,11.4415,11.6306,11.3469,11.4415,3.1871e+006
C4G,5/9/2023 00:00:00,11.4415,11.8197,11.1578,11.5361,9.2181e+006
C4G,5/10/2023 00:00:00,11.6306,12.2925,11.4415,12.1034,7.4665e+006
C4G,5/11/2023 00:00:00,12.1034,12.3871,12.0088,12.1034,3.4468e+006
C4G,5/12/2023 00:00:00,12.1034,12.7653,12.0088,12.5762,6.097e+006
C4G,5/15/2023 00:00:00,12.5762,12.6707,12.1034,12.198,4.2245e+006
C4G,5/16/2023 00:00:00,12.198,12.5762,12.1034,12.2925,3.2906e+006
C4G,5/17/2023 00:00:00,12.4816,12.4816,11.9143,12.0088,3.3719e+006
C4G,5/18/2023 00:00:00,12.0088,12.198,11.9143,11.9143,2.0812e+006
C4G,5/19/2023 00:00:00,12.0088,12.2925,11.8197,12.198,2.8857e+006
C4G,5/22/2023 00:00:00,12.198,12.9544,12.1034,12.6707,3.8348e+006
C4G,5/23/2023 00:00:00,12.7653,12.9544,12.3871,12.4816,2.4693e+006
C4G,5/24/2023 00:00:00,12.5762,12.6707,12.2925,12.4816,3.1144e+006
C4G,5/25/2023 00:00:00,12.4816,12.7653,12.2925,12.4816,2.6626e+006
C4G,5/26/2023 00:00:00,12.4816,12.7653,12.3871,12.5762,2.2515e+006
C4G,5/29/2023 00:00:00,12.5762,12.8599,12.4816,12.8599,2.4757e+006
C4G,5/30/2023 00:00:00,12.9544,13.049,12.6707,13.049,3.4947e+006
C4G,5/31/2023 00:00:00,13.049,13.049,12.6707,12.7653,2.4042e+006
C4G,6/1/2023 00:00:00,12.6707,12.7653,12.4816,12.6707,3.6714e+006
C4G,6/2/2023 00:00:00,12.6707,12.8599,12.6707,12.7653,2.3633e+006
C4G,6/5/2023 00:00:00,12.7653,12.9544,12.5762,12.6707,2.3878e+006
C4G,6/6/2023 00:00:00,12.6707,12.8599,12.5762,12.8599,2.4773e+006
C4G,6/7/2023 00:00:00,12.7653,13.049,12.7653,12.9544,2.7641e+006
C4G,6/8/2023 00:00:00,12.9544,13.049,12.5762,12.6707,2.9592e+006
C4G,6/9/2023 00:00:00,12.5762,12.7653,12.2925,12.4816,3.7214e+006
C4G,6/12/2023 00:00:00,12.4816,12.6707,12.3871,12.5762,1.9047e+006
C4G,6/13/2023 00:00:00,12.5762,12.6707,12.3871,12.4816,1.7868e+006
C4G,6/14/2023 00:00:00,12.4816,12.6707,12.2925,12.3871,1.9478e+006
C4G,6/15/2023 00:00:00,12.3871,12.4816,12.1034,12.198,2.6113e+006
C4G,6/16/2023 00:00:00,12.198,12.4816,11.5361,12.198,5.7473e+006
C4G,6/19/2023 00:00:00,12.198,12.6707,12.198,12.4816,2.7569e+006
C4G,6/20/2023 00:00:00,12.3871,12.8599,12.2925,12.8599,4.2769e+006
C4G,6/21/2023 00:00:00,12.8599,13.2381,12.7653,13.1435,7.3228e+006
C4G,6/22/2023 00:00:00,13.2381,13.5218,13.049,13.2381,6.2978e+006
C4G,6/23/2023 00:00:00,13.3327,13.3327,12.9544,13.049,3.7704e+006
C4G,6/26/2023 00:00:00,13.049,13.2381,12.7653,13.1435,3.7024e+006
C4G,6/27/2023 00:00:00,13.049,13.2381,12.9544,13.1435,2.8317e+006
C4G,6/28/2023 00:00:00,13.2381,13.3327,13.049,13.049,2.7436e+006
C4G,6/29/2023 00:00:00,13.1435,13.1435,12.7653,12.8599,3.601e+006
C4G,6/30/2023 00:00:00,12.8599,12.9544,12.7653,12.8599,1.8597e+006
C4G,7/3/2023 00:00:00,12.8599,13.1435,12.7653,13.049,1.8079e+006
C4G,7/4/2023 00:00:00,13.049,13.1435,12.8599,13.1435,2.2782e+006
C4G,7/5/2023 00:00:00,13.1435,13.7109,13.1435,13.4272,5.2714e+006
C4G,7/6/2023 00:00:00,13.5218,13.5218,13.049,13.1435,3.57e+006
C4G,7/7/2023 00:00:00,13.1435,13.4272,12.9544,13.4272,3.2431e+006
C4G,7/10/2023 00:00:00,13.4272,13.7109,13.3327,13.5218,3.5649e+006
C4G,7/11/2023 00:00:00,13.6163,13.7109,13.3327,13.5218,3.4862e+006
C4G,7/12/2023 00:00:00,13.5218,13.7109,13.3327,13.4272,2.8367e+006
C4G,7/13/2023 00:00:00,13.5218,13.6163,13.4272,13.6163,3.0697e+006
C4G,7/14/2023 00:00:00,13.6163,13.9946,13.4272,13.8054,6.2383e+006
C4G,7/17/2023 00:00:00,13.7109,13.9,13.5218,13.7109,1.9844e+006
C4G,7/18/2023 00:00:00,13.7109,13.8054,13.4272,13.5218,3.4863e+006
C4G,7/19/2023 00:00:00,13.6163,13.7109,13.3327,13.5218,3.3239e+006
C4G,7/20/2023 00:00:00,13.5218,13.5218,13.3327,13.5218,1.9427e+006
C4G,7/21/2023 00:00:00,13.5218,13.7109,13.4272,13.7109,2.8054e+006
C4G,7/24/2023 00:00:00,13.7109,14.1837,13.5218,13.9946,6.6412e+006
C4G,7/25/2023 00:00:00,13.9946,14.0891,13.6163,13.8054,2.8813e+006
C4G,7/26/2023 00:00:00,13.8054,13.8054,13.6163,13.7109,1.9255e+006
C4G,7/27/2023 00:00:00,13.7109,13.8054,13.4272,13.6163,3.3218e+006
C4G,7/28/2023 00:00:00,13.6163,13.8054,13.5218,13.7109,3.0372e+006
C4G,7/31/2023 00:00:00,13.7109,13.7109,13.4272,13.4272,3.0049e+006
C4G,8/1/2023 00:00:00,13.5218,13.7109,13.2381,13.3327,6.3208e+006
C4G,8/2/2023 00:00:00,13.3327,13.5218,13.2381,13.5218,1.9131e+006
C4G,8/3/2023 00:00:00,13.5218,13.9946,13.4272,13.7109,7.6017e+006
C4G,8/4/2023 00:00:00,13.7109,15.3184,13.5218,14.8456,1.51244e+007
C4G,8/7/2023 00:00:00,14.9401,15.3184,14.6565,14.9401,5.1542e+006
C4G,8/8/2023 00:00:00,15.0347,15.0347,14.5619,14.6565,5.6844e+006
C4G,8/9/2023 00:00:00,14.6565,14.8456,14.3728,14.751,4.4888e+006
C4G,8/10/2023 00:00:00,14.751,14.9401,14.3728,14.4673,3.6037e+006
C4G,8/11/2023 00:00:00,14.4673,14.6565,13.9,14.3728,5.4387e+006
C4G,8/14/2023 00:00:00,14.1837,14.8456,14.1837,14.751,3.1085e+006
C4G,8/15/2023 00:00:00,14.6565,14.8456,14.4673,14.6565,2.202e+006
C4G,8/16/2023 00:00:00,14.751,14.751,14.4673,14.5619,2.5446e+006
C4G,8/17/2023 00:00:00,14.5619,14.9401,14.4673,14.6565,4.6467e+006
C4G,8/18/2023 00:00:00,14.6565,14.6565,12.9544,13.3327,7.2105e+006
C4G,8/21/2023 00:00:00,13.2381,13.7109,12.8599,13.4272,3.2788e+006
C4G,8/22/2023 00:00:00,13.4272,13.6163,12.6707,13.4272,3.9137e+006
C4G,8/23/2023 00:00:00,13.4272,13.9,13.4272,13.4272,2.0757e+006
C4G,8/24/2023 00:00:00,13.5218,13.9,13.4272,13.8054,2.9611e+006
C4G,8/25/2023 00:00:00,13.9,14.3728,13.8054,13.9946,4.86e+006
C4G,8/28/2023 00:00:00,13.9946,14.3728,13.9,14.1837,2.7854e+006
C4G,8/29/2023 00:00:00,14.1837,14.1837,13.8054,13.8054,3.177e+006
C4G,8/30/2023 00:00:00,14.7,14.7,14,14.2,1.866e+006
C4G,8/31/2023 00:00:00,14.2,14.5,14.1,14.4,2.3008e+006
C4G,9/5/2023 00:00:00,14.4,14.8,14.4,14.6,3.3566e+006
C4G,9/6/2023 00:00:00,14.6,14.9,14.5,14.8,4.3976e+006
C4G,9/7/2023 00:00:00,14.8,15.2,14.7,14.9,5.345e+006
C4G,9/8/2023 00:00:00,14.9,15,14.7,14.8,2.4009e+006
C4G,9/11/2023 00:00:00,14.9,15,14.3,14.4,4.1585e+006
C4G,9/12/2023 00:00:00,14.5,14.8,14.3,14.7,3.0004e+006
C4G,9/13/2023 00:00:00,14.8,15.6,14.7,15.3,1.28781e+007
C4G,9/14/2023 00:00:00,15.4,15.5,14.9,15.1,3.8961e+006
C4G,9/15/2023 00:00:00,15.1,15.3,14.7,15,3.3564e+006
C4G,9/18/2023 00:00:00,15,15.1,14.6,14.8,2.5224e+006
C4G,9/19/2023 00:00:00,14.8,15,14.2,14.6,3.3616e+006
C4G,9/20/2023 00:00:00,14.6,14.8,14.4,14.8,1.8882e+006
C4G,9/21/2023 00:00:00,14.9,15.2,14.6,14.6,3.7121e+006
C4G,9/22/2023 00:00:00,14.6,14.6,13.5,13.9,5.3073e+006
C4G,9/25/2023 00:00:00,14,14.1,12.7,13,4.43e+006
C4G,9/26/2023 00:00:00,13.3,13.3,12.7,12.8,3.0621e+006
C4G,9/27/2023 00:00:00,12.7,13,12.2,13,2.8771e+006
C4G,9/28/2023 00:00:00,12.9,13,12.5,12.8,1.2776e+006
C4G,9/29/2023 00:00:00,12.7,13,12.7,12.9,1.4101e+006
C4G,10/2/2023 00:00:00,12.9,13.3,12.9,13.2,2.2829e+006
C4G,10/3/2023 00:00:00,13,13.4,12.3,12.5,3.5267e+006
C4G,10/4/2023 00:00:00,12.6,12.7,12,12.7,1.8265e+006
C4G,10/5/2023 00:00:00,12.6,12.8,12.2,12.4,1.4909e+006
C4G,10/6/2023 00:00:00,12.4,12.6,12.2,12.6,1.6057e+006
C4G,10/9/2023 00:00:00,12.6,12.7,12.4,12.7,1.2971e+006
C4G,10/10/2023 00:00:00,12.8,13,12.6,12.7,1.5692e+006
C4G,10/11/2023 00:00:00,12.8,13,12.6,13,1.9044e+006
C4G,10/12/2023 00:00:00,13,13.2,12.8,13,1.68e+006
C4G,10/13/2023 00:00:00,12.9,13,12.6,12.9,1.7455e+006
C4G,10/16/2023 00:00:00,12.9,13,12.6,12.8,1.0886e+006
C4G,10/17/2023 00:00:00,13,13,12.1,12.2,1.625e+006
C4G,10/18/2023 00:00:00,12.5,12.5,11.1,11.9,2.9144e+006
C4G,10/19/2023 00:00:00,11.8,11.9,11.1,11.2,1.4904e+006
C4G,10/20/2023 00:00:00,11.4,11.7,10.9,11.7,2.1618e+006
C4G,10/23/2023 00:00:00,11.4,11.7,11.3,11.5,783100
C4G,10/24/2023 00:00:00,11.5,11.7,11.3,11.7,910800
C4G,10/25/2023 00:00:00,11.5,11.7,11.4,11.5,819100
C4G,10/26/2023 00:00:00,11.5,11.5,10,10.6,3.4071e+006
C4G,10/27/2023 00:00:00,10.6,10.7,10.2,10.7,1.1573e+006
C4G,10/30/2023 00:00:00,10.5,10.7,10.1,10.2,907500
C4G,10/31/2023 00:00:00,10.2,10.4,9.6,9.8,1.6274e+006
C4G,11/1/2023 00:00:00,9.9,10,9.6,10,1.0304e+006
C4G,11/2/2023 00:00:00,10,10.8,10,10.7,1.8647e+006
C4G,11/3/2023 00:00:00,10.8,11.1,10.7,10.8,1.6652e+006
C4G,11/6/2023 00:00:00,10.8,11,10.6,10.9,922700
C4G,11/7/2023 00:00:00,10.9,11,10.7,10.8,957200
C4G,11/8/2023 00:00:00,10.9,11.8,10.7,11.7,3.2052e+006
C4G,11/9/2023 00:00:00,11.8,12,11.6,11.7,1.9887e+006
C4G,11/10/2023 00:00:00,11.8,12.1,11.5,11.8,3.3772e+006
C4G,11/13/2023 00:00:00,11.8,11.9,11.5,11.8,948800
C4G,11/14/2023 00:00:00,11.8,12,11.6,11.9,1.5076e+006
C4G,11/15/2023 00:00:00,11.9,12.2,11.7,11.8,2.3327e+006
C4G,11/16/2023 00:00:00,11.9,12,11.7,12,910100
C4G,11/17/2023 00:00:00,11.8,12.1,11.6,11.7,2.6002e+006
C4G,11/20/2023 00:00:00,11.7,11.7,11.1,11.6,1.6797e+006
C4G,11/21/2023 00:00:00,11.6,11.7,11.5,11.7,1.0293e+006
C4G,11/22/2023 00:00:00,11.8,12,11.7,11.9,1.926e+006
C4G,11/23/2023 00:00:00,11.9,12.1,11.4,11.5,2.2629e+006
C4G,11/24/2023 00:00:00,11.6,11.7,11.2,11.7,1.8818e+006
C4G,11/27/2023 00:00:00,11.7,11.8,11.4,11.5,613400
C4G,11/28/2023 00:00:00,11.5,11.7,11.4,11.6,1.0827e+006
C4G,11/29/2023 00:00:00,11.6,11.7,11.5,11.6,653900
C4G,11/30/2023 00:00:00,11.6,11.8,11.5,11.7,1.2024e+006
C4G,12/1/2023 00:00:00,11.7,11.9,11.6,11.8,1.2404e+006
C4G,12/4/2023 00:00:00,11.9,12.5,11.8,12.3,3.8422e+006
C4G,12/5/2023 00:00:00,12.5,12.5,12.2,12.4,2.4225e+006
C4G,12/6/2023 00:00:00,12.4,12.7,12.4,12.6,2.1362e+006
C4G,12/7/2023 00:00:00,12.6,12.7,12,12.3,2.9763e+006
C4G,12/8/2023 00:00:00,12.3,12.4,12,12.2,1.627e+006
C4G,12/11/2023 00:00:00,12.2,12.3,12,12.2,835900
C4G,12/12/2023 00:00:00,12.2,12.3,12.1,12.2,892800
C4G,12/13/2023 00:00:00,12.3,12.4,12,12.1,1.5698e+006
C4G,12/14/2023 00:00:00,12.2,12.3,11.9,11.9,1.3204e+006
C4G,12/15/2023 00:00:00,12,12,11.8,11.9,1.2197e+006
C4G,12/18/2023 00:00:00,11.9,12,11.6,11.6,758700
C4G,12/19/2023 00:00:00,11.7,11.8,11.5,11.8,805800
C4G,12/20/2023 00:00:00,11.7,11.9,11.6,11.8,537900
C4G,12/21/2023 00:00:00,11.8,11.8,11.6,11.8,475000
C4G,12/22/2023 00:00:00,11.6,11.8,11.6,11.6,711400
C4G,12/25/2023 00:00:00,11.7,11.8,11.6,11.8,848400
C4G,12/26/2023 00:00:00,11.8,12,11.7,11.9,850600
C4G,12/27/2023 00:00:00,11.9,11.9,11.7,11.8,652200
C4G,12/28/2023 00:00:00,11.8,11.8,11.7,11.8,457200
C4G,12/29/2023 00:00:00,11.7,11.9,11.7,11.7,712800
C4G,1/2/2024 00:00:00,11.8,12,11.7,11.8,878100
C4G,1/3/2024 00:00:00,11.8,12.2,11.7,12.2,2.5858e+006
C4G,1/4/2024 00:00:00,12.2,12.2,11.9,12,1.4844e+006
C4G,1/5/2024 00:00:00,12,12.1,11.9,12,808600
C4G,1/8/2024 00:00:00,12,12.2,11.9,12.1,1.8362e+006
C4G,1/9/2024 00:00:00,12,12.1,11.9,12,1.0188e+006
C4G,1/10/2024 00:00:00,12,12,11.7,11.8,1.1352e+006
C4G,1/11/2024 00:00:00,11.8,11.9,11.7,11.9,833500
C4G,1/12/2024 00:00:00,11.9,11.9,11.5,11.6,1.4452e+006
C4G,1/15/2024 00:00:00,11.7,11.8,11.5,11.5,618500
C4G,1/16/2024 00:00:00,11.5,11.7,11.4,11.7,796400
C4G,1/17/2024 00:00:00,11.7,11.8,11.6,11.7,600700
C4G,1/18/2024 00:00:00,11.6,11.8,11.6,11.7,445700
C4G,1/19/2024 00:00:00,11.7,11.8,11.6,11.7,709100
C4G,1/22/2024 00:00:00,11.7,11.8,11.5,11.7,663500
C4G,1/23/2024 00:00:00,11.7,11.9,11.7,11.8,845800
C4G,1/24/2024 00:00:00,11.8,11.8,11.6,11.7,372300
C4G,1/25/2024 00:00:00,11.7,11.8,11.6,11.7,299300
C4G,1/26/2024 00:00:00,11.7,11.7,11.6,11.7,576400
C4G,1/29/2024 00:00:00,11.6,11.7,11.5,11.6,507400
C4G,1/30/2024 00:00:00,11.6,11.7,11.5,11.7,735100
C4G,1/31/2024 00:00:00,11.6,11.8,11.4,11.6,1.0498e+006
C4G,2/1/2024 00:00:00,11.6,11.6,11.4,11.5,636500
C4G,2/2/2024 00:00:00,11.5,11.7,11.5,11.6,719400
C4G,2/5/2024 00:00:00,11.6,11.6,11.5,11.5,492300
C4G,2/6/2024 00:00:00,11.5,11.6,11.4,11.6,702300
C4G,2/7/2024 00:00:00,11.6,11.6,11.4,11.5,510400
C4G,2/15/2024 00:00:00,11.5,11.7,11.5,11.7,633000
C4G,2/16/2024 00:00:00,11.7,11.7,11.6,11.7,752000
C4G,2/19/2024 00:00:00,11.7,11.8,11.6,11.8,1.1042e+006
C4G,2/20/2024 00:00:00,11.8,12,11.7,11.9,1.2182e+006
C4G,2/21/2024 00:00:00,11.9,11.9,11.7,11.8,560500
C4G,2/22/2024 00:00:00,11.8,12,11.4,11.7,4.0545e+006
C4G,2/23/2024 00:00:00,11.7,11.8,11.5,11.5,1.5095e+006
C4G,2/26/2024 00:00:00,11.5,11.7,11.4,11.7,1.5759e+006
C4G,2/27/2024 00:00:00,11.7,11.7,11.5,11.7,1.2682e+006
C4G,2/28/2024 00:00:00,11.7,11.7,11.5,11.6,694700
C4G,2/29/2024 00:00:00,11.6,11.7,11.4,11.5,1.0191e+006
C4G,3/1/2024 00:00:00,11.5,11.9,11.4,11.8,2.5707e+006
C4G,3/4/2024 00:00:00,11.7,11.9,11.7,11.8,1.5975e+006
C4G,3/5/2024 00:00:00,11.9,11.9,11.7,11.8,1.2659e+006
C4G,3/6/2024 00:00:00,11.8,11.9,11.5,11.6,1.58e+006
C4G,3/7/2024 00:00:00,11.6,11.7,11.5,11.6,1.0875e+006
C4G,3/8/2024 00:00:00,11.6,11.7,11.4,11.5,1.1721e+006
C4G,3/11/2024 00:00:00,11.5,11.5,11.3,11.3,1.0858e+006
C4G,3/12/2024 00:00:00,11.3,11.4,11.3,11.4,1.0317e+006
C4G,3/13/2024 00:00:00,11.4,11.5,11.3,11.5,1.2488e+006
C4G,3/14/2024 00:00:00,11.5,11.6,11.3,11.5,1.138e+006
C4G,3/15/2024 00:00:00,11.5,11.6,11.3,11.5,1.1826e+006
C4G,3/18/2024 00:00:00,11.4,11.6,11,11.3,1.8893e+006
C4G,3/19/2024 00:00:00,11.4,11.4,11.2,11.3,731100
C4G,3/20/2024 00:00:00,11.3,11.5,11.2,11.5,3.0605e+006
C4G,3/21/2024 00:00:00,11.5,11.5,11.3,11.5,1.0251e+006
C4G,3/22/2024 00:00:00,11.5,11.6,11.3,11.5,1.4061e+006
C4G,3/25/2024 00:00:00,11.5,11.8,11.4,11.6,2.4319e+006
C4G,3/26/2024 00:00:00,11.6,11.7,11.5,11.6,943900
C4G,3/27/2024 00:00:00,11.6,11.8,11.5,11.7,1.9576e+006
C4G,3/28/2024 00:00:00,11.7,11.8,11.5,11.7,957900
C4G,3/29/2024 00:00:00,11.7,11.7,11.4,11.4,1.2635e+006
C4G,4/1/2024 00:00:00,11.4,11.6,11.3,11.5,813700
C4G,4/2/2024 00:00:00,11.5,11.5,11.3,11.4,1.0657e+006
C4G,4/3/2024 00:00:00,11.4,11.7,11.4,11.6,2.6305e+006
C4G,4/4/2024 00:00:00,11.6,11.6,11.3,11.4,860600
C4G,4/5/2024 00:00:00,11.4,11.4,11.2,11.3,1.8347e+006
C4G,4/8/2024 00:00:00,11.3,11.3,11,11.1,1.2399e+006
C4G,4/9/2024 00:00:00,11.1,11.2,11,11.2,930500
C4G,4/10/2024 00:00:00,11.2,11.2,11,11,642000
C4G,4/11/2024 00:00:00,11,11,10.8,10.9,1.3633e+006
C4G,4/12/2024 00:00:00,10.9,11.1,10.8,11,746700
C4G,4/15/2024 00:00:00,11,11.1,9.9,10.1,1.9424e+006
C4G,4/16/2024 00:00:00,10.2,10.3,9.5,10.1,2.2407e+006
C4G,4/17/2024 00:00:00,10,10.2,9.7,9.8,858100
C4G,4/19/2024 00:00:00,9.8,9.9,9.4,9.5,1.2177e+006
C4G,4/22/2024 00:00:00,9.6,9.9,9.5,9.7,575900
C4G,4/23/2024 00:00:00,9.8,9.8,9.5,9.5,548800
C4G,4/24/2024 00:00:00,9.6,9.8,9.5,9.7,738200
C4G,4/25/2024 00:00:00,9.8,9.8,9.6,9.7,308500
C4G,4/26/2024 00:00:00,9.6,9.7,9.5,9.6,351300
C4G,5/2/2024 00:00:00,9.6,9.8,9.6,9.8,425500
C4G,5/3/2024 00:00:00,9.8,9.9,9.6,9.7,304500
C4G,5/6/2024 00:00:00,9.7,9.9,9.7,9.9,695100
C4G,5/7/2024 00:00:00,9.8,10,9.8,10,501800
C4G,5/8/2024 00:00:00,10,10,9.7,9.9,615300
C4G,5/9/2024 00:00:00,9.8,10,9.7,9.9,409400
C4G,5/10/2024 00:00:00,9.8,9.9,9.6,9.8,546700
C4G,5/13/2024 00:00:00,9.7,9.9,9.7,9.8,599800
C4G,5/14/2024 00:00:00,9.8,10,9.7,9.8,721400
C4G,5/15/2024 00:00:00,9.9,9.9,9.8,9.9,674600
C4G,5/16/2024 00:00:00,9.9,10.2,9.9,10.1,1.2222e+006
C4G,5/17/2024 00:00:00,10.2,10.2,10,10.1,602200
C4G,5/20/2024 00:00:00,10.1,10.2,9.9,10.1,674900
C4G,5/21/2024 00:00:00,10.1,10.1,9.8,10,637200
C4G,5/22/2024 00:00:00,9.9,10.2,9.9,10.2,1.4411e+006
C4G,5/23/2024 00:00:00,10.1,10.7,10.1,10.6,2.8057e+006
C4G,5/24/2024 00:00:00,10.7,10.8,10.1,10.4,1.2099e+006
C4G,5/27/2024 00:00:00,10.4,10.5,10.1,10.2,775300
C4G,5/28/2024 00:00:00,10.3,10.4,10.2,10.4,859700
C4G,5/29/2024 00:00:00,10.4,10.4,10.1,10.3,862200
C4G,5/30/2024 00:00:00,10.2,10.6,10.1,10.5,1.5205e+006
C4G,5/31/2024 00:00:00,10.5,10.5,10.2,10.4,638800
C4G,6/3/2024 00:00:00,10.4,10.5,10.3,10.5,838200
C4G,6/4/2024 00:00:00,10.5,10.5,10.3,10.3,678600
C4G,6/5/2024 00:00:00,10.4,10.4,10.2,10.2,958600
C4G,6/6/2024 00:00:00,10.2,10.4,10.1,10.3,656600
C4G,6/7/2024 00:00:00,10.3,10.3,10.1,10.2,599900
C4G,6/10/2024 00:00:00,10.2,10.3,10.1,10.2,695300
C4G,6/11/2024 00:00:00,10.2,10.2,9.9,10,1.3166e+006
C4G,6/12/2024 00:00:00,10,10.1,9.9,10.1,661900
C4G,6/13/2024 00:00:00,10.1,10.2,10,10.1,831800
C4G,6/14/2024 00:00:00,10.2,10.2,9.9,9.9,1.1766e+006
C4G,6/17/2024 00:00:00,9.9,10,9.8,9.8,548700
C4G,6/18/2024 00:00:00,9.9,10,9.8,9.9,479100
C4G,6/19/2024 00:00:00,9.9,10,9.8,9.9,582600
C4G,6/20/2024 00:00:00,9.8,9.9,9.7,9.8,659500
C4G,6/21/2024 00:00:00,9.8,10,9.8,10,738300
C4G,6/24/2024 00:00:00,9.9,10.6,9.9,10.4,4.1657e+006
C4G,6/25/2024 00:00:00,10.4,10.5,10.2,10.3,821100
C4G,6/26/2024 00:00:00,10.3,10.4,10,10.1,1.6045e+006
C4G,6/27/2024 00:00:00,10.1,10.1,9.8,9.9,1.2213e+006
C4G,6/28/2024 00:00:00,9.9,10,9.6,9.8,1.567e+006
C4G,7/1/2024 00:00:00,9.8,9.9,9.7,9.9,680500
C4G,7/2/2024 00:00:00,9.9,9.9,9.8,9.9,392100
C4G,7/3/2024 00:00:00,9.9,10,9.8,9.9,349900
C4G,7/4/2024 00:00:00,9.9,10,9.8,10,601700
C4G,7/5/2024 00:00:00,10,10,9.8,9.9,386200
C4G,7/8/2024 00:00:00,9.9,10,9.8,9.8,753000
C4G,7/9/2024 00:00:00,9.8,9.9,9.8,9.9,677000
C4G,7/10/2024 00:00:00,9.9,10,9.8,9.8,300200
C4G,7/11/2024 00:00:00,9.9,10,9.8,9.8,620500
C4G,7/12/2024 00:00:00,9.9,10,9.8,9.9,577600
C4G,7/15/2024 00:00:00,9.9,9.9,9.8,9.8,295600
C4G,7/16/2024 00:00:00,9.8,9.9,9.7,9.8,472100
C4G,7/17/2024 00:00:00,9.8,9.9,9.5,9.7,813700
C4G,7/18/2024 00:00:00,9.7,9.7,9.5,9.7,564700
C4G,7/19/2024 00:00:00,9.7,9.7,9.4,9.5,792700
C4G,7/22/2024 00:00:00,9.5,9.5,9.2,9.3,724000
C4G,7/23/2024 00:00:00,9.3,9.3,9,9.1,611500
C4G,7/24/2024 00:00:00,9.2,9.2,9,9.1,407000
C4G,7/25/2024 00:00:00,9.1,9.2,9,9.2,268200
C4G,7/26/2024 00:00:00,9.2,9.5,9.2,9.4,667400
C4G,7/29/2024 00:00:00,9.6,9.7,9.4,9.5,454000
C4G,7/30/2024 00:00:00,9.5,9.5,9.3,9.4,412800
C4G,7/31/2024 00:00:00,9.4,9.4,9.3,9.4,270600
C4G,8/1/2024 00:00:00,9.4,9.5,9,9,646000
C4G,8/2/2024 00:00:00,9.1,9.2,8.9,9.1,741200
C4G,8/5/2024 00:00:00,9.1,9.1,8.6,8.6,856600
C4G,8/6/2024 00:00:00,8.7,9,8.6,8.9,538600
C4G,8/7/2024 00:00:00,8.9,9,8.8,8.9,302000
C4G,8/8/2024 00:00:00,8.9,9.4,8.8,9.2,971800
C4G,8/9/2024 00:00:00,9.2,9.3,9.1,9.2,162000
C4G,8/12/2024 00:00:00,9.2,9.4,9.1,9.3,563200
C4G,8/13/2024 00:00:00,9.3,9.3,9.1,9.2,164700
C4G,8/14/2024 00:00:00,9.2,9.2,9,9.1,242700
C4G,8/15/2024 00:00:00,9.1,9.3,8.9,9.1,464000
C4G,8/16/2024 00:00:00,9.2,9.4,9.1,9.4,573900
C4G,8/19/2024 00:00:00,9.4,9.5,9.2,9.4,600700
C4G,8/20/2024 00:00:00,9.4,9.5,9.3,9.5,664000
C4G,8/21/2024 00:00:00,9.4,9.7,9.4,9.6,1.0235e+006
C4G,8/22/2024 00:00:00,9.6,9.7,9.3,9.4,419600
C4G,8/23/2024 00:00:00,9.5,9.5,9.3,9.4,503400
C4G,8/26/2024 00:00:00,9.4,9.5,9.3,9.4,420400
C4G,8/27/2024 00:00:00,9.4,9.4,9.3,9.4,384500
C4G,8/28/2024 00:00:00,9.3,9.4,9.2,9.3,240200
C4G,8/29/2024 00:00:00,9.3,9.3,9.1,9.1,770100
C4G,8/30/2024 00:00:00,9.2,9.2,9,9.1,1.0613e+006
C4G,9/4/2024 00:00:00,9.1,9.2,9,9.1,1.3958e+006
C4G,9/5/2024 00:00:00,9.2,9.2,8.9,9,770800
C4G,9/6/2024 00:00:00,9,9.1,8.8,9,1.9075e+006
C4G,9/9/2024 00:00:00,9,9,8.8,8.9,320400
C4G,9/10/2024 00:00:00,8.9,9,8.8,8.9,290500
C4G,9/11/2024 00:00:00,8.9,8.9,8.8,8.9,376000
C4G,9/12/2024 00:00:00,8.8,9,8.8,8.8,163800
C4G,9/13/2024 00:00:00,9,9,8.8,9,279200
C4G,9/16/2024 00:00:00,9,9.1,8.8,8.9,385700
C4G,9/17/2024 00:00:00,9,9,8.9,9,307400
C4G,9/18/2024 00:00:00,9,9,8.9,9,272200
C4G,9/19/2024 00:00:00,9,9,8.9,9,244800
C4G,9/20/2024 00:00:00,8.9,9.1,8.9,8.9,331200
C4G,9/23/2024 00:00:00,8.9,9,8.9,9,207700
C4G,9/24/2024 00:00:00,8.9,9,8.9,9,178200
C4G,9/25/2024 00:00:00,9,9.1,8.9,9,602400
C4G,9/26/2024 00:00:00,9,9.1,8.9,9.1,403800
C4G,9/27/2024 00:00:00,9.1,9.1,8.9,9.1,516900
C4G,9/30/2024 00:00:00,9,9.1,8.9,9,393000
C4G,10/1/2024 00:00:00,8.9,9.1,8.9,9,620400
C4G,10/2/2024 00:00:00,9,9,8.9,9,145400
C4G,10/3/2024 00:00:00,9,9,8.8,8.9,589900
C4G,10/4/2024 00:00:00,8.9,8.9,8.8,8.8,288100
C4G,10/7/2024 00:00:00,8.9,8.9,8.7,8.8,750900
C4G,10/8/2024 00:00:00,8.8,8.9,8.7,8.9,207200
C4G,10/9/2024 00:00:00,8.8,8.9,8.8,8.8,145500
C4G,10/10/2024 00:00:00,8.8,8.9,8.7,8.8,187700
C4G,10/11/2024 00:00:00,8.8,8.9,8.7,8.7,111400
C4G,10/14/2024 00:00:00,8.7,8.8,8.6,8.7,519200
C4G,10/15/2024 00:00:00,8.7,8.8,8.6,8.7,509800
C4G,10/16/2024 00:00:00,8.7,8.7,8.6,8.6,259600
C4G,10/17/2024 00:00:00,8.7,8.7,8.6,8.6,356500
C4G,10/18/2024 00:00:00,8.6,8.7,8.6,8.6,150800
C4G,10/21/2024 00:00:00,8.6,8.6,8.5,8.6,195500
C4G,10/22/2024 00:00:00,8.6,8.6,8.4,8.5,432700
C4G,10/23/2024 00:00:00,8.5,8.5,8.3,8.5,471800
C4G,10/24/2024 00:00:00,8.4,8.6,8.4,8.5,236300
C4G,10/25/2024 00:00:00,8.4,8.5,8.3,8.4,344400
C4G,10/28/2024 00:00:00,8.4,8.5,8.4,8.4,114800
C4G,10/29/2024 00:00:00,8.4,8.6,8.4,8.5,228300
C4G,10/30/2024 00:00:00,8.6,8.7,8.5,8.7,380900
C4G,10/31/2024 00:00:00,8.6,8.7,8.5,8.5,247300
C4G,11/1/2024 00:00:00,8.6,8.6,8.4,8.4,240000
C4G,11/4/2024 00:00:00,8.4,8.5,8.3,8.4,178400
C4G,11/5/2024 00:00:00,8.4,8.4,8.3,8.3,211300
C4G,11/6/2024 00:00:00,8.3,8.4,8.2,8.4,270700
C4G,11/7/2024 00:00:00,8.4,8.4,8.3,8.3,224000
C4G,11/8/2024 00:00:00,8.4,8.4,8.2,8.2,164300
C4G,11/11/2024 00:00:00,8.3,8.3,7.9,8,1.05e+006
C4G,11/12/2024 00:00:00,8.1,8.2,8,8.2,251500
C4G,11/13/2024 00:00:00,8.1,8.1,7.9,8.1,329800
C4G,11/14/2024 00:00:00,8,8.1,7.9,8,246300
C4G,11/15/2024 00:00:00,7.9,7.9,7.7,7.8,668700
C4G,11/18/2024 00:00:00,7.8,7.8,7.6,7.8,592900
C4G,11/19/2024 00:00:00,7.7,7.8,7.6,7.7,263300
C4G,11/20/2024 00:00:00,7.6,7.7,7.4,7.7,362300
C4G,11/21/2024 00:00:00,7.6,7.7,7.5,7.6,175700
C4G,11/22/2024 00:00:00,7.6,7.7,7.5,7.6,286600
C4G,11/25/2024 00:00:00,7.6,7.7,7.5,7.7,201000
C4G,11/26/2024 00:00:00,7.5,7.8,7.5,7.7,236500
C4G,11/27/2024 00:00:00,7.8,7.8,7.6,7.7,239900
C4G,11/28/2024 00:00:00,7.8,7.8,7.6,7.7,107000
C4G,11/29/2024 00:00:00,7.7,7.7,7.6,7.6,294500
C4G,12/2/2024 00:00:00,7.6,8,7.6,8,881900
C4G,12/3/2024 00:00:00,7.9,8,7.8,7.9,251200
C4G,12/4/2024 00:00:00,7.8,8,7.8,7.9,373400
C4G,12/5/2024 00:00:00,7.9,8,7.7,8,400600
C4G,12/6/2024 00:00:00,8,8.1,7.8,7.9,474700
C4G,12/9/2024 00:00:00,7.9,8,7.8,7.9,324200
C4G,12/10/2024 00:00:00,7.9,8.1,7.8,8,635100
C4G,12/11/2024 00:00:00,8,8,7.9,8,233900
C4G,12/12/2024 00:00:00,8,8,7.8,7.9,217000
C4G,12/13/2024 00:00:00,7.9,7.9,7.8,7.8,201200
C4G,12/16/2024 00:00:00,7.8,7.9,7.7,7.9,183100
C4G,12/17/2024 00:00:00,7.9,7.9,7.8,7.8,87000
C4G,12/18/2024 00:00:00,7.9,7.9,7.7,7.9,259700
C4G,12/19/2024 00:00:00,7.9,7.9,7.6,7.8,553200
C4G,12/20/2024 00:00:00,7.7,7.8,7.7,7.7,181400
C4G,12/23/2024 00:00:00,7.7,7.8,7.7,7.7,248200
C4G,12/24/2024 00:00:00,7.7,7.8,7.7,7.8,225000
C4G,12/25/2024 00:00:00,7.7,8.4,7.7,8.2,1.6592e+006
C4G,12/26/2024 00:00:00,8.2,8.2,8,8.1,316200
C4G,12/27/2024 00:00:00,8.1,8.1,7.9,8,446700
C4G,12/30/2024 00:00:00,7.6,8.1,7.6,7.9,293500
C4G,12/31/2024 00:00:00,7.9,8,7.8,7.9,247500
C4G,1/2/2025 00:00:00,7.9,8,7.8,7.9,194700
C4G,1/3/2025 00:00:00,8,8,7.8,7.9,178000
C4G,1/6/2025 00:00:00,7.7,7.9,7.7,7.7,254900
C4G,1/7/2025 00:00:00,7.8,7.8,7.7,7.7,198600
C4G,1/8/2025 00:00:00,7.7,7.8,7.6,7.8,225200
C4G,1/9/2025 00:00:00,8.3,8.3,7.7,7.7,117900
C4G,1/10/2025 00:00:00,7.8,7.8,7.6,7.7,271800
C4G,1/13/2025 00:00:00,7.7,7.9,7.6,7.7,340800
C4G,1/14/2025 00:00:00,7.8,7.8,7.7,7.7,196800
C4G,1/15/2025 00:00:00,7.8,8.2,7.7,8.1,1.5475e+006
C4G,1/16/2025 00:00:00,8.1,8.2,8,8,261500
C4G,1/17/2025 00:00:00,8,8.1,7.9,8.1,730900
C4G,1/20/2025 00:00:00,8.1,8.3,8,8.2,461500
C4G,1/21/2025 00:00:00,8.2,8.2,8,8.1,237900
C4G,1/22/2025 00:00:00,8.2,8.3,7.9,8,316900
C4G,1/23/2025 00:00:00,7.9,8,7.8,8,737900
C4G,1/24/2025 00:00:00,7.9,8,7.8,8,283600
C4G,2/3/2025 00:00:00,8,8.1,7.9,8,456800
C4G,2/4/2025 00:00:00,8.1,8.5,8,8.5,2.1439e+006
C4G,2/5/2025 00:00:00,8.5,8.5,8.3,8.4,569000
C4G,2/6/2025 00:00:00,8.3,8.4,8.2,8.4,729100
C4G,2/7/2025 00:00:00,8.3,8.5,8.2,8.4,1.061e+006
C4G,2/10/2025 00:00:00,8.4,8.6,8.4,8.5,1.1199e+006
C4G,2/11/2025 00:00:00,8.5,8.9,8.5,8.8,1.5864e+006
C4G,2/12/2025 00:00:00,8.8,9,8.6,8.8,1.221e+006
C4G,2/13/2025 00:00:00,8.8,8.8,8.6,8.8,569800
C4G,2/14/2025 00:00:00,8.8,9,8.7,8.8,793900
C4G,2/17/2025 00:00:00,8.8,9,8.7,8.9,1.2653e+006
C4G,2/18/2025 00:00:00,8.9,8.9,8.7,8.9,901600
C4G,2/19/2025 00:00:00,8.9,8.9,8.7,8.9,838300
C4G,2/20/2025 00:00:00,8.8,8.9,8.7,8.9,934100
C4G,2/21/2025 00:00:00,8.8,9.3,8.7,9.1,1.9106e+006
C4G,2/24/2025 00:00:00,9.1,9.1,8.9,9,863100
C4G,2/25/2025 00:00:00,9,9.1,8.8,8.9,1.2459e+006
C4G,2/26/2025 00:00:00,8.9,8.9,8.7,8.7,967000
C4G,2/27/2025 00:00:00,8.8,8.8,8.6,8.8,796400
C4G,2/28/2025 00:00:00,8.8,8.8,8.7,8.8,495200
C4G,3/3/2025 00:00:00,8.8,8.8,8.5,8.6,1.0666e+006
C4G,3/4/2025 00:00:00,8.6,8.8,8.5,8.7,647800
C4G,3/5/2025 00:00:00,8.6,8.7,8.5,8.6,585500
C4G,3/6/2025 00:00:00,8.6,8.6,8.5,8.6,455800
C4G,3/7/2025 00:00:00,8.6,8.8,8.6,8.8,1.0237e+006
C4G,3/10/2025 00:00:00,8.8,8.8,8.6,8.8,1.4201e+006
C4G,3/11/2025 00:00:00,8.8,9,8.6,8.9,1.11e+006
C4G,3/12/2025 00:00:00,8.8,8.9,8.7,8.7,419300
C4G,3/13/2025 00:00:00,8.8,8.8,8.4,8.5,992200
C4G,3/14/2025 00:00:00,8.4,8.6,8.4,8.6,655800
C4G,3/17/2025 00:00:00,8.5,8.6,8.4,8.5,780800
C4G,3/18/2025 00:00:00,8.6,8.7,8.4,8.6,613600
C4G,3/19/2025 00:00:00,8.6,8.6,8.5,8.5,464600
C4G,3/20/2025 00:00:00,8.5,8.6,8.4,8.6,387000
C4G,3/21/2025 00:00:00,8.5,8.6,8.5,8.5,296000
C4G,3/24/2025 00:00:00,8.5,8.6,8.4,8.5,924000
C4G,3/25/2025 00:00:00,8.5,8.6,8.4,8.5,523200
C4G,3/26/2025 00:00:00,8.5,8.5,8.4,8.5,301100
C4G,3/27/2025 00:00:00,8.4,8.5,8.3,8.4,447600
C4G,3/28/2025 00:00:00,8.4,8.4,8.2,8.3,459700
C4G,3/31/2025 00:00:00,8.3,8.4,8.2,8.3,311000
C4G,4/1/2025 00:00:00,8.3,8.4,8.2,8.3,265000
C4G,4/2/2025 00:00:00,8,8.4,8,8.2,767800
C4G,4/3/2025 00:00:00,8.2,8.2,7,7.1,3.9298e+006
C4G,4/4/2025 00:00:00,7,7.3,6.4,7,2.0852e+006
C4G,4/8/2025 00:00:00,7,7,5.9,6,2.0048e+006
C4G,4/9/2025 00:00:00,6,6.3,5.6,6,1.5524e+006
C4G,4/10/2025 00:00:00,6.7,6.7,6.7,6.7,204100
C4G,4/11/2025 00:00:00,7.4,7.7,6.9,7.3,1.8213e+006
C4G,4/14/2025 00:00:00,7.2,7.4,7.1,7.3,751300
C4G,4/15/2025 00:00:00,7.3,7.4,7,7.1,832600
C4G,4/16/2025 00:00:00,7.1,7.3,7.1,7.1,521000
C4G,4/17/2025 00:00:00,7.1,7.3,7.1,7.2,449000
C4G,4/18/2025 00:00:00,7.2,7.4,7.2,7.3,724800
C4G,4/21/2025 00:00:00,7.3,7.4,7.2,7.3,265700
C4G,4/22/2025 00:00:00,7.2,7.3,6.6,7.1,1.2162e+006
C4G,4/23/2025 00:00:00,7.2,7.3,7.1,7.2,437800
C4G,4/24/2025 00:00:00,7.2,7.3,7.1,7.2,267200
C4G,4/25/2025 00:00:00,7.1,7.4,7.1,7.3,767400
C4G,4/28/2025 00:00:00,7.3,7.4,7.2,7.2,449400
C4G,4/29/2025 00:00:00,7.2,7.3,7.1,7.3,474600
C4G,5/5/2025 00:00:00,7.3,7.3,7.2,7.3,241100
C4G,5/6/2025 00:00:00,7.3,7.4,7.2,7.3,654200
C4G,5/7/2025 00:00:00,7.3,7.3,7.1,7.2,1.0445e+006
C4G,5/8/2025 00:00:00,7.2,7.3,7.1,7.3,1.6786e+006
C4G,5/9/2025 00:00:00,7.3,7.4,7.2,7.2,793700
C4G,5/12/2025 00:00:00,7.2,7.2,7,7.2,993100
C4G,5/13/2025 00:00:00,7.2,7.3,7.1,7.3,583100
C4G,5/14/2025 00:00:00,7.2,7.3,7.1,7.2,730900
C4G,5/15/2025 00:00:00,7.3,7.4,7.2,7.4,1.1681e+006
C4G,5/16/2025 00:00:00,7.4,7.8,7.3,7.5,2.0054e+006
C4G,5/19/2025 00:00:00,7.5,7.7,7.4,7.4,754900
C4G,5/20/2025 00:00:00,7.2,7.5,7.2,7.3,823500
C4G,5/21/2025 00:00:00,7.4,7.6,7.2,7.6,1.6595e+006
C4G,5/22/2025 00:00:00,7.5,7.6,7.3,7.5,632000
C4G,5/23/2025 00:00:00,7.5,7.5,7.3,7.3,683800
C4G,5/26/2025 00:00:00,7.2,7.4,7.2,7.3,558400
C4G,5/27/2025 00:00:00,7.4,7.5,7.3,7.5,1.1446e+006
C4G,5/28/2025 00:00:00,7.5,7.8,7.5,7.7,1.8219e+006
C4G,5/29/2025 00:00:00,7.7,7.7,7.5,7.7,711000
C4G,5/30/2025 00:00:00,7.6,7.7,7.3,7.5,679000
C4G,6/2/2025 00:00:00,7.5,7.7,7.3,7.6,1.0871e+006
C4G,6/3/2025 00:00:00,7.5,8.2,7.5,8.1,3.0398e+006
C4G,6/4/2025 00:00:00,8.2,8.6,8.2,8.3,2.3833e+006
C4G,6/5/2025 00:00:00,8.4,8.8,8.3,8.5,2.5347e+006
C4G,6/6/2025 00:00:00,8.5,8.6,8.2,8.4,1.7963e+006
C4G,6/9/2025 00:00:00,8.4,8.4,7.9,8,1.2533e+006
C4G,6/10/2025 00:00:00,8,8.2,7.9,8.1,854197
C4G,6/11/2025 00:00:00,8.1,8.2,8,8.1,509200
C4G,6/12/2025 00:00:00,8.1,8.5,8.1,8.3,1.4129e+006
C4G,6/13/2025 00:00:00,8.3,8.3,8,8.1,1.5391e+006
C4G,6/16/2025 00:00:00,8,8.2,8,8.2,866000
C4G,6/17/2025 00:00:00,8.1,8.4,8.1,8.2,647100
C4G,6/18/2025 00:00:00,8.2,8.4,8.1,8.2,830700
C4G,6/19/2025 00:00:00,8.2,8.2,8,8.2,622700
C4G,6/20/2025 00:00:00,8.2,8.2,8,8.2,478200
C4G,6/23/2025 00:00:00,8.1,8.1,7.9,8.1,527200
C4G,6/24/2025 00:00:00,8.1,8.2,8,8.2,591300
C4G,6/25/2025 00:00:00,8.2,8.7,8.2,8.5,3.2993e+006
C4G,6/26/2025 00:00:00,8.5,8.5,8.3,8.5,978500
C4G,6/27/2025 00:00:00,8.5,8.5,8.2,8.3,1.6196e+006
C4G,6/30/2025 00:00:00,8.3,8.4,8.1,8.2,1.5299e+006
C4G,7/1/2025 00:00:00,8.2,8.6,8.1,8.2,1.4825e+006
C4G,7/2/2025 00:00:00,8.2,8.3,8.1,8.2,922300
C4G,7/3/2025 00:00:00,8.1,8.3,8,8,1.1577e+006
C4G,7/4/2025 00:00:00,8.1,8.2,8.1,8.2,736200
C4G,7/7/2025 00:00:00,8.2,8.2,8.1,8.2,693500
C4G,7/8/2025 00:00:00,8.2,8.4,8.2,8.4,1.8876e+006
C4G,7/9/2025 00:00:00,8.4,8.6,8.3,8.5,2.6521e+006
C4G,7/10/2025 00:00:00,8.5,8.6,8.3,8.4,1.3845e+006
C4G,7/11/2025 00:00:00,8.4,8.4,8.2,8.3,1.3686e+006
C4G,7/14/2025 00:00:00,8.3,8.4,8.1,8.4,1.097e+006
C4G,7/15/2025 00:00:00,8.4,8.5,8.2,8.3,1.3283e+006
C4G,7/16/2025 00:00:00,8.3,9,8.2,8.7,4.1999e+006
C4G,7/17/2025 00:00:00,8.7,9.2,8.7,9.1,4.6576e+006
C4G,7/18/2025 00:00:00,9,9.1,8.6,8.9,2.4417e+006
C4G,7/21/2025 00:00:00,8.9,9.3,8.7,8.8,2.1479e+006
C4G,7/22/2025 00:00:00,8.7,8.9,8.6,8.8,1.3334e+006
C4G,7/23/2025 00:00:00,8.8,9.2,8.8,9,3.0839e+006
C4G,7/24/2025 00:00:00,8.8,9,8.8,8.9,1.4355e+006
C4G,7/25/2025 00:00:00,9,9.1,8.9,9,2.1731e+006
C4G,7/28/2025 00:00:00,9,9.3,9,9.3,3.514e+006
C4G,7/29/2025 00:00:00,9.3,9.5,8.7,8.8,5.3933e+006
C4G,7/30/2025 00:00:00,8.6,9.1,8.6,8.9,1.9616e+006
C4G,7/31/2025 00:00:00,8.9,8.9,8.6,8.8,2.2518e+006
C4G,8/1/2025 00:00:00,8.8,9.1,8.6,8.9,1.7888e+006
C4G,8/4/2025 00:00:00,8.9,9.2,8.8,9.2,3.0064e+006
C4G,8/5/2025 00:00:00,8.9,9.5,8.9,9.2,5.9454e+006
C4G,8/6/2025 00:00:00,9.2,9.5,9.1,9.4,1.9201e+006
C4G,8/7/2025 00:00:00,9.4,9.5,9.2,9.5,5.219e+006
C4G,8/8/2025 00:00:00,9.6,9.8,9.4,9.6,3.9706e+006
C4G,8/11/2025 00:00:00,9.6,10.3,9.6,10,5.5091e+006
C4G,8/12/2025 00:00:00,10.2,10.2,9.7,9.9,2.965e+006
C4G,8/13/2025 00:00:00,9.9,10.1,9.5,9.9,3.5847e+006
C4G,8/14/2025 00:00:00,9.9,9.9,9.6,9.8,2.1956e+006
C4G,8/15/2025 00:00:00,9.8,9.8,9.3,9.5,4.1117e+006
C4G,8/18/2025 00:00:00,9.5,10.5,9.5,10.4,6.4675e+006
C4G,8/19/2025 00:00:00,10.4,10.9,10.2,10.6,5.4128e+006
C4G,8/20/2025 00:00:00,10.8,10.8,9.5,10.1,6.1334e+006
C4G,8/21/2025 00:00:00,10.3,10.3,9.7,9.7,2.1293e+006
C4G,8/22/2025 00:00:00,9.7,9.7,9.2,9.3,4.1553e+006
