Ticker,Date,Open,High,Low,Close,Volume
POW,3/7/2018 00:00:00,17.6513,17.6513,16.0025,16.2935,7.17439e+006
POW,3/8/2018 00:00:00,16.6814,16.9724,16.1965,16.6814,6.82494e+006
POW,3/9/2018 00:00:00,16.5844,17.0693,16.5844,16.9724,5.30949e+006
POW,3/12/2018 00:00:00,17.1663,17.1663,16.6814,16.7784,4.34375e+006
POW,3/13/2018 00:00:00,16.7784,16.8754,16.5844,16.6814,4.45417e+006
POW,3/14/2018 00:00:00,16.6814,16.7784,16.3905,16.4874,4.45542e+006
POW,3/15/2018 00:00:00,16.5844,16.5844,16.0995,16.1965,3.70487e+006
POW,3/16/2018 00:00:00,16.1965,16.6814,16.1965,16.5844,3.92343e+006
POW,3/19/2018 00:00:00,16.6814,16.6814,16.2935,16.4874,2.65266e+006
POW,3/20/2018 00:00:00,16.4874,16.4874,16.1965,16.1965,2.46988e+006
POW,3/21/2018 00:00:00,16.4874,16.4874,16.1965,16.1965,1.92905e+006
POW,3/22/2018 00:00:00,16.2935,16.2935,15.5176,15.8085,3.13106e+006
POW,3/23/2018 00:00:00,15.5176,15.7116,15.1296,15.6146,3.35639e+006
POW,3/26/2018 00:00:00,15.5176,15.5176,15.1296,15.2266,1.93283e+006
POW,3/27/2018 00:00:00,15.2266,15.5176,15.1296,15.1296,1.05548e+006
POW,3/28/2018 00:00:00,15.1296,15.2266,15.0327,15.1296,1.6942e+006
POW,3/29/2018 00:00:00,15.2266,16.0995,15.1296,15.7116,2.10391e+006
POW,3/30/2018 00:00:00,15.8085,16.1965,15.7116,16.0995,2.3541e+006
POW,4/2/2018 00:00:00,16.0995,16.2935,15.9055,16.0995,2.5776e+006
POW,4/3/2018 00:00:00,16.0995,16.0995,15.5176,15.7116,2.2569e+006
POW,4/4/2018 00:00:00,16.0025,16.3905,15.7116,15.9055,2.4021e+006
POW,4/5/2018 00:00:00,16.0025,16.0995,15.6146,15.7116,1.7251e+006
POW,4/6/2018 00:00:00,15.7116,15.8085,15.4206,15.6146,1.7312e+006
POW,4/9/2018 00:00:00,15.6146,15.6146,15.2266,15.5176,1.7338e+006
POW,4/10/2018 00:00:00,15.4206,15.6146,15.2266,15.4206,1.4849e+006
POW,4/11/2018 00:00:00,15.4206,15.5176,14.8387,15.1296,2.0533e+006
POW,4/12/2018 00:00:00,15.1296,15.2266,15.0327,15.2266,976900
POW,4/13/2018 00:00:00,15.1296,15.2266,14.8387,15.1296,1.5037e+006
POW,4/16/2018 00:00:00,15.2266,15.4206,14.8387,15.0327,1.6987e+006
POW,4/17/2018 00:00:00,15.0327,15.1296,14.8387,15.1296,742400
POW,4/18/2018 00:00:00,15.1296,15.1296,14.5477,14.6447,1.6838e+006
POW,4/19/2018 00:00:00,14.7417,14.7417,14.0628,14.1598,2.2366e+006
POW,4/20/2018 00:00:00,14.0628,14.2568,13.7719,14.1598,1.4609e+006
POW,4/23/2018 00:00:00,14.2568,14.3538,12.996,13.7719,859600
POW,4/24/2018 00:00:00,13.7719,13.8688,13.2869,13.3839,1.1091e+006
POW,4/26/2018 00:00:00,13.9658,14.0628,13.093,13.1899,2.1159e+006
POW,4/27/2018 00:00:00,13.3839,13.3839,12.996,13.1899,1.1006e+006
POW,5/2/2018 00:00:00,13.1899,13.7719,12.996,13.093,1.171e+006
POW,5/3/2018 00:00:00,13.1899,13.1899,12.5111,12.899,1.7368e+006
POW,5/4/2018 00:00:00,12.802,13.093,12.802,12.996,976400
POW,5/7/2018 00:00:00,13.3839,14.6447,13.1899,13.9658,1.9442e+006
POW,5/8/2018 00:00:00,14.1598,14.1598,13.7719,13.9658,1.5372e+006
POW,5/9/2018 00:00:00,13.9658,14.4508,13.7719,13.7719,1.083e+006
POW,5/10/2018 00:00:00,13.7719,13.8688,13.2869,13.2869,1.152e+006
POW,5/11/2018 00:00:00,13.3839,13.6749,13.2869,13.5779,819000
POW,5/14/2018 00:00:00,13.5779,13.7719,13.3839,13.6749,623100
POW,5/15/2018 00:00:00,13.3839,14.1598,13.3839,13.9658,1.8951e+006
POW,5/16/2018 00:00:00,14.0628,14.1598,13.8688,14.0628,693800
POW,5/17/2018 00:00:00,14.0628,14.1598,13.8688,14.0628,1.1844e+006
POW,5/18/2018 00:00:00,14.0628,14.5477,13.9658,14.3538,1.9764e+006
POW,5/21/2018 00:00:00,14.3538,14.5477,13.9658,14.1598,3.1607e+006
POW,5/22/2018 00:00:00,13.9658,14.0628,13.1899,13.5779,1.4289e+006
POW,5/23/2018 00:00:00,13.3839,13.9658,13.2869,13.7719,1.919e+006
POW,5/24/2018 00:00:00,13.7719,13.9658,13.4809,13.7719,388100
POW,5/25/2018 00:00:00,13.5779,13.9658,13.4809,13.7719,2.1979e+006
POW,5/28/2018 00:00:00,13.5779,13.6749,12.802,12.996,2.1705e+006
POW,5/29/2018 00:00:00,12.899,13.5779,12.899,13.4809,728400
POW,5/30/2018 00:00:00,13.3839,13.4809,13.093,13.2869,475700
POW,5/31/2018 00:00:00,13.2869,13.6749,13.1899,13.5779,1.8303e+006
POW,6/1/2018 00:00:00,13.4809,13.6749,13.4809,13.6749,957800
POW,6/4/2018 00:00:00,13.6749,13.7719,13.4809,13.7719,745100
POW,6/5/2018 00:00:00,13.7719,13.9658,13.5779,13.7719,2.9049e+006
POW,6/6/2018 00:00:00,13.7719,13.8688,13.6749,13.6749,1.1866e+006
POW,6/7/2018 00:00:00,13.7719,13.8688,13.5779,13.5779,973800
POW,6/8/2018 00:00:00,13.5779,13.6749,13.1899,13.4809,2.02e+006
POW,6/11/2018 00:00:00,13.3839,13.4809,13.1899,13.4809,512900
POW,6/12/2018 00:00:00,13.2869,13.2869,13.093,13.1899,517300
POW,6/13/2018 00:00:00,13.1899,13.3839,13.093,13.2869,790800
POW,6/14/2018 00:00:00,13.1899,13.3839,13.1899,13.1899,729000
POW,6/15/2018 00:00:00,13.1899,13.3839,13.093,13.3839,830800
POW,6/18/2018 00:00:00,13.3839,13.4809,12.996,13.093,1.0326e+006
POW,6/19/2018 00:00:00,13.093,13.093,12.2201,12.5111,1.394e+006
POW,6/20/2018 00:00:00,12.608,13.093,12.1231,12.608,2.1752e+006
POW,6/21/2018 00:00:00,12.705,12.802,12.4141,12.608,1.6901e+006
POW,6/22/2018 00:00:00,12.608,12.899,12.608,12.608,942700
POW,6/25/2018 00:00:00,12.899,12.996,12.705,12.705,986100
POW,6/26/2018 00:00:00,12.899,13.093,12.4141,13.093,2.8459e+006
POW,6/27/2018 00:00:00,13.3839,13.3839,12.802,12.802,712900
POW,6/28/2018 00:00:00,12.899,12.996,12.608,12.705,635900
POW,6/29/2018 00:00:00,12.705,12.899,12.5111,12.705,831500
POW,7/2/2018 00:00:00,12.705,12.705,12.3171,12.4141,730400
POW,7/3/2018 00:00:00,12.4141,12.5111,12.0261,12.0261,1.1937e+006
POW,7/4/2018 00:00:00,12.0261,12.1231,11.6382,12.0261,1.1507e+006
POW,7/5/2018 00:00:00,11.9291,12.0261,11.3472,11.6382,816400
POW,7/6/2018 00:00:00,11.6382,11.7352,11.0563,11.4442,1.8688e+006
POW,7/9/2018 00:00:00,11.4442,11.7352,11.0563,11.3472,1.4072e+006
POW,7/10/2018 00:00:00,11.5412,11.5412,10.9593,11.2503,851600
POW,7/11/2018 00:00:00,11.2503,11.2503,10.4744,10.7653,1.2952e+006
POW,7/12/2018 00:00:00,10.6683,10.6683,10.3774,10.6683,1.3177e+006
POW,7/13/2018 00:00:00,10.4744,10.6683,10.3774,10.6683,489900
POW,7/16/2018 00:00:00,10.5714,10.7653,10.5714,10.6683,315300
POW,7/17/2018 00:00:00,10.7653,10.7653,10.5714,10.6683,697500
POW,7/18/2018 00:00:00,10.6683,11.4442,10.5714,11.4442,2.205e+006
POW,7/19/2018 00:00:00,11.3472,12.802,11.3472,12.608,3.7568e+006
POW,7/20/2018 00:00:00,12.608,12.608,12.2201,12.5111,1.2447e+006
POW,7/23/2018 00:00:00,12.5111,12.5111,12.1231,12.2201,802000
POW,7/24/2018 00:00:00,12.2201,12.5111,11.9291,12.2201,1.5341e+006
POW,7/25/2018 00:00:00,12.2201,12.4141,12.2201,12.2201,1.128e+006
POW,7/26/2018 00:00:00,12.2201,12.4141,12.1231,12.3171,607800
POW,7/27/2018 00:00:00,12.3171,12.802,12.1231,12.705,2.084e+006
POW,7/30/2018 00:00:00,12.705,12.899,12.608,12.802,1.0769e+006
POW,7/31/2018 00:00:00,12.705,12.899,12.5111,12.705,1.0403e+006
POW,8/1/2018 00:00:00,12.608,12.705,12.4141,12.608,869500
POW,8/2/2018 00:00:00,12.5111,12.608,12.3171,12.5111,503300
POW,8/3/2018 00:00:00,12.608,13.1899,12.5111,12.899,2.3119e+006
POW,8/6/2018 00:00:00,13.093,13.093,12.802,12.899,553700
POW,8/7/2018 00:00:00,12.802,12.996,12.705,12.899,721700
POW,8/8/2018 00:00:00,12.996,13.3839,12.802,13.2869,2.6194e+006
POW,8/9/2018 00:00:00,13.3839,13.6749,13.1899,13.4809,2.1642e+006
POW,8/10/2018 00:00:00,13.4809,13.4809,13.093,13.4809,1.1473e+006
POW,8/13/2018 00:00:00,13.2869,13.4809,13.1899,13.2869,1.9846e+006
POW,8/14/2018 00:00:00,13.2869,13.2869,12.996,12.996,988000
POW,8/15/2018 00:00:00,13.093,13.1899,12.4141,12.608,1.1691e+006
POW,8/16/2018 00:00:00,12.5111,12.608,12.3171,12.608,942200
POW,8/17/2018 00:00:00,12.802,12.996,12.608,12.802,808000
POW,8/20/2018 00:00:00,12.802,12.899,12.608,12.608,270800
POW,8/21/2018 00:00:00,12.705,12.899,12.608,12.608,471200
POW,8/22/2018 00:00:00,12.802,12.899,12.608,12.705,502700
POW,8/23/2018 00:00:00,12.802,12.899,12.705,12.802,448000
POW,8/24/2018 00:00:00,12.899,12.899,12.705,12.705,273200
POW,8/27/2018 00:00:00,12.705,12.899,12.608,12.899,1.1366e+006
POW,8/28/2018 00:00:00,12.899,12.996,12.802,12.899,1.5273e+006
POW,8/29/2018 00:00:00,12.899,13.5779,12.899,13.4809,3.3997e+006
POW,8/30/2018 00:00:00,13.4809,13.7719,13.2869,13.6749,2.0038e+006
POW,8/31/2018 00:00:00,13.8688,13.8688,13.4809,13.6749,3.188e+006
POW,9/4/2018 00:00:00,13.6749,13.6749,13.3839,13.3839,1.6501e+006
POW,9/5/2018 00:00:00,13.2869,13.3839,12.996,13.2869,1.4628e+006
POW,9/6/2018 00:00:00,13.093,13.4809,13.093,13.3839,590900
POW,9/7/2018 00:00:00,13.2869,13.7719,13.2869,13.6749,1.9861e+006
POW,9/10/2018 00:00:00,13.7719,14.1598,13.6749,14.1598,4.0483e+006
POW,9/11/2018 00:00:00,14.1598,14.5477,14.0628,14.5477,4.406e+006
POW,9/12/2018 00:00:00,14.5477,14.6447,14.2568,14.2568,1.7123e+006
POW,9/13/2018 00:00:00,14.2568,14.4508,14.1598,14.2568,1.4749e+006
POW,9/14/2018 00:00:00,14.1598,14.5477,14.1598,14.3538,1.2994e+006
POW,9/17/2018 00:00:00,14.3538,14.8387,14.3538,14.6447,2.7219e+006
POW,9/18/2018 00:00:00,14.6447,14.6447,14.4508,14.6447,2.8655e+006
POW,9/19/2018 00:00:00,14.6447,14.9357,14.4508,14.8387,2.6214e+006
POW,9/20/2018 00:00:00,14.9357,15.9055,14.9357,15.8085,4.0099e+006
POW,9/21/2018 00:00:00,16.0025,16.0025,15.0327,15.4206,3.3213e+006
POW,9/24/2018 00:00:00,15.4206,15.6146,15.2266,15.4206,1.8592e+006
POW,9/25/2018 00:00:00,15.3236,15.8085,15.3236,15.6146,2.6154e+006
POW,9/26/2018 00:00:00,15.6146,15.7116,15.4206,15.5176,2.1192e+006
POW,9/27/2018 00:00:00,15.5176,15.7116,15.4206,15.7116,2.0968e+006
POW,9/28/2018 00:00:00,15.7116,16.1965,15.7116,16.1965,5.9837e+006
POW,10/1/2018 00:00:00,16.1965,16.3905,15.9055,16.0025,3.4733e+006
POW,10/2/2018 00:00:00,16.1965,16.2935,15.9055,16.0995,4.3648e+006
POW,10/3/2018 00:00:00,16.0025,16.1965,15.9055,16.0995,1.7055e+006
POW,10/4/2018 00:00:00,16.2935,16.2935,15.9055,16.0025,3.3014e+006
POW,10/5/2018 00:00:00,16.0025,16.0025,15.3236,15.4206,3.3672e+006
POW,10/8/2018 00:00:00,15.6146,15.6146,14.9357,15.0327,2.4455e+006
POW,10/9/2018 00:00:00,15.0327,15.1296,14.5477,14.7417,2.1494e+006
POW,10/10/2018 00:00:00,14.8387,15.1296,14.6447,15.0327,1.646e+006
POW,10/11/2018 00:00:00,14.7417,14.8387,13.3839,13.9658,4.0189e+006
POW,10/12/2018 00:00:00,13.6749,14.7417,13.3839,14.6447,2.8663e+006
POW,10/15/2018 00:00:00,14.6447,14.7417,14.2568,14.3538,1.2754e+006
POW,10/16/2018 00:00:00,14.4508,14.5477,14.0628,14.1598,1.8527e+006
POW,10/17/2018 00:00:00,14.3538,14.7417,14.2568,14.3538,989400
POW,10/18/2018 00:00:00,14.3538,14.4508,13.9658,13.9658,1.4739e+006
POW,10/19/2018 00:00:00,13.9658,13.9658,13.6749,13.7719,2.1064e+006
POW,10/22/2018 00:00:00,13.8688,14.0628,13.6749,13.7719,803800
POW,10/23/2018 00:00:00,13.6749,13.7719,13.3839,13.6749,1.6583e+006
POW,10/24/2018 00:00:00,13.5779,13.7719,12.996,13.2869,1.6571e+006
POW,10/25/2018 00:00:00,12.899,13.3839,12.608,13.3839,1.658e+006
POW,10/26/2018 00:00:00,13.2869,13.5779,13.1899,13.3839,592100
POW,10/29/2018 00:00:00,13.2869,13.3839,13.093,13.093,625800
POW,10/30/2018 00:00:00,13.1899,13.1899,12.996,13.1899,809900
POW,10/31/2018 00:00:00,13.3839,13.5779,13.1899,13.4809,822900
POW,11/1/2018 00:00:00,13.3839,13.3839,13.1899,13.1899,455500
POW,11/2/2018 00:00:00,13.1899,13.4809,13.1899,13.3839,559700
POW,11/5/2018 00:00:00,13.2869,13.4809,13.1899,13.3839,493900
POW,11/6/2018 00:00:00,13.3839,13.7719,13.3839,13.5779,1.1496e+006
POW,11/7/2018 00:00:00,13.5779,13.5779,13.2869,13.4809,385600
POW,11/8/2018 00:00:00,13.5779,13.9658,13.4809,13.9658,1.5415e+006
POW,11/9/2018 00:00:00,13.8688,13.8688,13.3839,13.3839,865600
POW,11/12/2018 00:00:00,13.2869,13.5779,13.2869,13.4809,421800
POW,11/13/2018 00:00:00,13.3839,13.4809,13.1899,13.3839,586500
POW,11/14/2018 00:00:00,13.2869,13.3839,12.996,13.093,666700
POW,11/15/2018 00:00:00,13.1899,13.1899,12.899,12.996,435000
POW,11/16/2018 00:00:00,13.093,13.9658,13.093,13.7719,2.0295e+006
POW,11/19/2018 00:00:00,13.9658,14.1598,13.6749,13.8688,1.0831e+006
POW,11/20/2018 00:00:00,13.7719,13.8688,13.5779,13.7719,608800
POW,11/21/2018 00:00:00,13.5779,13.8688,13.2869,13.7719,705800
POW,11/22/2018 00:00:00,13.6749,14.1598,13.6749,14.1598,1.7129e+006
POW,11/23/2018 00:00:00,14.3538,14.3538,13.8688,13.9658,1.2794e+006
POW,11/26/2018 00:00:00,13.9658,14.8387,13.9658,14.6447,1.481e+006
POW,11/27/2018 00:00:00,14.6447,14.7417,14.2568,14.3538,1.1155e+006
POW,11/28/2018 00:00:00,14.4508,14.5477,14.3538,14.4508,647400
POW,11/29/2018 00:00:00,14.5477,14.6447,14.1598,14.2568,1.2193e+006
POW,11/30/2018 00:00:00,14.2568,14.3538,14.0628,14.3538,738300
POW,12/3/2018 00:00:00,14.5477,14.6447,14.3538,14.5477,1.2553e+006
POW,12/4/2018 00:00:00,14.5477,15.2266,14.5477,15.1296,3.4826e+006
POW,12/5/2018 00:00:00,14.9357,15.1296,14.7417,15.1296,1.7996e+006
POW,12/6/2018 00:00:00,15.1296,15.1296,14.7417,14.9357,1.6157e+006
POW,12/7/2018 00:00:00,14.9357,15.0327,14.8387,15.0327,1.2042e+006
POW,12/10/2018 00:00:00,15.0327,15.0327,14.7417,14.8387,1.1763e+006
POW,12/11/2018 00:00:00,14.7417,14.8387,14.4508,14.5477,1.7401e+006
POW,12/12/2018 00:00:00,14.6447,14.9357,14.6447,14.8387,540000
POW,12/13/2018 00:00:00,14.9357,15.0327,14.8387,14.9357,896600
POW,12/14/2018 00:00:00,14.9357,15.0327,14.7417,14.7417,1.0835e+006
POW,12/17/2018 00:00:00,14.8387,14.8387,14.3538,14.3538,983100
POW,12/18/2018 00:00:00,14.2568,14.5477,13.9658,14.5477,1.8795e+006
POW,12/19/2018 00:00:00,14.5477,14.6447,14.3538,14.5477,1.0348e+006
POW,12/20/2018 00:00:00,14.3538,14.6447,13.9658,14.5477,707100
POW,12/21/2018 00:00:00,14.5477,14.5477,14.3538,14.5477,951400
POW,12/24/2018 00:00:00,12.996,14.5477,12.996,14.3538,947300
POW,12/25/2018 00:00:00,14.1598,14.3538,13.7719,14.2568,1.4875e+006
POW,12/26/2018 00:00:00,14.2568,14.4508,14.2568,14.4508,1.4066e+006
POW,12/27/2018 00:00:00,14.5477,15.6146,14.4508,15.5176,6.7069e+006
POW,1/14/2019 00:00:00,15.2266,15.3236,14.8387,15.1296,5.01235e+006
POW,1/15/2019 00:00:00,15.1781,15.3236,14.8872,15.2266,2.16951e+006
POW,1/16/2019 00:00:00,15.2266,15.2266,15.0812,15.1296,2.14325e+006
POW,1/17/2019 00:00:00,15.0812,15.2266,14.9842,15.1296,2.11362e+006
POW,1/18/2019 00:00:00,15.0327,15.0812,14.7417,14.7417,1.44878e+006
POW,1/21/2019 00:00:00,14.7417,15.0812,14.3538,14.8872,1.81719e+006
POW,1/22/2019 00:00:00,14.8872,15.0812,14.8872,15.0327,1.76814e+006
POW,1/23/2019 00:00:00,15.0327,15.0327,14.8872,15.0327,977240
POW,1/24/2019 00:00:00,14.9357,15.0327,14.8872,14.9357,517110
POW,1/25/2019 00:00:00,14.9357,14.9357,14.8387,14.9357,435200
POW,1/28/2019 00:00:00,14.9357,15.3721,14.9357,15.2751,3.06488e+006
POW,1/29/2019 00:00:00,15.3236,15.9055,15.1781,15.8085,4.98023e+006
POW,1/30/2019 00:00:00,15.8085,16.8269,15.8085,16.2935,7.55294e+006
POW,1/31/2019 00:00:00,16.2935,16.4389,15.9055,15.954,2.36238e+006
POW,2/1/2019 00:00:00,15.857,16.1965,15.857,16.051,1.6192e+006
POW,2/11/2019 00:00:00,16.148,16.5844,16.148,16.4389,3.75238e+006
POW,2/12/2019 00:00:00,16.4874,16.4874,16.342,16.3905,2.68651e+006
POW,2/13/2019 00:00:00,16.3905,16.3905,16.1965,16.342,3.91611e+006
POW,2/14/2019 00:00:00,16.2935,16.6814,16.1965,16.342,5.0899e+006
POW,2/15/2019 00:00:00,16.4389,16.4874,16.245,16.245,3.05596e+006
POW,2/18/2019 00:00:00,16.342,16.9724,16.342,16.9724,8.48999e+006
POW,2/19/2019 00:00:00,16.9724,17.0693,16.3905,16.4389,3.70211e+006
POW,2/20/2019 00:00:00,16.3905,16.4874,16.051,16.051,3.39129e+006
POW,2/21/2019 00:00:00,16.0025,16.2935,15.857,15.954,4.53699e+006
POW,2/22/2019 00:00:00,15.954,16.051,15.4691,15.7116,5.37794e+006
POW,2/25/2019 00:00:00,15.7116,16.0025,15.7116,15.9055,1.89347e+006
POW,2/26/2019 00:00:00,15.9055,15.954,15.6631,15.76,1.67595e+006
POW,2/27/2019 00:00:00,15.76,16.0025,15.76,15.9055,1.36559e+006
POW,2/28/2019 00:00:00,15.954,15.954,15.6146,15.6146,1.69205e+006
POW,3/1/2019 00:00:00,15.6146,16.1965,15.5661,16.1965,2.60383e+006
POW,3/4/2019 00:00:00,16.2935,16.4389,15.954,15.954,2.02492e+006
POW,3/5/2019 00:00:00,16.0995,16.5844,15.954,16.2935,3.90761e+006
POW,3/6/2019 00:00:00,16.3905,16.5359,16.148,16.342,2.41896e+006
POW,3/7/2019 00:00:00,16.3905,16.4874,16.1965,16.4389,1.97407e+006
POW,3/8/2019 00:00:00,16.2935,16.2935,16.0995,16.1965,1.32659e+006
POW,3/11/2019 00:00:00,16.1965,16.1965,15.6631,15.857,2.64056e+006
POW,3/12/2019 00:00:00,16.051,16.1965,15.7116,15.857,3.0798e+006
POW,3/13/2019 00:00:00,16.1965,16.245,16.0025,16.0025,2.71512e+006
POW,3/14/2019 00:00:00,16.051,16.0995,15.954,16.0995,1.44975e+006
POW,3/15/2019 00:00:00,16.0995,16.0995,15.8085,15.8085,1.6435e+006
POW,3/18/2019 00:00:00,15.8085,15.8085,15.1296,15.3236,5.69431e+006
POW,3/19/2019 00:00:00,15.3236,15.6146,15.0327,15.0812,2.64479e+006
POW,3/20/2019 00:00:00,15.0812,15.6631,14.7902,15.3721,4.66061e+006
POW,3/21/2019 00:00:00,15.4691,15.5176,14.8387,14.8387,2.16284e+006
POW,3/22/2019 00:00:00,14.8387,15.1781,14.8387,15.0327,2.21148e+006
POW,3/25/2019 00:00:00,14.6447,14.7902,14.4023,14.4508,3.19183e+006
POW,3/26/2019 00:00:00,14.6932,14.6932,14.3538,14.4023,1.53941e+006
POW,3/27/2019 00:00:00,14.5477,15.0812,14.5477,14.9357,3.04795e+006
POW,3/28/2019 00:00:00,14.8872,14.9357,14.7902,14.7902,457770
POW,3/29/2019 00:00:00,14.9357,14.9842,14.6932,14.6932,696560
POW,4/1/2019 00:00:00,14.7417,14.8387,14.5962,14.8387,1.40317e+006
POW,4/2/2019 00:00:00,15.0327,15.0812,14.8387,14.8387,2.09666e+006
POW,4/3/2019 00:00:00,14.8872,14.8872,14.7417,14.8387,587910
POW,4/4/2019 00:00:00,14.9357,14.9842,14.7902,14.7902,1.3083e+006
POW,4/5/2019 00:00:00,14.9357,15.0812,14.7902,14.9357,1.64819e+006
POW,4/8/2019 00:00:00,14.9842,15.1296,14.9357,15.0812,2.36244e+006
POW,4/9/2019 00:00:00,15.1781,15.1781,14.7902,14.7902,999160
POW,4/10/2019 00:00:00,14.7902,14.7902,14.5477,14.5962,1.39487e+006
POW,4/11/2019 00:00:00,14.6447,14.6932,14.5477,14.5962,681090
POW,4/12/2019 00:00:00,14.5477,14.6932,14.4992,14.6932,600920
POW,4/16/2019 00:00:00,14.5962,14.5962,14.4508,14.5477,671970
POW,4/17/2019 00:00:00,14.6447,14.6447,14.2083,14.2083,1.10936e+006
POW,4/18/2019 00:00:00,14.2083,14.4992,13.8688,13.9658,1.7973e+006
POW,4/19/2019 00:00:00,13.9658,14.1598,13.5294,13.6749,2.91173e+006
POW,4/22/2019 00:00:00,13.6749,13.9173,13.5779,13.8204,644070
POW,4/23/2019 00:00:00,13.7719,14.0628,13.5779,13.7234,1.58554e+006
POW,4/24/2019 00:00:00,13.7719,14.0628,13.6749,14.0628,1.11667e+006
POW,4/25/2019 00:00:00,14.0628,14.0628,13.8204,13.9173,507830
POW,4/26/2019 00:00:00,13.7719,14.3538,13.7234,14.3538,1.12583e+006
POW,5/2/2019 00:00:00,14.3538,14.4023,14.1598,14.2083,741980
POW,5/3/2019 00:00:00,14.2083,14.2568,14.1113,14.1598,548580
POW,5/6/2019 00:00:00,13.7719,13.9658,13.6749,13.8204,719510
POW,5/7/2019 00:00:00,13.8204,13.9173,13.4809,13.4809,1.73343e+006
POW,5/8/2019 00:00:00,13.4809,13.5779,13.2384,13.2869,1.8309e+006
POW,5/9/2019 00:00:00,13.4324,13.4809,12.899,13.093,2.83989e+006
POW,5/10/2019 00:00:00,13.2384,13.2384,12.9475,13.1899,1.51015e+006
POW,5/13/2019 00:00:00,13.3839,13.8688,13.3839,13.8204,2.06534e+006
POW,5/14/2019 00:00:00,13.9658,14.7417,13.9658,14.7417,5.56223e+006
POW,5/15/2019 00:00:00,15.2751,15.4691,14.9842,15.0327,4.04906e+006
POW,5/16/2019 00:00:00,14.9357,15.1296,14.7417,14.7417,2.15574e+006
POW,5/17/2019 00:00:00,14.8387,15.1781,14.7902,14.9842,3.01591e+006
POW,5/20/2019 00:00:00,15.0327,15.1296,14.9357,15.0327,2.20078e+006
POW,5/21/2019 00:00:00,15.0327,15.1296,14.8872,14.9357,2.09515e+006
POW,5/22/2019 00:00:00,14.9842,15.2751,14.9357,14.9842,2.66891e+006
POW,5/23/2019 00:00:00,14.8872,15.0327,14.8387,15.0327,1.08753e+006
POW,5/24/2019 00:00:00,15.0327,15.3236,14.8387,15.2266,2.89096e+006
POW,5/27/2019 00:00:00,15.3236,15.4691,15.2266,15.3236,2.31043e+006
POW,5/28/2019 00:00:00,15.5176,15.7116,15.3236,15.5176,5.21508e+006
POW,5/29/2019 00:00:00,15.3236,15.4206,15.2266,15.2266,1.94538e+006
POW,5/30/2019 00:00:00,15.3236,15.3236,15.1781,15.2266,1.02195e+006
POW,5/31/2019 00:00:00,15.2266,15.2266,14.7902,14.7902,1.73387e+006
POW,6/3/2019 00:00:00,14.6932,14.9357,14.4508,14.7417,1.18288e+006
POW,6/4/2019 00:00:00,14.7417,15.1296,14.7417,15.0327,857300
POW,6/5/2019 00:00:00,15.1296,15.1781,15.0327,15.1296,1.43187e+006
POW,6/6/2019 00:00:00,15.1296,15.2751,15.0327,15.2751,1.4633e+006
POW,6/7/2019 00:00:00,15.3721,15.6146,15.3721,15.5661,3.21614e+006
POW,6/10/2019 00:00:00,15.8085,15.9055,15.5661,15.6146,2.92155e+006
POW,6/11/2019 00:00:00,15.6146,15.6631,15.3236,15.3721,1.32029e+006
POW,6/12/2019 00:00:00,15.3721,15.3721,15.1781,15.2751,1.92267e+006
POW,6/13/2019 00:00:00,15.2751,15.2751,14.9842,15.1296,1.31505e+006
POW,6/14/2019 00:00:00,14.9357,15.2751,14.9357,15.1296,520010
POW,6/17/2019 00:00:00,15.4691,15.5176,15.2266,15.4691,3.63768e+006
POW,6/18/2019 00:00:00,15.5176,15.5661,15.2751,15.3236,3.14775e+006
POW,6/19/2019 00:00:00,15.4206,15.4206,15.1781,15.1781,1.79749e+006
POW,6/20/2019 00:00:00,15.1296,15.1781,14.9842,15.0327,1.21746e+006
POW,6/21/2019 00:00:00,15.1296,15.2266,14.8387,14.9357,3.33463e+007
POW,6/24/2019 00:00:00,14.9357,14.9357,14.3538,14.4023,2.92039e+006
POW,6/25/2019 00:00:00,14.4023,14.7417,14.3053,14.4023,2.04941e+006
POW,6/26/2019 00:00:00,14.4023,14.5477,14.3538,14.3538,882080
POW,6/27/2019 00:00:00,14.3538,14.4023,13.9658,14.0143,1.13722e+006
POW,6/28/2019 00:00:00,14.0143,14.7417,13.9173,14.7417,2.71041e+006
POW,7/1/2019 00:00:00,14.5477,14.6447,14.4508,14.5477,935300
POW,7/2/2019 00:00:00,14.5477,14.5477,14.0628,14.3538,355030
POW,7/3/2019 00:00:00,14.2568,14.4023,14.1598,14.3053,494650
POW,7/4/2019 00:00:00,14.4023,14.4992,14.2568,14.3538,541380
POW,7/5/2019 00:00:00,14.4023,14.4023,14.2083,14.2568,563140
POW,7/8/2019 00:00:00,14.2568,14.3538,14.1598,14.2083,563020
POW,7/9/2019 00:00:00,14.1598,14.2568,14.0628,14.0628,461750
POW,7/10/2019 00:00:00,14.1598,14.4023,14.1598,14.2568,990310
POW,7/11/2019 00:00:00,14.3538,14.4023,14.2083,14.3538,588150
POW,7/12/2019 00:00:00,14.4508,14.5477,14.2568,14.4508,1.07128e+006
POW,7/15/2019 00:00:00,14.3053,14.4508,14.2568,14.2568,410750
POW,7/16/2019 00:00:00,14.2568,14.3538,14.1598,14.1598,1.04227e+006
POW,7/17/2019 00:00:00,14.1598,14.1598,14.0143,14.1113,640600
POW,7/18/2019 00:00:00,14.1113,14.1113,13.8688,13.9173,886370
POW,7/19/2019 00:00:00,13.9658,14.0628,13.5779,13.6264,1.37798e+006
POW,7/22/2019 00:00:00,13.6749,13.9658,13.4809,13.5779,1.50759e+006
POW,7/23/2019 00:00:00,13.5779,13.7234,13.5294,13.6749,668930
POW,7/24/2019 00:00:00,13.9658,13.9658,13.6264,13.6264,698410
POW,7/25/2019 00:00:00,13.8688,13.8688,13.6749,13.7234,1.06476e+006
POW,7/26/2019 00:00:00,13.8688,13.9658,13.7234,13.7234,948270
POW,7/29/2019 00:00:00,13.8204,13.8688,13.5294,13.6264,785670
POW,7/30/2019 00:00:00,13.6264,13.6749,13.3839,13.3839,1.39324e+006
POW,7/31/2019 00:00:00,13.3839,13.6749,13.2869,13.6749,981860
POW,8/1/2019 00:00:00,13.7719,13.8204,13.3839,13.4809,1.11699e+006
POW,8/2/2019 00:00:00,13.5294,13.8204,13.3839,13.5779,2.0412e+006
POW,8/5/2019 00:00:00,13.6264,13.9173,13.4809,13.4809,1.5298e+006
POW,8/6/2019 00:00:00,12.996,13.4324,12.996,13.0445,1.57756e+006
POW,8/7/2019 00:00:00,13.093,13.3839,12.9475,12.996,2.12061e+006
POW,8/8/2019 00:00:00,13.0445,13.1415,12.8505,12.9475,1.40786e+006
POW,8/9/2019 00:00:00,13.1415,13.1899,12.996,13.0445,1.18803e+006
POW,8/12/2019 00:00:00,13.093,13.1415,12.899,12.899,1.05815e+006
POW,8/13/2019 00:00:00,12.899,12.9475,12.3656,12.5111,2.62564e+006
POW,8/14/2019 00:00:00,12.705,12.802,12.5111,12.5111,1.31679e+006
POW,8/15/2019 00:00:00,12.2686,12.5111,12.2201,12.4141,900070
POW,8/16/2019 00:00:00,12.4141,12.608,12.4141,12.5111,1.0546e+006
POW,8/19/2019 00:00:00,12.7535,12.7535,12.4141,12.5595,937260
POW,8/20/2019 00:00:00,12.5595,12.6565,12.5111,12.5595,821310
POW,8/21/2019 00:00:00,12.608,12.899,12.5595,12.899,2.33308e+006
POW,8/22/2019 00:00:00,12.996,13.0445,12.8505,12.8505,1.28909e+006
POW,8/23/2019 00:00:00,12.899,12.899,12.802,12.802,924650
POW,8/26/2019 00:00:00,12.608,12.802,12.5111,12.5111,1.08296e+006
POW,8/27/2019 00:00:00,12.5595,12.7535,12.5111,12.7535,1.37947e+006
POW,8/28/2019 00:00:00,12.7535,12.802,12.5111,12.5111,730320
POW,8/29/2019 00:00:00,12.608,12.608,12.4141,12.4141,744490
POW,8/30/2019 00:00:00,12.5595,12.608,12.4626,12.5111,309500
POW,9/3/2019 00:00:00,12.608,12.608,12.4626,12.5111,324860
POW,9/4/2019 00:00:00,12.5111,12.5595,12.4141,12.5111,278680
POW,9/5/2019 00:00:00,12.5111,12.5595,12.4141,12.4626,404840
POW,9/6/2019 00:00:00,12.5595,12.5595,12.4141,12.4141,230770
POW,9/9/2019 00:00:00,12.4141,12.5111,12.2201,12.2201,628570
POW,9/10/2019 00:00:00,12.2201,12.3656,11.9291,11.9291,763800
POW,9/11/2019 00:00:00,11.9291,12.0261,11.7352,11.8322,559360
POW,9/12/2019 00:00:00,11.8322,12.2686,11.8322,12.0261,720450
POW,9/13/2019 00:00:00,12.1231,12.4141,12.1231,12.2686,802520
POW,9/16/2019 00:00:00,12.5111,12.5595,12.2686,12.3171,820120
POW,9/17/2019 00:00:00,12.2686,12.3171,12.1231,12.1231,522850
POW,9/18/2019 00:00:00,12.1231,12.5111,12.1231,12.3171,713690
POW,9/19/2019 00:00:00,12.4141,12.4141,12.2686,12.3171,707480
POW,9/20/2019 00:00:00,12.3656,12.3656,12.1716,12.1716,1.31104e+006
POW,9/23/2019 00:00:00,12.1716,12.3656,12.1716,12.1716,650780
POW,9/24/2019 00:00:00,12.1716,12.2201,12.1231,12.1231,485060
POW,9/25/2019 00:00:00,12.1231,12.1716,11.9291,11.9776,979390
POW,9/26/2019 00:00:00,12.0746,12.0746,11.8322,11.9291,1.5154e+006
POW,9/27/2019 00:00:00,12.1231,12.4626,11.9776,12.3171,3.04078e+006
POW,9/30/2019 00:00:00,12.3656,12.705,12.3171,12.5111,2.6117e+006
POW,10/1/2019 00:00:00,12.5111,12.608,12.4141,12.4626,1.07142e+006
POW,10/2/2019 00:00:00,12.4626,12.4626,12.3171,12.4141,949780
POW,10/3/2019 00:00:00,12.3171,12.3656,12.1231,12.2201,1.06653e+006
POW,10/4/2019 00:00:00,12.2686,12.608,12.2686,12.4626,2.77694e+006
POW,10/7/2019 00:00:00,12.4626,12.705,12.4626,12.608,2.55091e+006
POW,10/8/2019 00:00:00,12.705,12.802,12.4626,12.5595,1.73141e+006
POW,10/9/2019 00:00:00,12.5595,12.608,12.4626,12.4626,1.28103e+006
POW,10/10/2019 00:00:00,12.5111,12.608,12.4141,12.5111,2.1373e+006
POW,10/11/2019 00:00:00,12.5595,12.5595,12.3171,12.3656,1.29033e+006
POW,10/14/2019 00:00:00,12.4141,12.5111,12.3171,12.4626,1.60846e+006
POW,10/15/2019 00:00:00,12.4141,12.4626,12.3656,12.4141,1.11046e+006
POW,10/16/2019 00:00:00,12.4626,12.8505,12.4141,12.7535,4.51875e+006
POW,10/17/2019 00:00:00,12.8505,12.899,12.705,12.802,1.82097e+006
POW,10/18/2019 00:00:00,12.8505,13.093,12.8505,12.899,4.29811e+006
POW,10/21/2019 00:00:00,12.899,12.899,12.705,12.7535,1.39567e+006
POW,10/22/2019 00:00:00,12.7535,12.7535,12.5595,12.6565,2.44887e+006
POW,10/23/2019 00:00:00,12.6565,12.802,12.5111,12.608,2.69017e+006
POW,10/24/2019 00:00:00,12.705,12.802,12.6565,12.705,1.3424e+006
POW,10/25/2019 00:00:00,12.802,12.899,12.705,12.802,1.91728e+006
POW,10/28/2019 00:00:00,12.8505,12.899,12.705,12.705,1.91068e+006
POW,10/29/2019 00:00:00,12.6565,12.802,12.5111,12.5111,2.22756e+006
POW,10/30/2019 00:00:00,12.5111,12.6565,12.4626,12.5595,1.32829e+006
POW,10/31/2019 00:00:00,12.705,12.9475,12.608,12.6565,2.86539e+006
POW,11/1/2019 00:00:00,12.7535,13.1415,12.608,13.1415,3.47503e+006
POW,11/4/2019 00:00:00,13.1899,13.5294,13.0445,13.3354,5.39418e+006
POW,11/5/2019 00:00:00,13.3839,13.4324,13.2869,13.2869,2.23367e+006
POW,11/6/2019 00:00:00,13.2869,13.4324,13.1899,13.1899,3.03259e+006
POW,11/7/2019 00:00:00,13.3354,13.3354,13.1415,13.1899,1.58419e+006
POW,11/8/2019 00:00:00,13.2869,13.2869,13.093,13.093,1.54128e+006
POW,11/11/2019 00:00:00,13.1415,13.1415,12.9475,12.996,2.41319e+006
POW,11/12/2019 00:00:00,12.996,13.0445,12.899,12.996,1.76602e+006
POW,11/13/2019 00:00:00,12.996,13.1899,12.996,12.996,1.90011e+006
POW,11/14/2019 00:00:00,12.996,13.093,12.9475,12.996,1.24538e+006
POW,11/15/2019 00:00:00,13.0445,13.093,12.9475,13.0445,1.77462e+006
POW,11/18/2019 00:00:00,13.1899,13.2869,13.093,13.2384,2.40918e+006
POW,11/19/2019 00:00:00,13.2869,13.3839,13.2384,13.3354,1.23981e+006
POW,11/20/2019 00:00:00,13.3839,13.4324,13.2384,13.2869,1.4084e+006
POW,11/21/2019 00:00:00,13.2869,13.2869,13.093,13.2869,1.2066e+006
POW,11/22/2019 00:00:00,13.2384,13.2869,12.899,12.899,1.98177e+006
POW,11/25/2019 00:00:00,12.9475,12.996,12.7535,12.899,1.25149e+006
POW,11/26/2019 00:00:00,12.899,13.0445,12.8505,12.996,1.97645e+006
POW,11/27/2019 00:00:00,12.9475,13.0445,12.802,12.8505,1.19011e+006
POW,11/28/2019 00:00:00,12.8505,12.8505,12.4626,12.5111,2.08656e+006
POW,11/29/2019 00:00:00,12.5111,12.5595,12.3171,12.4141,1.57345e+006
POW,12/2/2019 00:00:00,12.4141,12.7535,12.1231,12.2201,1.41232e+006
POW,12/3/2019 00:00:00,12.1231,12.2201,11.9291,12.0261,2.0781e+006
POW,12/4/2019 00:00:00,11.9291,12.3171,11.9291,12.3171,873600
POW,12/5/2019 00:00:00,12.3656,12.3656,12.1716,12.2686,843930
POW,12/6/2019 00:00:00,12.2201,12.2686,12.1716,12.2686,462520
POW,12/9/2019 00:00:00,12.3171,12.3171,12.1716,12.2201,782040
POW,12/10/2019 00:00:00,12.1716,12.2201,11.9776,11.9776,1.93224e+006
POW,12/11/2019 00:00:00,12.0261,12.1231,11.9776,12.1231,583750
POW,12/12/2019 00:00:00,12.1716,12.1716,12.0261,12.0261,752860
POW,12/13/2019 00:00:00,12.0746,12.1231,11.9776,11.9776,994940
POW,12/16/2019 00:00:00,12.0261,12.2686,11.9776,12.2686,1.4706e+006
POW,12/17/2019 00:00:00,12.3171,12.3171,11.9776,11.9776,704870
POW,12/18/2019 00:00:00,11.9776,12.0746,11.9291,11.9776,1.22873e+006
POW,12/19/2019 00:00:00,12.0261,12.1716,11.9776,12.0746,983350
POW,12/20/2019 00:00:00,12.1231,12.1716,11.9776,11.9776,2.97916e+006
POW,12/23/2019 00:00:00,12.0746,12.1716,12.0261,12.0261,1.69174e+006
POW,12/24/2019 00:00:00,12.1231,12.1716,11.9776,12.0261,964320
POW,12/25/2019 00:00:00,12.0261,12.0261,11.7837,11.9291,2.50385e+006
POW,12/26/2019 00:00:00,11.8807,11.9776,11.8322,11.8807,818600
POW,12/27/2019 00:00:00,11.8807,11.9291,11.3472,11.3957,3.95473e+006
POW,12/30/2019 00:00:00,11.3472,11.4442,11.0078,11.1533,3.06705e+006
POW,12/31/2019 00:00:00,11.1533,11.2503,11.0563,11.1048,1.26322e+006
POW,1/2/2020 00:00:00,11.1533,11.5412,11.1048,11.5412,1.56927e+006
POW,1/3/2020 00:00:00,11.5412,11.6382,11.2987,11.3472,1.24541e+006
POW,1/6/2020 00:00:00,11.2987,11.3472,11.0078,11.0078,2.06467e+006
POW,1/7/2020 00:00:00,11.0563,11.1048,10.8623,10.9108,1.89396e+006
POW,1/8/2020 00:00:00,10.8623,10.8623,10.1834,10.4259,5.33928e+006
POW,1/9/2020 00:00:00,10.5229,10.7653,10.4744,10.5714,2.22654e+006
POW,1/10/2020 00:00:00,10.6198,10.8138,10.4744,10.7653,1.46115e+006
POW,1/13/2020 00:00:00,10.7653,10.7653,10.6683,10.6683,1.29837e+006
POW,1/14/2020 00:00:00,10.7653,10.7653,10.5714,10.5714,1.43862e+006
POW,1/15/2020 00:00:00,10.5714,10.5714,10.4744,10.5714,1.11958e+006
POW,1/16/2020 00:00:00,10.6683,10.7168,10.5714,10.6683,1.47952e+006
POW,1/17/2020 00:00:00,10.7168,10.7168,10.4744,10.4744,1.62943e+006
POW,1/20/2020 00:00:00,10.4744,10.5714,10.3289,10.3774,1.13608e+006
POW,1/21/2020 00:00:00,10.5714,10.8623,10.5714,10.5714,2.98051e+006
POW,1/22/2020 00:00:00,10.6683,10.8138,10.6198,10.7653,1.84434e+006
POW,1/30/2020 00:00:00,10.6683,11.0078,10.6683,10.7653,3.26313e+006
POW,1/31/2020 00:00:00,10.7653,10.8623,10.1834,10.1834,2.55625e+006
POW,2/3/2020 00:00:00,9.60151,9.89246,9.47543,9.68879,3.83988e+006
POW,2/4/2020 00:00:00,9.79548,9.89246,9.21357,9.21357,3.64018e+006
POW,2/5/2020 00:00:00,9.31055,9.40754,9.18447,9.28146,2.3013e+006
POW,2/6/2020 00:00:00,9.31055,9.74698,9.27176,9.74698,2.20242e+006
POW,2/7/2020 00:00:00,9.74698,9.79548,9.59181,9.61121,1.52038e+006
POW,2/10/2020 00:00:00,9.40754,9.50452,9.35905,9.38814,1.44116e+006
POW,2/11/2020 00:00:00,9.42693,9.6597,9.40754,9.56271,1.77507e+006
POW,2/12/2020 00:00:00,9.6403,10.2319,9.60151,10.2319,3.05025e+006
POW,2/13/2020 00:00:00,10.3774,10.6198,10.0379,10.2319,3.07681e+006
POW,2/14/2020 00:00:00,10.2319,10.2319,9.98945,10.0864,1.15657e+006
POW,2/17/2020 00:00:00,10.0379,10.1349,9.94096,10.0379,2.08477e+006
POW,2/18/2020 00:00:00,10.0864,10.1349,9.98945,10.0379,1.7862e+006
POW,2/19/2020 00:00:00,10.0864,10.2804,10.0379,10.1349,1.9823e+006
POW,2/20/2020 00:00:00,10.1834,10.6198,10.1834,10.5714,4.72835e+006
POW,2/21/2020 00:00:00,10.5714,10.6198,10.3289,10.4259,1.76257e+006
POW,2/24/2020 00:00:00,10.0864,10.1349,9.69849,9.69849,3.31294e+006
POW,2/25/2020 00:00:00,9.32995,9.6791,9.32995,9.65,3.36943e+006
POW,2/26/2020 00:00:00,9.40754,10.0864,9.40754,9.89246,2.27813e+006
POW,2/27/2020 00:00:00,9.89246,10.0379,9.69849,9.79548,1.04564e+006
POW,2/28/2020 00:00:00,9.60151,9.6791,9.45603,9.55301,2.28482e+006
POW,3/2/2020 00:00:00,9.55301,9.68879,9.48513,9.6791,1.78692e+006
POW,3/3/2020 00:00:00,9.89246,9.94096,9.6306,9.6306,2.53923e+006
POW,3/4/2020 00:00:00,9.65,9.79548,9.60151,9.6597,2.68065e+006
POW,3/5/2020 00:00:00,9.84397,10.0864,9.79548,9.89246,3.579e+006
POW,3/6/2020 00:00:00,9.84397,9.94096,9.69849,9.79548,2.29272e+006
POW,3/9/2020 00:00:00,9.11658,9.50452,9.11658,9.11658,4.94341e+006
POW,3/10/2020 00:00:00,8.92261,9.30085,8.72864,9.21357,2.87129e+006
POW,3/11/2020 00:00:00,9.28146,9.35905,8.69955,8.74804,5.17774e+006
POW,3/12/2020 00:00:00,8.24372,8.3892,8.13704,8.13704,5.3612e+006
POW,3/13/2020 00:00:00,7.58422,8.63166,7.57452,8.63166,4.57081e+006
POW,3/16/2020 00:00:00,8.53467,8.61226,8.05945,8.61226,3.24175e+006
POW,3/17/2020 00:00:00,8.15643,9.10688,8.15643,8.58317,3.06107e+006
POW,3/18/2020 00:00:00,8.63166,8.68015,8.3601,8.49588,1.9357e+006
POW,3/19/2020 00:00:00,8.25342,8.42799,8.14673,8.21462,2.63325e+006
POW,3/20/2020 00:00:00,8.24372,8.43769,8.15643,8.20492,1.98034e+006
POW,3/23/2020 00:00:00,7.90427,8.20492,7.63271,7.63271,4.62888e+006
POW,3/24/2020 00:00:00,7.28357,7.56482,7.23508,7.30296,5.97909e+006
POW,3/25/2020 00:00:00,7.64241,7.68121,7.53573,7.61332,2.45877e+006
POW,3/26/2020 00:00:00,7.56482,7.56482,7.37085,7.37085,2.12923e+006
POW,3/27/2020 00:00:00,7.32236,7.7491,7.32236,7.39025,3.29617e+006
POW,3/30/2020 00:00:00,6.98291,7.27387,6.87623,6.92472,6.32118e+006
POW,3/31/2020 00:00:00,6.92472,7.0993,6.64347,6.87623,3.32667e+006
POW,4/1/2020 00:00:00,6.78894,7.13809,6.78894,7.13809,2.78669e+006
POW,4/3/2020 00:00:00,7.35146,7.50663,7.27387,7.46784,4.55983e+006
POW,4/6/2020 00:00:00,7.56482,7.94307,7.56482,7.89457,5.08595e+006
POW,4/7/2020 00:00:00,7.95276,7.95276,7.61332,7.7491,3.97412e+006
POW,4/8/2020 00:00:00,7.66181,8.28251,7.51633,8.28251,9.4124e+006
POW,4/9/2020 00:00:00,8.72864,8.72864,8.43769,8.44739,8.93962e+006
POW,4/10/2020 00:00:00,8.44739,8.44739,8.24372,8.27281,4.34053e+006
POW,4/13/2020 00:00:00,8.24372,8.72864,8.24372,8.53467,9.33492e+006
POW,4/14/2020 00:00:00,8.63166,8.83533,8.58317,8.77714,8.81087e+006
POW,4/15/2020 00:00:00,8.77714,8.90322,8.73834,8.78683,5.99279e+006
POW,4/16/2020 00:00:00,8.76744,8.76744,8.60256,8.68015,6.10199e+006
POW,4/17/2020 00:00:00,8.82563,8.87412,8.73834,8.76744,7.22661e+006
POW,4/20/2020 00:00:00,8.77714,9.35905,8.77714,9.11658,9.31399e+006
POW,4/21/2020 00:00:00,8.88382,9.42693,8.82563,9.04869,8.21871e+006
POW,4/22/2020 00:00:00,8.87412,9.34935,8.87412,9.19417,6.72018e+006
POW,4/23/2020 00:00:00,9.36874,9.39784,9.21357,9.21357,5.04047e+006
POW,4/24/2020 00:00:00,9.21357,9.26206,9.05839,9.26206,4.1955e+006
POW,4/27/2020 00:00:00,9.38814,9.6791,9.35905,9.60151,7.55104e+006
POW,4/28/2020 00:00:00,9.60151,9.98945,9.60151,9.98945,6.7321e+006
POW,4/29/2020 00:00:00,9.98945,10.3774,9.98945,10.2319,7.59617e+006
POW,5/4/2020 00:00:00,9.65,9.94096,9.52392,9.52392,9.81341e+006
POW,5/5/2020 00:00:00,9.52392,9.52392,9.22327,9.36874,4.93616e+006
POW,5/6/2020 00:00:00,9.27176,9.65,9.27176,9.65,3.99006e+006
POW,5/7/2020 00:00:00,9.6597,9.89246,9.65,9.89246,5.56704e+006
POW,5/8/2020 00:00:00,9.89246,10.0864,9.69849,9.79548,9.44639e+006
POW,5/11/2020 00:00:00,9.79548,9.89246,9.6694,9.84397,6.88691e+006
POW,5/12/2020 00:00:00,9.84397,10.3774,9.69849,10.0864,9.61691e+006
POW,5/13/2020 00:00:00,10.0864,10.2319,9.84397,9.98945,5.43745e+006
POW,5/14/2020 00:00:00,9.94096,9.98945,9.84397,9.84397,4.73721e+006
POW,5/15/2020 00:00:00,9.84397,10.0379,9.6791,9.69849,6.77457e+006
POW,5/18/2020 00:00:00,9.74698,9.84397,9.6597,9.79548,4.18283e+006
POW,5/19/2020 00:00:00,9.98945,9.98945,9.84397,9.89246,5.69197e+006
POW,5/20/2020 00:00:00,9.89246,9.94096,9.79548,9.89246,2.82911e+006
POW,5/21/2020 00:00:00,9.94096,9.98945,9.79548,9.89246,3.41837e+006
POW,5/22/2020 00:00:00,9.84397,9.89246,9.79548,9.79548,3.42786e+006
POW,5/25/2020 00:00:00,9.79548,10.0864,9.69849,9.89246,6.12907e+006
POW,5/26/2020 00:00:00,9.98945,10.3774,9.94096,10.2804,9.49405e+006
POW,5/27/2020 00:00:00,10.4744,10.5229,9.98945,9.98945,6.5544e+006
POW,5/28/2020 00:00:00,10.0379,10.1834,9.94096,10.0864,4.37076e+006
POW,5/29/2020 00:00:00,10.0864,10.0864,9.94096,9.94096,3.26621e+006
POW,6/1/2020 00:00:00,9.98945,10.1834,9.89246,10.1349,5.89545e+006
POW,6/2/2020 00:00:00,10.1349,10.4744,10.0864,10.1834,8.39921e+006
POW,6/3/2020 00:00:00,10.1834,10.2804,10.1834,10.2804,1.85212e+006
POW,6/4/2020 00:00:00,10.2804,10.3774,10.2319,10.2804,4.42288e+006
POW,6/5/2020 00:00:00,10.1349,10.2804,10.1349,10.2319,3.62974e+006
POW,6/8/2020 00:00:00,10.2804,10.6198,10.2319,10.3774,9.22959e+006
POW,6/9/2020 00:00:00,10.3774,10.8623,10.3289,10.7168,1.12878e+007
POW,6/10/2020 00:00:00,10.7653,11.2503,10.6198,10.9108,8.46249e+006
POW,6/11/2020 00:00:00,10.9108,11.0563,10.1834,10.1834,8.02589e+006
POW,6/12/2020 00:00:00,9.69849,10.1349,9.65,10.1349,8.06135e+006
POW,6/15/2020 00:00:00,10.3289,10.5714,10.1349,10.1834,7.99318e+006
POW,6/16/2020 00:00:00,10.5229,10.5229,10.2804,10.3774,2.82951e+006
POW,6/17/2020 00:00:00,10.4259,10.4744,10.1349,10.2319,2.28977e+006
POW,6/18/2020 00:00:00,10.0864,10.1834,9.98945,10.0864,2.11088e+006
POW,6/19/2020 00:00:00,10.1349,10.2319,10.0864,10.0864,5.51045e+006
POW,6/22/2020 00:00:00,10.2804,10.3774,10.1349,10.1834,3.15517e+006
POW,6/23/2020 00:00:00,10.1834,10.2804,10.0864,10.1834,3.12135e+006
POW,6/24/2020 00:00:00,10.1834,10.2319,9.98945,10.0379,3.62864e+006
POW,6/25/2020 00:00:00,9.89246,9.98945,9.84397,9.94096,2.0118e+006
POW,6/26/2020 00:00:00,10.0864,10.0864,9.84397,9.89246,2.13603e+006
POW,6/29/2020 00:00:00,9.84397,9.84397,9.41724,9.50452,6.87199e+006
POW,6/30/2020 00:00:00,9.69849,9.69849,9.23296,9.40754,3.46996e+006
POW,7/1/2020 00:00:00,9.37844,9.54332,9.37844,9.50452,3.39294e+006
POW,7/2/2020 00:00:00,9.55301,9.55301,9.31055,9.32025,3.58495e+006
POW,7/3/2020 00:00:00,9.34935,9.45603,9.34935,9.37844,2.21518e+006
POW,7/6/2020 00:00:00,9.45603,9.68879,9.38814,9.68879,2.49377e+006
POW,7/7/2020 00:00:00,9.79548,9.84397,9.60151,9.60151,2.96754e+006
POW,7/8/2020 00:00:00,9.55301,9.6306,9.54332,9.56271,1.78935e+006
POW,7/9/2020 00:00:00,9.56271,9.74698,9.56271,9.6791,2.36337e+006
POW,7/10/2020 00:00:00,9.6694,9.84397,9.6694,9.74698,4.16849e+006
POW,7/13/2020 00:00:00,9.84397,9.84397,9.69849,9.74698,2.30409e+006
POW,7/14/2020 00:00:00,9.69849,9.74698,9.65,9.74698,1.6689e+006
POW,7/15/2020 00:00:00,9.79548,9.84397,9.69849,9.69849,1.9942e+006
POW,7/16/2020 00:00:00,9.74698,9.79548,9.69849,9.79548,2.23086e+006
POW,7/17/2020 00:00:00,9.79548,9.79548,9.69849,9.69849,2.04611e+006
POW,7/20/2020 00:00:00,9.69849,9.74698,9.56271,9.56271,2.39623e+006
POW,7/21/2020 00:00:00,9.59181,9.59181,9.49482,9.52392,2.96969e+006
POW,7/22/2020 00:00:00,9.52392,9.54332,9.42693,9.43663,2.04039e+006
POW,7/23/2020 00:00:00,9.42693,9.44633,9.30085,9.35905,2.75607e+006
POW,7/24/2020 00:00:00,9.32025,9.33965,8.70925,9.0293,8.62239e+006
POW,7/27/2020 00:00:00,8.43769,8.70925,8.39889,8.53467,6.56299e+006
POW,7/28/2020 00:00:00,8.54437,9.08749,8.54437,9.0293,4.5649e+006
POW,7/29/2020 00:00:00,8.72864,8.92261,8.58317,8.92261,3.66408e+006
POW,7/30/2020 00:00:00,8.76744,9.0293,8.76744,9.0293,1.90554e+006
POW,7/31/2020 00:00:00,8.84503,8.9808,8.82563,8.87412,1.25194e+006
POW,8/3/2020 00:00:00,8.87412,9.0196,8.85472,8.97111,3.42617e+006
POW,8/4/2020 00:00:00,9.0196,9.10688,9.0196,9.05839,2.08297e+006
POW,8/5/2020 00:00:00,9.06809,9.26206,9.0196,9.25236,3.23564e+006
POW,8/6/2020 00:00:00,9.23296,9.26206,9.12628,9.16508,3.19601e+006
POW,8/7/2020 00:00:00,9.15538,9.16508,9.05839,9.11658,2.09306e+006
POW,8/10/2020 00:00:00,9.19417,9.60151,9.16508,9.36874,3.08997e+006
POW,8/11/2020 00:00:00,9.36874,9.46573,9.22327,9.30085,1.76904e+006
POW,8/12/2020 00:00:00,9.30085,9.46573,9.30085,9.43663,3.84195e+006
POW,8/13/2020 00:00:00,9.43663,9.65,9.43663,9.6403,3.68855e+006
POW,8/14/2020 00:00:00,9.69849,9.84397,9.65,9.68879,5.82225e+006
POW,8/17/2020 00:00:00,9.69849,9.69849,9.50452,9.56271,2.57215e+006
POW,8/18/2020 00:00:00,9.55301,9.6403,9.52392,9.58211,1.15034e+006
POW,8/19/2020 00:00:00,9.60151,9.89246,9.21357,9.89246,3.98897e+006
POW,8/20/2020 00:00:00,9.89246,9.89246,9.65,9.69849,3.24416e+006
POW,8/21/2020 00:00:00,9.74698,9.79548,9.65,9.74698,1.7503e+006
POW,8/24/2020 00:00:00,9.84397,9.84397,9.69849,9.79548,3.76628e+006
POW,8/25/2020 00:00:00,9.79548,9.89246,9.69849,9.69849,3.29663e+006
POW,8/26/2020 00:00:00,9.69849,9.84397,9.65,9.74698,3.80595e+006
POW,8/27/2020 00:00:00,9.79548,9.89246,9.74698,9.74698,2.66672e+006
POW,8/28/2020 00:00:00,9.79548,9.94096,9.79548,9.79548,4.04475e+006
POW,8/31/2020 00:00:00,9.84397,9.89246,9.69849,9.74698,2.43332e+006
POW,9/1/2020 00:00:00,9.74698,9.79548,9.6791,9.74698,2.75282e+006
POW,9/3/2020 00:00:00,9.79548,10.1834,9.74698,10.1834,9.66667e+006
POW,9/4/2020 00:00:00,9.98945,10.1349,9.94096,10.0864,2.30627e+006
POW,9/7/2020 00:00:00,10.0864,10.1349,9.74698,9.74698,3.61498e+006
POW,9/8/2020 00:00:00,9.74698,9.79548,9.6694,9.74698,5.11331e+006
POW,9/9/2020 00:00:00,9.60151,9.74698,9.59181,9.69849,2.35114e+006
POW,9/10/2020 00:00:00,9.74698,9.84397,9.69849,9.74698,1.98099e+006
POW,9/11/2020 00:00:00,9.69849,9.79548,9.6597,9.69849,4.06331e+006
POW,9/14/2020 00:00:00,9.69849,9.79548,9.68879,9.69849,4.30815e+006
POW,9/15/2020 00:00:00,9.69849,9.89246,9.69849,9.84397,4.04012e+006
POW,9/16/2020 00:00:00,9.84397,9.89246,9.74698,9.84397,1.15938e+006
POW,9/17/2020 00:00:00,9.84397,9.89246,9.69849,9.69849,2.82064e+006
POW,9/18/2020 00:00:00,9.74698,9.79548,9.68879,9.69849,7.01168e+006
POW,9/21/2020 00:00:00,9.79548,9.84397,9.69849,9.79548,4.68063e+006
POW,9/22/2020 00:00:00,9.74698,9.79548,9.69849,9.69849,5.10972e+006
POW,9/23/2020 00:00:00,9.79548,10.0864,9.74698,10.0864,1.22093e+007
POW,9/24/2020 00:00:00,10.0864,10.1834,9.89246,9.94096,4.77556e+006
POW,9/25/2020 00:00:00,9.98945,9.98945,9.79548,9.84397,2.8245e+006
POW,9/28/2020 00:00:00,9.89246,9.94096,9.79548,9.84397,4.88185e+006
POW,9/29/2020 00:00:00,9.94096,10.0864,9.84397,9.84397,9.79962e+006
POW,9/30/2020 00:00:00,9.84397,10.0379,9.84397,9.94096,3.39481e+006
POW,10/1/2020 00:00:00,9.98945,10.0379,9.89246,9.98945,5.05234e+006
POW,10/2/2020 00:00:00,10.0379,10.4744,9.98945,10.2804,1.8218e+007
POW,10/5/2020 00:00:00,10.5229,10.6683,10.4259,10.5714,6.13397e+006
POW,10/6/2020 00:00:00,10.6198,10.6198,10.3774,10.4259,6.44507e+006
POW,10/7/2020 00:00:00,10.3774,10.4744,10.2319,10.2319,8.01139e+006
POW,10/8/2020 00:00:00,10.3289,10.3289,10.1349,10.1834,6.58669e+006
POW,10/9/2020 00:00:00,10.2804,10.4259,10.1834,10.2319,4.06863e+006
POW,10/12/2020 00:00:00,10.2804,10.3774,9.98945,10.0379,6.61194e+006
POW,10/13/2020 00:00:00,10.0864,10.0864,9.94096,9.94096,3.30825e+006
POW,10/14/2020 00:00:00,9.98945,10.0379,9.79548,9.89246,8.20907e+006
POW,10/15/2020 00:00:00,9.89246,9.98945,9.79548,9.84397,6.12052e+006
POW,10/16/2020 00:00:00,9.89246,10.1349,9.79548,9.98945,4.79566e+006
POW,10/19/2020 00:00:00,10.0864,10.0864,9.79548,9.84397,6.14404e+006
POW,10/20/2020 00:00:00,9.94096,9.94096,9.79548,9.89246,4.92396e+006
POW,10/21/2020 00:00:00,9.89246,9.94096,9.84397,9.84397,2.58759e+006
POW,10/22/2020 00:00:00,9.89246,10.0864,9.84397,10.0379,6.07007e+006
POW,10/23/2020 00:00:00,10.0864,10.1349,9.89246,9.98945,2.5776e+006
POW,10/26/2020 00:00:00,9.98945,10.0379,9.79548,9.79548,5.09973e+006
POW,10/27/2020 00:00:00,9.74698,9.79548,9.61121,9.61121,1.09856e+007
POW,10/28/2020 00:00:00,9.60151,9.6403,9.36874,9.38814,6.63617e+006
POW,10/29/2020 00:00:00,9.26206,9.47543,9.24266,9.30085,6.08921e+006
POW,10/30/2020 00:00:00,9.45603,9.45603,9.06809,9.11658,7.35433e+006
POW,11/2/2020 00:00:00,9.11658,9.26206,9.11658,9.21357,2.66503e+006
POW,11/3/2020 00:00:00,9.31055,9.43663,9.26206,9.40754,2.80817e+006
POW,11/4/2020 00:00:00,9.40754,9.65,9.36874,9.54332,5.48069e+006
POW,11/5/2020 00:00:00,9.55301,9.56271,9.46573,9.47543,3.32946e+006
POW,11/6/2020 00:00:00,9.47543,9.51422,9.42693,9.48513,2.03399e+006
POW,11/9/2020 00:00:00,9.58211,9.74698,9.55301,9.74698,5.25487e+006
POW,11/10/2020 00:00:00,9.89246,9.89246,9.68879,9.69849,5.59288e+006
POW,11/11/2020 00:00:00,9.69849,9.74698,9.59181,9.60151,5.39248e+006
POW,11/12/2020 00:00:00,9.65,9.69849,9.6306,9.6597,2.59117e+006
POW,11/13/2020 00:00:00,9.6791,9.74698,9.6597,9.69849,3.94682e+006
POW,11/16/2020 00:00:00,9.74698,9.79548,9.31055,9.50452,6.04439e+006
POW,11/17/2020 00:00:00,9.60151,9.69849,9.56271,9.65,4.45293e+006
POW,11/18/2020 00:00:00,9.8,9.8,9.7,9.73,6.91976e+006
POW,11/19/2020 00:00:00,9.75,9.89,9.72,9.85,6.10585e+006
POW,11/20/2020 00:00:00,9.9,9.96,9.86,9.88,5.25505e+006
POW,11/23/2020 00:00:00,9.94,10.05,9.91,9.95,6.73792e+006
POW,11/24/2020 00:00:00,10,10,9.84,9.9,4.64563e+006
POW,11/25/2020 00:00:00,9.9,9.98,9.84,9.86,4.48794e+006
POW,11/26/2020 00:00:00,9.86,9.95,9.8,9.88,3.33675e+006
POW,11/27/2020 00:00:00,9.96,10.35,9.96,10.25,1.95448e+007
POW,11/30/2020 00:00:00,10.35,10.35,10.1,10.1,6.04673e+006
POW,12/1/2020 00:00:00,10,10.2,9.9,10.1,8.24397e+006
POW,12/2/2020 00:00:00,10.1,10.8,10.1,10.8,2.47617e+007
POW,12/3/2020 00:00:00,11.1,11.55,11,11.4,2.19633e+007
POW,12/4/2020 00:00:00,11.25,11.85,11.1,11.55,1.55251e+007
POW,12/7/2020 00:00:00,11.4,11.7,11.4,11.45,1.19007e+007
POW,12/8/2020 00:00:00,11.5,11.6,11.2,11.35,1.38621e+007
POW,12/9/2020 00:00:00,11.35,11.8,11.3,11.4,1.68138e+007
POW,12/10/2020 00:00:00,11.5,11.6,11.25,11.3,9.61665e+006
POW,12/11/2020 00:00:00,11.4,11.65,11.3,11.65,1.13484e+007
POW,12/14/2020 00:00:00,11.75,11.95,11.65,11.9,1.47817e+007
POW,12/15/2020 00:00:00,11.8,11.9,11.6,11.65,1.24857e+007
POW,12/16/2020 00:00:00,11.65,11.8,11.55,11.7,1.10362e+007
POW,12/17/2020 00:00:00,11.7,12.35,11.65,11.85,1.90762e+007
POW,12/18/2020 00:00:00,12,12.1,11.9,12,1.29648e+007
POW,12/21/2020 00:00:00,12.15,12.25,11.9,12,1.13514e+007
POW,12/22/2020 00:00:00,12,12.2,11.8,12.2,1.77434e+007
POW,12/23/2020 00:00:00,12.4,12.75,12.35,12.4,1.80648e+007
POW,12/24/2020 00:00:00,12.6,12.65,11.65,12.1,1.13343e+007
POW,12/25/2020 00:00:00,12.1,12.35,11.85,12.3,9.3869e+006
POW,12/28/2020 00:00:00,12.5,13.15,12.4,13.15,2.73885e+007
POW,12/29/2020 00:00:00,13.15,13.7,13,13.45,1.4995e+007
POW,12/30/2020 00:00:00,13.45,13.8,13.3,13.4,9.29718e+006
POW,12/31/2020 00:00:00,13.35,13.7,13.2,13.6,1.10855e+007
POW,1/4/2021 00:00:00,13.9,14.35,13.75,14.1,1.38089e+007
POW,1/5/2021 00:00:00,13.95,14.4,13.9,14.2,9.5957e+006
POW,1/6/2021 00:00:00,14.35,14.4,13.8,13.9,1.58148e+007
POW,1/7/2021 00:00:00,13.9,14.2,13.65,14,1.88783e+007
POW,1/8/2021 00:00:00,14.2,14.2,13.8,13.95,1.76659e+007
POW,1/11/2021 00:00:00,14.1,14.65,14.05,14.6,1.49908e+007
POW,1/12/2021 00:00:00,14.75,14.75,14.35,14.6,1.02185e+007
POW,1/13/2021 00:00:00,14.6,14.6,14.2,14.2,1.29272e+007
POW,1/14/2021 00:00:00,14.2,14.3,13.9,14.2,1.35723e+007
POW,1/15/2021 00:00:00,14.2,14.6,14.2,14.35,1.11546e+007
POW,1/18/2021 00:00:00,14.5,15.2,14.35,14.75,1.66005e+007
POW,1/19/2021 00:00:00,14.8,15.1,13.75,13.85,1.69578e+007
POW,1/20/2021 00:00:00,14.05,14.25,13.1,14,1.34294e+007
POW,1/21/2021 00:00:00,14.3,14.6,13.95,14.35,1.00569e+007
POW,1/22/2021 00:00:00,14.35,14.75,14.15,14.35,1.13684e+007
POW,1/25/2021 00:00:00,14.15,14.45,14.1,14.15,7.3331e+006
POW,1/26/2021 00:00:00,14.2,14.2,13.2,13.5,1.03464e+007
POW,1/27/2021 00:00:00,13.1,13.55,12.6,12.8,1.45219e+007
POW,1/28/2021 00:00:00,11.95,12.3,11.95,11.95,9.377e+006
POW,1/29/2021 00:00:00,11.15,12.5,11.15,11.9,1.2247e+007
POW,2/1/2021 00:00:00,11.85,12.35,11.5,11.5,1.21955e+007
POW,2/2/2021 00:00:00,11.5,11.8,11.25,11.65,9.1662e+006
POW,2/3/2021 00:00:00,12,12.45,11.9,12.45,1.69316e+007
POW,2/4/2021 00:00:00,12.8,12.95,12.45,12.6,1.55518e+007
POW,2/5/2021 00:00:00,12.6,12.8,12.5,12.7,5.9984e+006
POW,2/8/2021 00:00:00,12.65,12.8,11.9,12.15,1.21564e+007
POW,2/9/2021 00:00:00,12.3,12.45,11.9,12.35,7.9415e+006
POW,2/17/2021 00:00:00,12.65,13,12.5,13,9.9359e+006
POW,2/18/2021 00:00:00,13.15,13.3,12.8,13.05,1.17089e+007
POW,2/19/2021 00:00:00,12.9,13.3,12.9,13.05,8.1012e+006
POW,2/22/2021 00:00:00,13.05,13.15,12.85,12.9,9.4392e+006
POW,2/23/2021 00:00:00,13,13.05,12.75,12.85,9.3709e+006
POW,2/24/2021 00:00:00,12.95,13.05,12.5,12.65,1.0513e+007
POW,2/25/2021 00:00:00,12.8,12.9,12.5,12.7,8.4923e+006
POW,2/26/2021 00:00:00,12.5,12.7,12.4,12.6,7.5155e+006
POW,3/1/2021 00:00:00,12.7,13.1,12.65,13.05,1.02674e+007
POW,3/2/2021 00:00:00,13.2,13.2,12.9,12.95,1.01917e+007
POW,3/3/2021 00:00:00,12.9,12.95,12.75,12.85,8.7946e+006
POW,3/4/2021 00:00:00,12.95,12.95,12.4,12.6,1.01579e+007
POW,3/5/2021 00:00:00,12.95,13.45,12.9,13.45,4.43573e+007
POW,3/8/2021 00:00:00,14.35,14.35,14.05,14.15,3.42277e+007
POW,3/9/2021 00:00:00,13.95,14,13.6,13.6,2.86845e+007
POW,3/10/2021 00:00:00,13.45,14,13.35,13.65,2.22013e+007
POW,3/11/2021 00:00:00,13.95,13.95,13.7,13.8,1.3652e+007
POW,3/12/2021 00:00:00,13.9,13.95,13.65,13.75,1.35288e+007
POW,3/15/2021 00:00:00,13.75,13.85,13.65,13.7,1.58831e+007
POW,3/16/2021 00:00:00,13.7,13.7,13.3,13.6,2.02921e+007
POW,3/17/2021 00:00:00,13.75,14.2,13.7,13.95,2.57176e+007
POW,3/18/2021 00:00:00,14.1,14.15,13.75,13.85,1.14048e+007
POW,3/19/2021 00:00:00,13.7,13.75,13.4,13.4,2.16295e+007
POW,3/22/2021 00:00:00,13.5,13.7,13.45,13.55,1.46606e+007
POW,3/23/2021 00:00:00,13.6,13.65,13.2,13.3,1.4109e+007
POW,3/24/2021 00:00:00,12.95,13.1,12.6,12.75,2.42009e+007
