<Ticker>,<DTYYYYMMDD>,<OpenFixed>,<HighFixed>,<LowFixed>,<CloseFixed>,<Volume>
AST,20180104,38.9781,38.9781,38.9781,38.9781,12000
AST,20180105,41.6488,41.6488,41.6488,41.6488,8700
AST,20180108,44.5361,44.5361,44.5360,44.5360,150720
AST,20180109,47.6398,47.6399,47.6398,47.6399,223230
AST,20180110,50.9603,50.9603,50.9602,50.9602,173190
AST,20180111,49.0835,50.9602,47.4233,47.4233,203460
AST,20180112,49.8053,49.8053,46.9180,47.6399,234850
AST,20180115,47.6399,48.0008,46.1241,46.4128,63550
AST,20180116,45.5466,46.2684,45.0413,46.2684,126190
AST,20180117,47.6399,48.3617,46.9180,47.0624,106720
AST,20180118,46.9180,46.9180,44.6082,46.7015,118340
AST,20180119,46.7015,47.1346,45.4744,46.8459,159450
AST,20180122,46.8459,48.0008,46.8459,47.7842,295680
AST,20180125,48.3617,48.3617,46.9180,48.0008,278640
AST,20180126,48.1452,48.2173,47.6399,47.9286,163520
AST,20180129,45.4744,47.8564,45.3301,47.4955,269020
AST,20180130,46.1962,47.4955,45.8353,46.9902,354390
AST,20180131,48.3616,48.3616,47.4233,47.5677,116870
AST,20180201,48.0008,49.6610,47.6399,49.6609,471760
AST,20180202,50.5271,50.5271,49.6609,50.3106,322370
AST,20180205,50.0219,50.0219,49.2279,49.5166,193730
AST,20180206,46.9181,48.2173,46.0519,46.4128,280640
AST,20180207,47.8564,48.0008,46.9903,48.0008,252300
AST,20180208,48.0008,48.7226,47.2790,48.3617,186020
AST,20180209,46.9181,47.4955,46.1963,47.3511,175110
AST,20180212,48.0007,50.4549,47.9286,48.4338,135440
AST,20180213,49.8052,49.8052,48.5782,49.0113,122540
AST,20180221,49.4444,51.9707,49.4444,51.3933,179470
AST,20180222,51.9708,51.9708,50.5271,51.4655,161180
AST,20180223,51.9708,51.9708,51.6099,51.9707,172900
AST,20180226,51.9707,53.1256,51.2489,51.9707,145310
AST,20180227,52.1151,52.1151,51.3211,51.6820,159690
AST,20180228,51.6820,51.6820,51.3933,51.6820,198250
AST,20180301,51.9707,52.1151,51.6820,51.9707,422090
AST,20180302,51.8263,55.5798,51.6820,55.4355,377660
AST,20180305,56.3017,57.7453,56.3017,57.0235,186220
AST,20180306,57.0235,57.0235,55.7964,56.8069,123950
AST,20180307,56.8069,59.1889,56.1573,56.5904,166610
AST,20180308,57.0235,58.4671,56.5904,58.4671,187690
AST,20180309,58.8280,61.5709,58.8280,61.2822,219610
AST,20180312,61.8597,62.0762,60.0551,60.0551,125910
AST,20180313,59.9107,60.4882,58.4671,59.8385,155190
AST,20180314,60.4160,60.7769,59.8385,60.2716,138290
AST,20180315,60.6325,60.6325,56.0851,56.0851,321820
AST,20180316,56.0851,59.1889,55.9407,59.1889,228160
AST,20180319,59.8385,59.8385,57.9618,58.7558,124120
AST,20180320,59.1167,59.4776,57.8174,59.1889,152330
AST,20180321,57.9618,59.5498,55.2189,55.2189,245380
AST,20180322,57.0234,57.0234,53.8475,55.5798,173020
AST,20180323,52.6925,55.5798,52.6925,55.4355,116420
AST,20180326,55.4355,56.0851,55.3633,56.0129,128920
AST,20180327,57.3843,59.1889,57.0234,59.1889,154960
AST,20180328,59.5498,59.5498,57.0235,58.2505,143580
AST,20180329,58.4670,58.6836,57.0234,57.7453,118090
AST,20180330,57.9618,58.0340,56.3017,57.7453,112340
AST,20180402,57.7453,57.7453,57.0957,57.6009,139790
AST,20180403,57.7453,59.1167,57.7453,58.1062,185980
AST,20180404,58.9724,58.9724,57.7453,58.3949,175870
AST,20180405,59.1167,59.1167,57.7453,58.3949,146820
AST,20180406,58.7558,58.8280,58.3949,58.7558,160160
AST,20180409,59.1167,59.1889,57.7453,58.3227,135170
AST,20180410,58.4671,58.4671,57.7452,57.8175,115720
AST,20180411,58.2506,58.2506,55.9408,56.2295,228580
AST,20180412,56.2295,56.2295,55.5799,55.8686,138310
AST,20180413,55.0746,57.0235,55.0746,56.5182,353340
AST,20180416,57.1678,57.3844,56.6626,57.0235,104460
AST,20180417,57.6731,58.1062,57.6010,57.7453,257250
AST,20180418,58.1062,58.7558,57.8175,58.6115,225770
AST,20180419,58.8280,60.9213,58.6115,59.1889,238130
AST,20180420,60.2716,60.2716,59.4054,59.5498,106250
AST,20180423,59.9107,60.2716,57.7453,59.1889,164650
AST,20180424,59.1889,59.5498,58.4671,59.5498,149860
AST,20180426,60.2716,60.4160,58.8280,59.1167,122900
AST,20180427,58.8280,59.1889,58.1062,59.1889,140120
AST,20180502,59.9107,59.9107,58.1062,58.8280,101420
AST,20180503,59.1889,59.1889,57.8175,58.8280,103170
AST,20180504,59.1889,59.6942,58.4671,58.7558,83030
AST,20180507,58.7558,58.8280,56.3016,57.3844,85350
AST,20180508,57.0235,57.0235,54.4971,54.4971,118110
AST,20180509,54.1362,54.1362,52.3317,53.0535,140310
AST,20180510,52.0430,52.9813,51.2489,51.2489,111260
AST,20180511,51.2489,51.2489,49.0835,50.5271,72350
AST,20180514,50.5271,51.6098,50.3827,51.2489,75220
AST,20180515,50.5271,51.3933,50.5271,50.5993,90040
AST,20180516,50.0218,50.5271,49.8053,49.8775,91730
AST,20180517,50.5271,50.7437,50.2384,50.3106,43170
AST,20180518,50.5271,50.5993,50.2384,50.5271,53280
AST,20180521,49.4444,50.6715,49.4444,50.1662,65640
AST,20180522,50.1662,50.1662,48.7226,48.7226,70850
AST,20180523,48.3617,48.3617,47.6399,48.2895,57130
AST,20180524,47.2790,48.0008,47.2790,47.6399,60480
AST,20180525,47.2790,47.2790,46.4128,47.0624,84480
AST,20180528,46.1962,46.3406,45.4744,45.4744,93020
AST,20180529,45.4744,45.5466,42.5871,42.5871,171350
AST,20180530,42.8036,45.5466,42.8036,45.5466,62050
AST,20180531,45.5466,47.9286,45.5466,46.7737,52930
AST,20180601,44.6083,50.0219,44.6083,50.0218,91370
AST,20180604,50.4549,50.4549,49.0834,50.1662,80290
AST,20180605,49.4444,50.0218,49.2278,49.5888,140830
AST,20180606,49.8053,49.8053,48.7226,49.4444,80910
AST,20180607,49.8053,50.4549,49.0835,49.5166,68740
AST,20180608,49.5166,49.5166,48.2895,48.5060,96500
AST,20180611,49.2278,49.2278,47.6398,48.1451,73340
AST,20180612,47.7120,48.0007,46.9902,47.6399,81340
AST,20180613,49.0835,49.0835,47.3512,48.2895,71040
AST,20180614,48.5782,48.8670,47.6399,48.2895,116820
AST,20180615,48.7226,48.9391,48.0008,48.3617,51190
AST,20180618,49.8498,49.8498,46.1296,48.3631,59800
AST,20180619,48.3631,48.3631,45.3869,45.6101,57360
AST,20180620,46.1309,47.6190,45.7589,47.2470,60870
AST,20180621,47.7678,47.9910,45.3869,47.5447,90220
AST,20180622,47.6191,47.6191,46.1310,47.4703,57950
AST,20180625,47.6191,47.6191,46.6518,47.0238,53540
AST,20180626,47.6190,47.6190,46.2053,46.8750,62820
AST,20180627,47.2470,47.2470,46.8750,47.0238,63680
AST,20180628,47.2470,47.2470,46.4286,46.8006,58360
AST,20180629,47.2470,47.2470,46.3542,46.8006,60000
AST,20180702,47.0238,47.0238,45.9821,46.5030,71800
AST,20180703,46.5030,46.5030,45.3869,46.1310,92360
AST,20180704,46.1310,46.5774,45.4614,46.4286,68840
AST,20180705,45.9822,46.5030,45.9822,46.4286,59910
AST,20180706,46.2798,46.4286,45.9822,46.4286,68930
AST,20180709,46.4286,47.2471,46.1310,46.8006,68460
AST,20180710,46.8750,47.1726,46.8006,46.8750,60290
AST,20180711,46.3542,46.8750,45.9821,46.2798,54950
AST,20180712,47.1727,47.1727,43.8988,45.3869,126380
AST,20180713,45.3869,46.8750,42.4107,45.5357,55100
AST,20180716,45.9821,46.1309,45.5357,45.5357,51320
AST,20180717,45.5357,45.7589,45.3869,45.6101,55530
AST,20180718,45.6845,46.5030,45.5357,45.7589,51800
AST,20180719,46.0565,46.0565,45.0149,45.2381,54330
AST,20180720,45.9821,45.9821,45.0149,45.2381,64000
AST,20180723,45.3869,45.9821,45.0893,45.5357,50120
AST,20180724,45.3125,45.7589,45.3125,45.7589,51990
AST,20180725,45.7589,46.3542,45.7589,46.3542,61350
AST,20180726,46.5030,47.0238,46.5030,46.8006,57380
AST,20180727,46.8750,47.0238,46.5030,46.8750,70940
AST,20180730,46.8750,46.8750,46.2798,46.8750,54550
AST,20180731,46.5030,46.8006,46.2054,46.6518,53490
AST,20180801,46.3542,46.8006,46.0566,46.8006,70310
AST,20180802,46.5030,47.0238,46.4286,46.6518,52300
AST,20180803,46.8750,46.8750,46.1310,46.6518,51420
AST,20180806,46.1310,46.8750,45.7589,46.7262,80250
AST,20180807,46.8750,49.8512,46.8750,49.7768,255960
AST,20180808,49.7768,50.3720,48.0655,48.3631,109180
AST,20180809,48.3631,49.1071,48.1399,48.3631,102890
AST,20180810,48.2143,48.3631,46.8750,47.8423,102800
AST,20180813,47.9167,48.2143,46.5774,46.7262,88960
AST,20180814,46.7262,47.6191,46.3542,47.5447,80880
AST,20180815,47.8423,47.8423,46.5030,47.1726,86700
AST,20180816,47.9911,47.9911,46.5030,47.0238,69790
AST,20180817,47.6190,47.6190,46.6518,47.0982,74260
AST,20180820,47.5446,47.5446,47.0982,47.1726,71810
AST,20180821,47.5446,47.5446,46.5030,47.2470,69390
AST,20180822,46.8750,47.3214,46.1309,47.2470,96360
AST,20180823,46.8750,46.9494,45.6845,45.9078,61540
AST,20180824,45.9078,46.1310,45.7590,46.1310,56790
AST,20180827,46.1310,46.5030,45.9078,46.2798,58630
AST,20180828,46.6518,46.7262,45.9078,46.5030,71390
AST,20180829,46.8006,46.8006,45.9078,46.3542,62260
AST,20180830,46.4286,46.8750,46.2054,46.6518,61290
AST,20180831,46.7262,46.7262,46.0566,46.5030,59620
AST,20180904,46.8750,46.8750,45.7589,45.7589,54940
AST,20180905,45.7589,46.4285,45.7589,46.2798,50880
AST,20180906,46.5030,46.5030,46.1310,46.2798,50070
AST,20180907,46.3542,46.4286,45.7590,46.2798,56310
AST,20180910,46.4286,46.4286,45.6102,46.4286,51430
AST,20180911,46.3542,46.4286,46.0566,46.3542,52210
AST,20180912,46.4286,46.4286,46.2054,46.4286,59970
AST,20180913,46.4286,46.4286,45.7590,45.9078,55440
AST,20180914,46.5030,46.5030,45.6845,45.6845,59050
AST,20180917,45.6845,45.8333,45.1637,45.5357,51540
AST,20180918,45.5357,46.0565,45.1637,45.6101,55030
AST,20180919,45.2381,46.1309,45.0149,45.6845,52700
AST,20180920,45.6845,46.4285,45.2381,46.3542,60390
AST,20180921,46.3542,46.5774,46.3542,46.5030,51010
AST,20180924,46.5030,46.7262,46.5030,46.6518,56980
AST,20180925,46.8006,46.8006,46.5774,46.8006,55090
AST,20180926,46.8750,46.9494,46.4286,46.8006,55210
AST,20180927,46.8750,47.0982,46.7262,47.0238,69340
AST,20180928,47.6190,48.8095,47.4702,48.3631,139230
AST,20181001,49.4792,50.0000,48.7351,49.1072,120530
AST,20181002,49.1072,49.7768,49.1072,49.5536,130840
AST,20181003,50.0000,50.1488,49.7768,50.1488,111510
AST,20181004,50.5208,50.5952,49.4792,49.4792,130840
AST,20181005,49.8512,49.8512,49.2560,49.4792,108540
AST,20181008,49.7024,49.7024,48.7351,48.7351,120990
AST,20181009,48.7351,48.8095,48.3631,48.3631,100400
AST,20181010,48.5119,49.5536,48.3631,49.5536,133520
AST,20181011,49.1072,49.1072,48.2143,49.1072,92130
AST,20181012,48.5120,49.4792,48.2143,49.4792,104070
AST,20181015,49.4792,50.3721,49.4048,50.2976,108220
AST,20181016,50.4464,51.1905,50.4464,51.1905,121880
AST,20181017,51.1905,52.0090,51.1905,51.9345,115570
AST,20181018,51.9345,52.0089,51.5625,51.8601,91670
AST,20181019,51.5625,51.7113,50.7440,51.7113,106900
AST,20181022,51.8601,52.7530,51.3393,52.4554,123180
AST,20181023,52.5298,52.5298,50.2233,50.8929,87950
AST,20181024,50.9673,51.2649,50.8929,51.2649,104150
AST,20181025,49.1072,50.5953,48.8839,50.5953,110770
AST,20181026,50.8185,51.0417,50.2233,50.5208,90400
AST,20181029,50.5208,50.5208,49.1071,49.1072,113860
AST,20181030,49.1072,49.6280,47.9911,48.7351,131100
AST,20181031,48.7351,49.1071,48.3631,48.8839,98390
AST,20181101,48.8839,49.4047,48.3631,48.8095,92050
AST,20181102,48.8095,49.0327,48.4375,48.9583,97960
AST,20181105,48.9583,49.5535,48.9583,49.3304,108180
AST,20181106,49.7024,50.0000,48.3631,48.3631,118370
AST,20181107,48.3631,49.1071,48.2143,48.3631,165730
AST,20181108,48.3631,48.7351,48.2143,48.6607,149090
AST,20181109,48.6607,48.9583,48.4375,48.8095,102960
AST,20181112,48.8095,48.9583,48.4375,48.9583,94610
AST,20181113,48.9583,49.0327,48.2887,48.3631,113280
AST,20181114,48.5119,48.8095,48.2143,48.3631,86660
AST,20181115,48.7351,49.1816,47.4702,47.9911,143950
AST,20181116,47.9911,48.3631,47.2470,47.2470,87730
AST,20181119,47.2470,48.2143,47.0238,47.9167,90840
AST,20181120,48.2887,48.2887,47.7679,48.1399,170840
AST,20181121,48.2143,48.5119,48.1399,48.4375,209300
AST,20181122,48.5863,48.8839,48.3631,48.7351,230270
AST,20181123,48.8095,48.8095,48.4375,48.7351,128840
AST,20181126,48.7351,49.1071,48.5119,48.9583,179400
AST,20181127,49.1071,49.2559,48.8095,49.1072,126980
AST,20181128,49.1072,50.5953,49.1072,50.5953,247600
AST,20181129,50.6697,52.2322,50.6697,51.6369,232830
AST,20181130,51.6369,52.0833,51.3393,51.8601,138610
AST,20181203,52.0089,52.0089,51.4137,51.7113,111250
AST,20181204,51.7113,51.8601,50.5952,51.2649,110330
AST,20181205,51.2649,51.2649,50.5953,50.9673,101470
AST,20181206,50.9673,51.8602,50.9673,51.5625,97850
AST,20181207,51.5625,51.7113,51.4881,51.6369,96270
AST,20181210,51.4137,51.4881,51.2649,51.4137,106390
AST,20181211,51.4137,51.4881,51.2649,51.4881,105660
AST,20181212,51.4881,51.8601,51.3393,51.7857,103150
AST,20181213,51.7857,51.9345,51.7113,51.9345,121840
AST,20181214,52.0833,52.8274,52.0833,52.2322,132460
AST,20181217,52.2322,52.2322,51.7858,52.0089,111770
AST,20181218,52.0089,52.7530,51.5625,52.7530,330390
AST,20181219,52.9762,53.0506,52.0834,52.3066,124100
AST,20181220,52.3066,52.5298,52.0834,52.5298,115790
AST,20181221,52.5298,52.6786,52.3810,52.5298,92430
AST,20181224,52.6042,52.6042,52.0090,52.0833,185200
AST,20181225,52.0833,52.3809,51.3393,51.3393,141370
AST,20181226,51.3393,51.5625,51.1905,51.4881,85070
AST,20181227,51.4881,51.7113,50.7441,51.2649,77100
AST,20181228,51.2649,51.4881,50.8185,51.4881,85050
AST,20190102,51.3393,51.7113,50.9673,51.4881,75820
AST,20190103,51.4881,51.6369,51.0417,51.3393,70010
AST,20190104,51.3393,51.3393,50.5953,51.3393,74020
AST,20190107,51.3393,51.6369,51.3393,51.5625,69760
AST,20190108,51.5625,52.3810,51.5625,52.3066,102510
AST,20190109,52.3066,53.3483,52.3066,53.1994,103950
AST,20190110,53.1994,53.4226,53.0506,53.3482,72150
AST,20190111,53.3482,53.3482,52.6042,53.0506,71750
AST,20190114,53.1250,53.1250,52.3066,52.4554,59650
AST,20190115,52.4554,52.6042,51.3393,51.4881,69580
AST,20190116,51.3393,51.4137,48.1399,48.7351,121340
AST,20190117,48.8095,48.8095,46.2797,46.3542,105300
AST,20190118,46.8750,47.6191,46.2798,46.5774,75880
AST,20190121,46.5774,47.0238,46.5774,46.7262,71890
AST,20190122,46.7262,46.9494,46.5774,46.7262,62850
AST,20190123,46.7262,47.0238,46.5774,46.8006,69100
AST,20190124,46.7262,46.8750,46.5030,46.7262,61220
AST,20190125,46.7262,47.6191,46.7262,46.8750,62660
AST,20190128,46.8750,46.8750,46.5774,46.8750,66260
AST,20190129,46.8750,46.8750,46.6518,46.8750,60350
AST,20190130,46.7262,47.3214,46.7262,47.2470,61020
AST,20190131,47.2470,47.9910,47.2470,47.8423,72230
AST,20190201,47.9911,48.7352,47.9911,48.3631,63300
AST,20190211,48.7351,48.7351,48.2887,48.7351,62740
AST,20190212,48.7351,49.2560,48.5863,49.2560,69770
AST,20190213,49.4048,49.8512,49.4048,49.8512,67320
AST,20190214,50.0744,50.5953,49.8512,50.5953,78080
AST,20190215,50.7441,50.9673,50.2976,50.2976,60550
AST,20190218,50.2976,50.9673,50.2976,50.9673,81500
AST,20190219,51.2649,51.3393,51.0417,51.3393,73590
AST,20190220,51.5625,51.7113,51.4137,51.5625,66000
AST,20190221,51.7113,51.7113,51.2649,51.5625,59010
AST,20190222,51.7113,51.7113,51.3393,51.6369,55070
AST,20190225,51.4881,52.0833,51.4881,52.0833,77160
AST,20190226,52.0833,52.4554,52.0833,52.4554,65230
AST,20190227,52.4554,52.8274,52.4554,52.8274,65040
AST,20190228,52.8274,52.9762,52.0834,52.2322,64940
AST,20190301,52.3066,52.6786,52.0834,52.4554,61050
AST,20190304,52.4554,52.9762,52.4554,52.8274,72170
AST,20190305,52.9762,53.1250,52.8274,53.0506,56580
AST,20190306,53.0506,53.1994,52.8274,52.8274,57230
AST,20190307,52.8274,53.0506,52.6042,52.8274,56610
AST,20190308,52.6786,52.8274,52.1578,52.3066,58960
AST,20190311,52.3066,52.4554,52.0834,52.4554,55580
AST,20190312,52.4554,52.6786,52.4554,52.6786,77190
AST,20190313,52.6786,52.9762,52.6786,52.7530,54290
AST,20190314,52.7530,52.7530,52.4554,52.7530,58020
AST,20190315,53.8932,53.8932,53.3611,53.5884,60260
AST,20190318,53.5884,53.5884,52.1442,52.8283,61390
AST,20190319,53.1323,53.8925,53.1323,53.8164,57290
AST,20190320,53.8164,53.9684,53.3603,53.8925,61770
AST,20190321,53.8925,54.1965,53.8925,54.1205,60540
AST,20190322,54.1205,54.1205,53.8165,54.0445,55320
AST,20190325,53.4364,53.8925,53.4364,53.7404,51910
AST,20190326,53.7404,53.8924,53.7404,53.7404,55780
AST,20190327,53.7404,53.7404,53.3603,53.3604,69940
AST,20190328,53.3604,53.6644,53.2084,53.6644,73100
AST,20190329,53.6644,53.8164,53.6644,53.7404,69240
AST,20190401,53.7404,53.7404,53.2843,53.5884,60910
AST,20190402,53.7404,53.7404,53.5884,53.7404,70360
AST,20190403,53.5884,53.7404,53.4364,53.6644,56780
AST,20190404,53.6644,53.7404,53.5124,53.5124,61900
AST,20190405,53.5124,53.6644,53.5124,53.6644,72110
AST,20190408,53.6644,53.9684,53.5124,53.8164,67330
AST,20190409,53.9684,53.9684,53.0563,53.0563,70790
AST,20190410,53.0563,53.5884,53.0563,53.5124,72660
AST,20190411,53.5124,54.1205,53.5124,53.9685,78760
AST,20190412,54.1205,54.8806,54.0445,54.8806,100640
AST,20190416,54.9566,55.3367,54.3485,54.7286,65050
AST,20190417,54.9566,57.0090,54.9566,57.0089,132770
AST,20190418,57.1609,57.1609,56.2488,56.7049,71220
AST,20190419,56.7049,57.1610,56.7049,56.9329,92170
AST,20190422,56.7809,57.5410,56.6289,57.2370,141740
AST,20190423,57.2370,57.3130,56.9330,57.2370,108310
AST,20190424,57.2370,57.3890,56.9330,57.3130,100950
AST,20190425,57.3130,57.3130,56.8569,57.0089,106620
AST,20190426,57.0089,57.3130,57.0089,57.3130,85950
AST,20190502,57.3130,57.3890,57.0090,57.3130,106840
AST,20190503,57.4650,57.4650,56.9329,57.1610,90470
AST,20190506,57.1610,57.1610,57.0089,57.0089,108120
AST,20190507,57.1609,57.4650,57.0089,57.4650,96700
AST,20190508,57.4650,57.4650,57.0089,57.2370,82610
AST,20190509,57.3130,57.4650,56.8569,57.0089,93830
AST,20190510,57.1609,57.1609,56.8569,57.0850,80310
AST,20190513,57.3130,57.3130,56.7810,57.0089,91590
AST,20190514,57.1609,57.1609,56.2488,56.2488,80370
AST,20190515,56.4008,56.7809,56.4008,56.4769,80790
AST,20190516,56.5529,56.5529,56.2489,56.4009,72720
AST,20190517,56.4009,56.4769,56.2489,56.4009,80290
AST,20190520,56.9706,57.2555,56.4959,57.1990,91700
AST,20190521,57.2940,60.2395,57.2940,60.0494,140480
AST,20190522,60.3344,60.5245,59.8594,60.1444,91810
AST,20190523,60.1444,60.1444,59.7643,59.8594,70050
AST,20190524,59.7644,59.8594,59.1943,59.3843,70800
AST,20190527,59.3843,59.5743,58.1491,58.4342,95230
AST,20190528,58.4342,58.6242,58.1492,58.6242,148090
AST,20190529,58.6242,58.6242,58.0541,58.3392,80430
AST,20190530,58.3392,58.3392,57.8641,57.9591,94940
AST,20190531,57.7691,57.9591,57.6741,57.9591,163950
AST,20190603,57.9591,58.2441,57.6741,58.2441,99340
AST,20190604,58.4341,59.8594,58.1491,59.8594,96920
AST,20190605,60.0494,60.3345,59.6694,59.9544,104370
AST,20190606,59.9544,59.9544,59.5743,59.9544,90190
AST,20190607,60.0494,60.0494,59.6694,59.9544,80070
AST,20190610,60.1444,60.7145,60.0494,60.7145,240910
AST,20190611,60.8095,61.2846,60.8095,60.8095,82150
AST,20190612,60.9995,61.7597,60.9995,61.7597,155660
AST,20190613,61.9497,63.8500,61.9497,63.8500,213970
AST,20190614,63.8500,63.8500,62.7098,63.8500,97410
AST,20190617,63.8500,63.9450,62.0447,62.5198,60540
AST,20190618,62.5198,62.7098,62.1397,62.1398,73660
AST,20190619,62.1398,62.3298,61.7597,61.7597,65840
AST,20190620,61.8547,63.6600,61.7597,63.2799,73020
AST,20190621,63.2799,63.6600,62.6148,63.0899,63700
AST,20190624,63.1849,63.1849,62.7098,62.7098,64260
AST,20190625,62.7098,62.7098,60.8095,60.8095,74990
AST,20190626,61.1896,61.1896,60.6195,60.6195,67920
AST,20190627,60.6195,60.9996,60.6195,60.8095,60840
AST,20190628,60.9995,61.2846,60.7145,60.8095,62300
AST,20190701,60.9995,60.9995,60.7145,60.9046,66490
AST,20190702,60.9046,60.9996,60.6196,60.7145,61520
AST,20190703,60.7145,60.8095,60.5245,60.5245,63340
AST,20190704,60.5245,60.8095,60.5245,60.8095,74580
AST,20190705,60.8095,61.0945,60.7145,60.9996,97330
AST,20190708,60.9996,61.3797,60.4295,60.6195,62700
AST,20190709,60.9996,60.9996,59.8594,60.1444,76720
AST,20190710,60.4294,60.4294,59.7643,60.3345,65710
AST,20190711,60.6195,60.6195,58.9093,59.0993,76080
AST,20190712,59.0993,59.6694,58.4342,59.4793,65550
AST,20190715,59.6693,59.8594,59.2893,59.4793,58150
AST,20190716,59.4793,59.9544,59.3843,59.6694,60530
AST,20190717,59.8594,59.9544,59.5744,59.7644,62800
AST,20190718,59.7644,59.8594,59.5744,59.6694,60090
AST,20190719,59.6694,59.6694,59.0993,59.2893,61590
AST,20190722,59.2893,59.3843,58.1491,58.1491,71400
AST,20190723,58.1491,58.5292,57.9591,58.5292,62000
AST,20190724,58.5292,58.7192,58.1491,58.3392,59860
AST,20190725,58.3392,58.6242,58.2442,58.5292,53540
AST,20190726,58.5292,58.7192,58.5292,58.6242,56710
AST,20190729,58.6242,58.6242,57.7691,57.9591,56150
AST,20190730,57.9591,58.1491,57.7691,57.9591,72530
AST,20190731,58.1491,59.7644,57.7691,59.0993,67200
AST,20190801,59.0993,61.0946,59.0993,60.9996,102440
AST,20190802,61.0946,61.7597,60.6195,61.2846,64580
AST,20190805,61.2846,61.3796,60.6195,61.1896,58040
AST,20190806,60.9996,60.9996,59.8594,60.8095,77220
AST,20190807,60.8095,63.2799,60.6195,62.8049,185220
AST,20190808,62.7099,64.0401,62.2348,63.7550,133810
AST,20190809,63.9450,63.9450,62.7098,63.6600,116390
AST,20190812,63.6600,65.1802,63.4700,64.6101,142120
AST,20190813,64.6101,64.8001,64.1350,64.7052,74440
AST,20190814,64.7052,64.7052,64.0401,64.3251,55130
AST,20190815,64.1351,64.1351,61.9497,62.7098,53090
AST,20190816,62.7098,63.0899,62.2347,62.3298,59470
AST,20190819,62.5198,62.8999,62.2348,62.8999,57840
AST,20190820,63.1849,63.6600,62.9949,63.3749,50270
AST,20190821,63.3749,64.0400,63.3749,64.0400,62200
AST,20190822,64.9901,64.9901,63.9450,64.8002,87120
AST,20190823,64.8002,64.9902,63.9451,64.3251,53770
AST,20190826,64.3251,64.3251,63.6600,64.0400,53510
AST,20190827,64.1350,64.1350,63.5649,63.5650,68210
AST,20190828,63.5650,63.6600,62.1398,62.7098,72770
AST,20190829,62.7098,62.7098,62.0447,62.2348,52410
AST,20190830,62.2348,62.2348,60.9046,62.1398,140620
AST,20190903,62.2348,62.8999,62.2348,62.4248,94200
AST,20190904,62.7098,64.6101,62.6148,63.9450,137010
AST,20190905,64.4201,64.4201,64.1350,64.4201,67290
AST,20190906,64.8002,64.8002,64.4201,64.6101,60020
AST,20190909,64.6101,64.6101,63.5649,64.0400,51650
AST,20190910,64.0400,64.4201,62.3297,62.8999,82670
AST,20190911,62.8999,63.2800,62.8999,63.0899,54980
AST,20190912,63.0899,63.4700,62.7098,63.4700,67060
AST,20190913,63.6600,63.7550,63.4700,63.7550,62280
AST,20190916,63.7550,64.4201,63.7550,64.2301,90580
AST,20190917,64.6102,64.6102,64.0401,64.4201,60770
AST,20190918,64.6101,68.2207,64.6101,68.2207,148530
AST,20190919,68.6008,68.7908,66.7955,67.4606,66070
AST,20190920,67.6506,68.4107,67.4606,67.5556,58310
AST,20190923,67.5556,67.5556,64.7052,64.7052,146180
AST,20190924,64.8952,64.8952,61.9498,63.1849,86400
AST,20190925,63.1849,63.5650,62.5198,62.7098,67200
AST,20190926,62.7098,62.8048,61.9497,61.9497,75250
AST,20190927,61.9497,62.8048,61.7597,61.9497,66720
AST,20190930,61.9497,63.0899,61.7597,63.0899,60440
AST,20191001,63.0899,63.7550,63.0899,63.3749,52160
AST,20191002,63.3749,63.5649,62.9948,63.2799,54050
AST,20191003,63.2799,63.4699,62.5198,62.8999,62800
AST,20191004,63.1849,63.7550,63.1849,63.4700,48570
AST,20191007,64.0401,66.4155,63.9451,65.7503,144180
AST,20191008,65.9403,65.9403,63.8500,63.8500,60270
AST,20191009,63.8500,64.4201,63.4699,63.5650,41930
AST,20191010,63.6600,63.6600,63.3750,63.6600,46630
AST,20191011,63.8500,64.8952,63.8500,64.7052,103490
AST,20191014,64.8002,65.3703,64.4202,64.7052,48740
AST,20191015,64.8952,65.0853,64.5152,64.6101,69210
AST,20191016,64.9902,65.4652,64.9902,65.0852,75990
AST,20191017,65.1802,65.6553,65.1802,65.4653,66480
AST,20191018,65.4653,66.1304,65.4653,66.0354,58210
AST,20191021,66.0354,66.5105,65.7504,66.5104,45610
AST,20191022,66.5104,66.6054,66.2254,66.5104,41700
AST,20191023,66.5104,67.4606,65.7503,67.4606,51580
AST,20191024,67.4606,67.6506,66.9855,67.5556,48710
AST,20191025,67.9357,69.3609,67.9357,68.8858,55780
AST,20191028,68.9808,70.3110,68.9808,70.3110,46180
AST,20191029,70.3110,70.8811,68.2207,69.0758,111250
AST,20191030,69.0758,69.0758,67.9356,68.7908,62370
AST,20191031,68.8858,69.8360,68.6958,68.8858,44510
AST,20191101,68.6008,69.5509,68.6008,69.3609,52710
AST,20191104,69.8360,70.1210,69.2659,69.9310,47610
AST,20191105,70.1210,70.3111,69.5509,70.3110,52340
AST,20191106,70.5010,70.6911,69.8359,69.8360,62730
AST,20191107,69.8360,70.3111,68.6008,68.8858,43250
AST,20191108,68.6008,69.1708,68.6008,68.7908,47110
AST,20191111,68.4107,69.3609,67.9357,68.6008,46400
AST,20191112,68.7908,69.7410,68.2207,69.7409,44130
AST,20191113,69.8359,69.9309,68.8858,69.7409,40690
AST,20191114,71.6944,71.6944,69.6432,69.8379,41240
AST,20191115,69.8379,71.6937,69.8379,71.1076,43730
AST,20191118,71.3030,72.0844,71.3030,72.0844,41040
AST,20191119,72.0844,73.4519,72.0844,73.4518,43000
AST,20191120,73.7448,74.1356,73.2564,74.1356,42580
AST,20191121,74.2333,76.1868,74.2333,76.1868,48170
AST,20191122,76.1868,76.1868,73.9403,75.1123,53530
AST,20191125,74.7216,74.7216,73.2565,73.7449,40730
AST,20191126,73.4519,73.7449,72.8658,73.4518,42210
AST,20191127,73.4518,75.6984,73.4518,75.6984,46200
AST,20191128,75.9914,76.3821,75.4054,76.3821,44220
AST,20191129,76.3821,77.1635,75.9914,76.3821,40720
AST,20191202,76.9682,77.9449,76.3821,77.9449,41150
AST,20191203,77.9449,80.2891,75.2100,77.1635,65690
AST,20191204,77.9449,80.5821,75.6984,80.0938,42190
AST,20191205,82.0473,84.0008,82.0473,83.3171,41750
AST,20191206,83.6101,83.6101,80.0938,82.5357,40610
AST,20191209,83.0241,87.8102,83.0241,87.8101,40920
AST,20191210,87.0287,87.8101,84.0008,84.2938,62100
AST,20191211,84.0008,85.9543,81.9496,82.0473,34480
AST,20191212,84.8799,84.8799,78.2380,80.5821,40860
AST,20191213,79.1170,81.5589,78.1402,80.5821,39720
AST,20191216,82.0472,83.0240,78.0425,80.5821,69140
AST,20191217,81.2658,81.2658,77.3588,77.7496,40430
AST,20191218,77.7496,79.8985,77.1635,78.1403,41710
AST,20191219,78.1403,79.9961,77.3589,78.1403,37090
AST,20191220,78.1403,79.1171,78.1403,78.6286,31590
AST,20191223,78.6286,81.4612,78.6286,80.0938,42140
AST,20191224,79.6054,81.8520,79.6054,81.7542,38340
AST,20191225,83.9031,83.9031,83.0240,83.0240,38360
AST,20191226,83.5124,83.6101,82.5356,82.8287,38130
AST,20191227,82.5357,83.0241,82.0473,83.0240,32190
AST,20191230,84.0008,84.6845,82.9263,83.2194,34310
AST,20191231,83.2194,83.4148,82.5357,83.0240,33730
AST,20200102,84.0008,84.0008,83.0240,83.0240,32590
AST,20200103,83.9031,83.9031,82.2426,82.2426,34810
AST,20200106,82.5356,86.9310,82.1449,86.9310,44450
AST,20200107,86.9310,87.1264,85.7589,85.9543,31160
AST,20200108,84.9775,84.9775,81.5589,81.9496,37740
AST,20200109,83.0240,83.5124,80.7775,82.5357,37960
AST,20200110,83.0241,83.0241,80.0938,81.0705,124870
AST,20200113,80.1914,80.5821,80.0937,80.5821,34670
AST,20200114,80.5821,83.3170,80.5821,82.7310,58030
AST,20200115,83.0240,83.0240,82.0473,83.0240,33340
AST,20200116,83.0240,83.0240,82.4379,82.6333,32970
AST,20200117,82.6333,83.0240,82.6333,82.8287,32110
AST,20200120,83.0241,83.5124,82.5357,83.5124,32600
AST,20200121,84.9775,85.4659,84.0008,84.2938,36980
AST,20200122,84.2938,85.2706,84.2938,84.9775,22560
AST,20200130,80.0937,84.0007,79.5077,82.0473,61500
AST,20200131,82.0473,82.0473,79.6054,79.6054,23900
AST,20200203,76.1868,80.0938,74.0379,80.0938,43980
AST,20200204,79.1170,81.0706,76.8705,77.1635,31560
AST,20200205,79.1170,79.1170,76.9681,77.1635,31530
AST,20200206,79.1170,79.1170,75.9914,76.1868,38850
AST,20200207,76.1868,76.1868,75.5030,75.5030,35550
AST,20200210,75.5030,75.5030,73.2565,74.0379,41820
AST,20200211,74.0379,74.7216,74.0379,74.7216,31080
AST,20200212,75.2100,75.9914,74.0379,75.2100,29010
AST,20200213,75.5030,75.9914,75.2100,75.9914,34390
AST,20200214,76.3821,77.6519,76.0891,77.0658,31140
AST,20200217,78.0426,78.0426,76.0890,76.0891,27870
AST,20200218,76.1868,76.6752,73.1588,73.6472,33180
AST,20200219,73.2565,73.9402,70.8146,71.2053,41180
AST,20200220,71.6937,71.6937,70.8146,70.8146,31630
AST,20200221,70.8146,70.8146,67.8843,67.8844,39540
AST,20200224,67.8844,68.3728,65.4425,65.4425,45410
AST,20200225,65.4425,65.4425,60.9494,61.3401,57150
AST,20200226,60.5587,61.0471,57.1401,57.9215,57210
AST,20200227,57.6285,57.6285,53.9168,53.9168,210730
AST,20200228,53.7214,57.6285,50.3028,57.6284,38940
AST,20200302,54.5028,61.6331,54.5028,60.5587,40310
AST,20200303,61.5355,61.8285,60.5587,61.5355,41740
AST,20200304,61.5355,61.5355,58.6052,59.5819,22360
AST,20200305,59.5819,61.5354,59.5819,60.8517,45770
AST,20200306,61.4378,61.4378,58.4098,58.6052,46940
AST,20200309,54.6982,55.1866,54.5028,54.5028,73910
AST,20200310,51.2795,54.5028,51.2795,53.7214,39660
AST,20200311,55.1865,55.1865,51.7679,52.7447,28580
AST,20200312,50.7912,51.2796,49.1307,49.6191,32140
AST,20200313,46.2005,49.6191,46.1516,49.6191,43410
AST,20200316,49.6191,49.7168,46.1516,47.7632,62890
AST,20200317,47.7632,48.8376,46.3469,46.3958,57980
AST,20200318,46.3958,48.3493,46.3958,47.3725,62230
AST,20200319,45.9074,46.0050,45.1260,45.3702,20500
AST,20200320,45.3702,46.2981,45.0772,45.1260,14360
AST,20200323,45.1260,45.1260,42.0004,42.0004,21980
AST,20200324,40.0469,42.9772,40.0469,42.0004,20310
AST,20200325,42.0004,44.9307,42.0004,44.8818,19560
AST,20200326,45.3213,45.3213,41.7562,41.7562,62510
AST,20200327,43.9051,43.9051,41.7562,42.0004,12330
AST,20200330,41.6097,42.9772,40.0469,40.0469,21220
AST,20200331,41.0237,42.7818,39.5585,40.0469,29510
AST,20200401,40.0469,42.0004,39.6562,40.5353,68450
AST,20200403,40.5353,42.8795,40.5353,42.4888,118550
AST,20200406,43.6609,45.4191,43.0749,45.4190,41100
AST,20200407,45.8097,45.8097,43.1725,43.8562,38020
AST,20200408,43.8562,43.8562,41.0236,42.0004,60310
AST,20200409,43.7586,43.9539,42.3911,43.9539,65800
AST,20200410,43.9539,46.6888,43.4655,46.1516,170570
AST,20200413,47.8609,49.3260,47.3725,49.1307,161750
AST,20200414,49.1307,49.1307,46.3470,46.3958,105100
AST,20200415,46.3958,48.8377,44.5400,47.8609,95620
AST,20200416,47.9586,50.7912,47.7632,49.8144,103580
AST,20200417,51.0842,51.7679,50.4005,51.7679,177690
AST,20200420,53.2330,55.1865,51.4749,54.9912,185960
AST,20200421,54.9912,56.6517,51.1819,52.9400,131690
AST,20200422,49.6190,53.3307,49.6190,53.2331,75950
AST,20200423,53.3308,55.6750,53.3308,53.6238,73930
AST,20200424,52.5494,53.7215,51.9633,52.5493,44750
AST,20200427,52.5493,52.7447,49.7167,49.8144,147330
AST,20200428,49.8144,51.2795,49.8144,50.4981,43340
AST,20200429,52.3539,52.7446,50.4981,52.3540,103160
AST,20200504,53.2331,53.2331,51.2795,51.2795,55690
AST,20200505,51.1818,51.1818,49.9120,50.5958,38120
AST,20200506,50.6935,50.6935,49.3260,49.8144,79470
AST,20200507,49.8144,51.2795,49.8144,50.4981,80480
AST,20200508,51.6702,51.6702,50.5958,51.0842,98220
AST,20200511,50.5958,50.9865,50.0098,50.5958,85170
AST,20200512,51.7679,53.7214,51.0842,53.7214,361010
AST,20200513,55.6749,56.1633,54.6982,55.0889,170600
AST,20200514,55.0889,55.2843,52.7447,54.6982,86950
AST,20200515,54.6982,54.6982,52.3540,52.6470,170140
AST,20200518,52.2563,52.9400,51.0842,52.5493,71850
AST,20200519,53.6237,54.0144,52.8423,53.7214,155370
AST,20200520,53.7214,55.2842,53.7214,53.9168,136000
AST,20200521,53.8191,54.4052,52.9400,53.0377,86650
AST,20200522,53.0377,53.1354,51.7679,51.7679,109550
AST,20200525,51.7679,52.8423,51.7679,52.5493,88430
AST,20200526,52.5493,52.9400,52.3539,52.5493,77370
AST,20200527,53.3307,54.5028,53.0377,53.3307,166790
AST,20200528,53.3307,53.3307,52.2563,52.7447,52340
AST,20200529,52.7447,53.6238,52.5493,52.8424,38700
AST,20200601,53.2331,53.5261,52.6470,52.9400,118920
AST,20200602,52.9400,53.9168,52.6470,53.5261,103360
AST,20200603,53.5261,53.5261,52.3540,52.5493,132530
AST,20200604,52.7447,54.6982,52.5493,54.2098,239040
AST,20200605,54.5028,54.5028,53.2330,53.9168,101400
AST,20200608,56.6517,56.9447,54.2098,56.6517,299060
AST,20200609,56.6517,58.5075,56.5540,57.1401,294600
AST,20200610,56.8471,57.1401,55.7726,56.2610,143290
AST,20200611,56.3587,56.6517,52.3540,52.3540,201660
AST,20200612,48.7400,51.7679,48.7400,51.7679,272650
AST,20200615,51.7679,52.7447,49.3260,49.9121,137070
AST,20200616,50.3028,50.7912,50.3028,50.7912,75930
AST,20200617,50.7912,51.3773,50.5958,51.0842,36440
AST,20200618,50.7912,51.0842,50.1074,51.0842,58660
AST,20200619,51.2796,51.7679,51.0842,51.2795,44950
AST,20200622,51.0841,51.2795,49.8144,50.5958,110190
AST,20200623,50.5958,51.3772,50.5958,50.8888,37390
AST,20200624,50.8888,51.6702,50.3027,50.3028,47700
AST,20200625,50.1074,50.2051,49.6191,49.9121,46420
AST,20200626,50.3028,50.7912,49.7167,50.0098,37790
AST,20200629,50.0098,50.0098,48.1540,49.2284,143950
AST,20200630,49.2284,49.6191,47.8609,48.1539,34130
AST,20200701,48.1539,48.9353,48.0562,48.8377,16390
AST,20200702,47.3726,49.1307,47.3726,48.7400,24520
AST,20200703,48.6423,50.7912,48.6423,49.0330,31170
AST,20200706,50.4005,50.6935,49.3260,50.6935,45400
AST,20200707,50.7912,51.5726,50.1074,50.1074,27840
AST,20200708,49.3260,50.4981,49.3260,49.5214,11600
AST,20200709,49.5214,50.1075,49.5214,49.8144,32890
AST,20200710,49.6190,49.9121,49.3260,49.7167,22920
AST,20200713,49.7167,50.0097,49.5213,49.8144,24680
AST,20200714,49.8144,49.8144,49.3260,49.8144,68190
AST,20200715,49.8144,49.9121,49.3260,49.8144,75700
AST,20200716,49.9121,49.9121,49.6190,49.7167,33630
AST,20200717,49.9121,49.9121,49.4237,49.6191,55000
AST,20200720,49.4237,49.6191,49.4237,49.4237,24540
AST,20200721,49.3260,49.5214,49.2283,49.3260,27590
AST,20200722,49.0330,49.2283,48.6423,48.6423,44040
AST,20200723,48.8377,48.8377,47.8609,48.6423,45880
AST,20200724,48.6423,48.6423,45.2725,45.4190,97540
AST,20200727,42.3911,42.4887,42.2446,42.2446,241860
AST,20200728,39.8516,45.1749,39.8516,44.8818,109280
AST,20200729,43.9539,43.9539,41.7562,42.0004,67990
AST,20200730,43.0500,43.0500,41.0000,41.9500,96800
AST,20200731,41.9500,42.1000,40.5000,41.5000,46900
AST,20200803,41.5000,43.5000,41.3000,43.4000,63610
AST,20200804,43.5000,44.0000,43.0000,43.5000,63700
AST,20200805,43.5000,44.5000,43.0000,44.5000,99840
AST,20200806,44.5000,44.5000,43.7000,43.7000,66220
AST,20200807,42.5000,43.5000,42.5000,42.8000,42620
AST,20200810,44.4000,44.4000,42.9000,42.9000,77220
AST,20200811,43.9000,44.0000,43.3500,43.7500,57560
AST,20200812,43.7500,44.3000,43.6000,44.2000,73330
AST,20200813,44.3000,45.7000,44.2000,45.6500,67670
AST,20200814,45.6500,47.5000,45.6500,46.6000,136160
AST,20200817,45.5000,46.4000,45.1000,45.5000,59560
AST,20200818,45.5000,45.5000,45.0000,45.4000,18520
AST,20200819,44.5000,45.4500,44.5000,44.9000,56780
AST,20200820,45.0000,45.0000,44.3000,45.0000,21740
AST,20200821,45.4000,45.5000,44.5000,45.3000,31920
AST,20200824,46.0000,46.8000,45.7500,46.5000,56850
AST,20200825,47.0000,47.0000,46.0000,46.1000,57350
AST,20200826,46.1000,46.1000,45.3000,45.4000,83920
AST,20200827,45.4000,45.8000,45.3000,45.6500,25610
AST,20200828,45.6500,46.0000,45.4000,45.7000,45340
AST,20200831,46.5000,47.5000,46.0000,47.5000,238700
AST,20200901,48.0000,49.5000,48.0000,49.2000,156850
AST,20200903,49.7000,49.7000,47.9000,48.6000,191620
AST,20200904,47.9000,49.0000,47.1000,49.0000,120250
AST,20200907,49.0000,49.8000,49.0000,49.1000,226500
AST,20200908,49.1000,49.1000,48.2000,49.0000,171510
AST,20200909,47.8000,49.1000,47.8000,49.0000,52200
AST,20200910,49.5000,49.5000,48.1000,48.8000,209290
AST,20200911,48.8000,48.8000,48.2000,48.3000,60750
AST,20200914,48.8000,49.9000,48.7000,49.5000,115400
AST,20200915,49.5000,49.5000,49.0500,49.2000,111630
AST,20200916,49.3000,51.3000,49.3000,51.3000,255940
AST,20200917,51.3000,51.7000,50.3000,51.2000,178790
AST,20200918,51.0000,51.2000,50.7000,50.9000,51230
AST,20200921,51.0000,52.5000,51.0000,52.0000,185380
AST,20200922,52.0000,53.0000,51.5000,52.7000,172970
AST,20200923,52.7000,53.2000,52.7000,52.9000,108620
AST,20200924,52.7000,53.1000,51.5000,51.5000,200900
AST,20200925,52.0000,52.0000,51.1000,51.5000,137420
AST,20200928,51.5000,51.9000,51.1000,51.4000,87350
AST,20200929,51.4000,51.5000,50.6000,50.6000,127440
AST,20200930,50.6000,50.8000,50.2000,50.6000,66980
AST,20201001,50.7000,51.5000,50.7000,50.9000,113440
AST,20201002,51.2000,51.2000,48.0000,50.2000,106570
AST,20201005,51.0000,51.0000,50.3000,50.9000,59300
AST,20201006,51.5000,51.5000,50.9000,50.9000,86010
AST,20201007,50.6000,50.9000,50.2000,50.5000,58480
AST,20201008,50.5000,50.5000,49.7000,50.3000,77450
AST,20201009,50.1000,50.1000,49.5000,49.7000,111120
AST,20201012,49.5000,50.0000,49.5000,49.7000,103590
AST,20201013,49.7000,50.0000,49.4000,49.6000,29770
AST,20201014,49.7000,50.3000,49.6000,49.7000,46090
AST,20201015,49.7000,50.5000,49.7000,50.5000,121660
AST,20201016,50.5000,50.7000,50.1000,50.7000,99640
AST,20201019,50.7000,50.8000,50.0000,50.0000,82490
AST,20201020,50.4000,50.4000,49.4000,49.6000,69960
AST,20201021,49.4000,49.9000,49.4000,49.5000,81430
AST,20201022,49.3000,49.7500,49.3000,49.6000,67020
AST,20201023,50.2000,50.2000,49.5500,49.7000,78600
AST,20201026,49.7000,49.8500,49.4500,49.5500,155140
AST,20201027,49.5500,49.5500,48.2000,48.2000,103720
AST,20201028,48.0000,48.0000,45.0000,45.2000,217940
AST,20201029,45.2000,47.0000,45.1500,46.8000,63740
AST,20201030,47.6000,47.6000,46.5000,46.6000,17180
AST,20201102,46.1000,47.0000,46.1000,46.9000,21840
AST,20201103,46.9000,47.4000,46.9000,47.2000,53610
AST,20201104,47.2000,48.0000,47.2000,47.4500,38840
AST,20201105,47.6500,47.6500,47.4000,47.5000,48130
AST,20201106,47.5000,47.7000,47.5000,47.5000,19750
AST,20201109,47.9500,48.1500,47.5500,48.0000,31160
AST,20201110,49.4500,51.3000,49.4500,51.3000,464250
AST,20201111,53.5000,53.5000,51.4000,51.7000,138810
AST,20201112,51.7000,51.7000,50.5000,51.2000,53520
AST,20201113,50.3000,51.3000,50.3000,51.3000,119470
AST,20201116,51.3000,51.3000,50.5000,50.7000,175700
AST,20201117,51.0000,51.3000,50.5000,51.2000,83650
AST,20201118,51.2000,51.2000,50.7000,50.8000,103410
AST,20201119,50.9000,52.1000,50.8000,51.9000,120590
AST,20201120,52.2000,54.0000,51.9000,54.0000,215730
AST,20201123,54.0000,54.7000,53.8000,54.4000,205320
AST,20201124,54.7000,54.7000,53.0000,53.0000,130970
AST,20201125,54.0000,54.0000,52.2000,53.0000,73760
AST,20201126,53.0000,53.0000,51.9000,53.0000,46430
AST,20201127,53.3000,53.3000,52.5000,53.2000,59490
AST,20201130,52.8000,53.6000,52.8000,53.3000,76650
AST,20201201,54.5000,54.8000,52.1000,54.5000,229580
AST,20201202,53.7000,54.5000,53.5000,54.0000,64760
AST,20201203,54.1000,54.5000,53.4000,54.1000,113570
AST,20201204,54.0000,54.2000,53.6000,54.0000,99320
AST,20201207,54.7000,54.7000,53.9000,54.7000,152470
AST,20201208,55.0000,56.5000,54.9000,55.3000,141930
AST,20201209,56.0000,56.9000,56.0000,56.2000,109230
AST,20201210,56.2000,56.5000,55.4000,55.4000,97550
AST,20201211,55.3000,55.9000,55.0000,55.8000,96820
AST,20201214,55.3000,56.6000,55.3000,55.9000,66620
AST,20201215,56.0000,57.0000,56.0000,56.3000,111940
AST,20201216,56.6000,56.8000,56.2000,56.6000,103890
AST,20201217,56.6000,56.6000,55.6000,55.6000,120740
AST,20201218,55.8000,56.0000,55.5000,55.8000,65370
AST,20201221,55.8000,56.2000,55.3000,55.3000,147680
AST,20201222,55.0000,55.6000,54.7000,55.3000,119020
AST,20201223,55.0000,55.9000,54.9000,55.0000,98200
AST,20201224,55.0000,55.4000,54.2000,55.0000,88060
AST,20201225,54.6000,55.3000,54.6000,55.3000,40370
AST,20201228,55.3000,55.8000,55.1000,55.2000,43910
AST,20201229,56.3000,56.5000,54.9000,56.3000,112050
AST,20201230,57.5000,58.0000,56.8000,57.5000,131870
AST,20201231,57.5000,57.5000,56.6000,57.4000,28860
AST,20210104,57.1000,57.7000,57.1000,57.3000,55500
AST,20210105,57.3000,57.3000,56.9000,57.2000,44700
AST,20210106,56.8000,57.3000,56.7000,57.2000,92100
AST,20210107,57.0000,57.2000,55.9000,57.0000,33100
AST,20210108,57.4000,57.9000,57.1000,57.2000,106400
AST,20210111,57.8000,57.9000,57.2000,57.8000,62300
AST,20210112,57.9000,59.7000,57.8000,59.7000,133600
AST,20210113,59.5000,59.9000,58.5000,58.6000,130600
AST,20210114,58.8000,60.0000,58.4000,60.0000,82900
AST,20210115,60.0000,60.0000,58.6000,59.3000,137900
AST,20210118,59.4000,59.8000,58.5000,59.5000,144000
AST,20210119,59.5000,60.2000,59.0000,59.4000,220200
AST,20210120,59.4000,63.5000,58.7000,62.9000,192600
AST,20210121,63.4000,63.4000,62.2000,62.5000,46100
AST,20210122,62.5000,64.4000,62.0000,64.0000,81100
AST,20210125,64.0000,64.0000,62.6000,63.4000,64200
AST,20210126,62.0000,62.5000,61.4000,61.4000,47800
AST,20210127,59.7000,62.5000,59.7000,61.0000,62000
AST,20210128,56.9000,58.0000,56.8000,56.8000,56100
AST,20210129,52.9000,59.3000,52.9000,58.5000,167900
AST,20210201,57.5000,58.5000,55.3000,56.0000,105900
AST,20210202,54.2000,57.5000,54.2000,56.7000,47300
AST,20210203,57.3000,57.3000,55.5000,57.0000,55800
AST,20210204,57.0000,58.2000,57.0000,58.0000,76000
AST,20210205,58.0000,58.6000,58.0000,58.6000,30500
AST,20210208,58.6000,58.6000,57.0000,57.5000,54700
AST,20210209,57.5000,58.5000,56.9000,58.5000,105500
AST,20210217,58.0000,59.6000,57.8000,59.5000,48500
AST,20210218,59.9000,61.0000,58.5000,60.2000,45300
AST,20210219,60.2000,60.4000,58.7000,60.4000,62000
AST,20210222,60.0000,61.6000,58.9000,61.5000,90800
AST,20210223,62.0000,65.0000,62.0000,63.3000,208000
AST,20210224,65.0000,65.0000,62.0000,62.0000,117400
AST,20210225,63.0000,63.9000,62.1000,63.0000,56300
AST,20210226,62.5000,64.5000,62.5000,63.9000,51300
AST,20210301,63.9000,65.5000,63.9000,63.9000,89900
AST,20210302,64.0000,65.3000,64.0000,64.0000,156000
AST,20210303,64.0000,65.7000,64.0000,65.2000,151700
AST,20210304,65.0000,66.7000,65.0000,65.6000,127900
AST,20210305,64.1000,65.4000,64.0000,64.6000,56000
AST,20210308,66.5000,66.5000,64.1000,64.1000,63700
AST,20210309,64.1000,64.1000,63.4000,63.5000,38900
AST,20210310,63.5000,63.8000,62.5000,63.6000,162100
AST,20210311,63.6000,64.1000,63.1000,63.1000,69400
AST,20210312,63.1000,63.3000,62.5000,62.7000,46300
AST,20210315,63.0000,63.5000,62.1000,62.1000,82000
AST,20210316,62.0000,63.0000,61.7000,62.4000,137800
AST,20210317,63.5000,63.5000,62.0000,62.3000,39400
AST,20210318,62.4000,63.1000,62.3000,62.3000,23600
AST,20210319,62.3000,63.2000,62.0000,62.0000,51400
AST,20210322,62.0000,62.9000,62.0000,62.0000,49800
AST,20210323,62.1000,62.1000,61.0000,61.0000,42400
AST,20210324,60.5000,61.0000,60.0000,60.8000,42100
AST,20210325,60.8000,60.8000,59.0000,60.0000,42200
AST,20210326,59.1000,59.9000,58.5000,59.3000,55200
AST,20210329,59.5000,60.5000,59.5000,60.0000,37600
AST,20210330,60.0000,62.0000,60.0000,61.6000,35200
AST,20210331,62.5000,62.5000,60.9000,61.5000,26600
AST,20210401,60.5000,62.0000,60.5000,62.0000,37800
AST,20210402,62.0000,62.5000,61.6000,62.2000,28800
AST,20210405,62.3000,62.3000,60.5000,60.5000,34300
AST,20210406,60.5000,60.8000,60.0000,60.5000,28900
AST,20210407,60.9000,62.0000,60.5000,61.5000,17500
AST,20210408,62.0000,62.0000,61.5000,61.8000,22800
AST,20210409,61.8000,61.8000,60.5000,61.7000,14900
AST,20210412,61.5000,61.5000,60.3000,60.4000,42100
AST,20210413,60.4000,60.6000,59.5000,59.9000,34700
AST,20210414,59.2000,59.6000,59.1000,59.6000,52900
AST,20210415,59.1000,59.6000,58.8000,58.9000,54500
AST,20210416,58.9000,59.2000,56.9000,57.5000,48700
AST,20210419,57.5000,58.5000,57.0000,57.0000,49600
AST,20210420,57.0000,59.0000,57.0000,57.2000,47200
AST,20210422,57.2000,57.4000,55.5000,55.5000,62900
AST,20210423,56.0000,56.0000,55.0000,56.0000,31000
AST,20210426,56.0000,56.1000,54.5000,54.6000,27900
AST,20210427,54.6000,54.6000,53.0000,54.0000,37900
AST,20210428,53.5000,54.8000,53.2000,54.0000,74100
AST,20210429,54.1000,55.5000,54.0000,55.4000,27200
AST,20210504,52.0000,55.1000,52.0000,55.0000,100800
AST,20210505,55.0000,55.0000,54.0000,54.2000,15300
AST,20210506,53.8000,54.0000,53.5000,53.5000,25700
AST,20210507,51.9000,53.4000,51.0000,51.9000,37700
AST,20210510,51.9000,51.9000,50.1000,50.6000,52900
AST,20210511,50.3000,51.2000,50.3000,51.0000,20000
AST,20210512,51.0000,51.8000,50.9000,51.8000,30200
AST,20210513,51.7000,51.7000,51.0000,51.2000,9000
AST,20210514,52.0000,52.0000,51.0000,51.0000,22800
AST,20210517,50.8000,50.9000,48.0000,48.2000,117900
AST,20210518,48.2000,48.4000,45.8000,46.0000,168000
AST,20210519,45.6000,49.0000,45.6000,48.5000,43600
AST,20210520,48.7000,51.0000,48.6000,49.9000,165200
AST,20210521,49.9000,50.2000,49.0000,49.9000,77900
AST,20210524,48.0000,50.0000,48.0000,50.0000,101800
AST,20210525,50.0000,50.0000,48.6000,48.6000,34200
AST,20210526,48.5000,48.5000,47.8500,47.9000,61800
AST,20210527,47.9000,48.1000,46.5000,46.5000,59700
AST,20210528,46.5000,48.5000,46.5000,47.0000,43600
AST,20210531,46.9500,46.9500,46.0000,46.6500,33400
AST,20210601,46.6000,46.6000,46.0500,46.3500,17100
AST,20210602,46.3500,46.3500,46.0000,46.2000,74200
AST,20210603,47.0000,48.0000,47.0000,47.3500,91300
AST,20210604,47.3500,48.7500,47.3000,47.5000,86100
AST,20210607,47.5000,48.0000,46.3000,47.2000,117000
AST,20210608,48.0000,48.0000,47.0000,47.1500,180000
AST,20210609,47.1500,49.2000,47.1500,49.0000,106100
AST,20210610,48.2000,51.5000,48.2000,50.9000,117300
AST,20210611,51.5000,51.5000,50.1000,50.3000,48100
AST,20210614,50.2000,51.2000,49.7000,51.2000,102600
AST,20210615,51.5000,51.5000,50.0000,51.0000,47100
AST,20210616,51.4000,52.0000,51.0000,51.4000,32000
AST,20210617,49.8000,51.4000,49.8000,51.2000,31900
AST,20210618,50.9000,51.5000,50.9000,51.5000,18100
AST,20210621,51.5000,52.8000,51.5000,52.2000,58200
AST,20210622,52.5000,52.7000,51.5000,52.4000,45700
AST,20210623,52.5000,52.8000,51.8000,51.9000,30300
AST,20210624,51.2000,51.7000,50.1000,51.2000,58700
AST,20210625,51.2000,51.3000,50.0000,50.0000,22200
AST,20210628,50.0000,51.4000,50.0000,50.7000,34200
AST,20210629,51.8000,51.8000,50.9000,51.0000,48900
AST,20210630,50.2000,51.8000,50.2000,51.0000,39500
AST,20210701,51.0000,51.8000,51.0000,51.8000,34000
AST,20210702,51.8000,51.9000,51.3000,51.4000,26400
AST,20210705,51.1000,52.2000,51.0000,51.6000,91100
AST,20210706,52.3000,52.3000,51.0000,51.0000,47500
AST,20210707,51.0000,51.0000,49.0000,51.0000,78300
AST,20210708,51.0000,51.0000,50.2000,50.3000,19200
AST,20210709,50.2000,51.0000,50.0000,50.2000,39100
AST,20210712,50.0000,50.0000,46.8000,48.1000,117300
AST,20210713,48.1000,48.9000,48.1000,48.2500,15400
AST,20210714,48.9000,48.9000,48.0000,48.6000,30700
AST,20210715,48.9500,48.9500,47.7000,48.8000,21200
AST,20210716,48.4000,50.0000,48.4000,48.9000,6200
AST,20210719,48.8500,50.4000,46.7000,50.4000,52400
AST,20210720,49.5000,49.8500,47.2000,49.0000,41900
AST,20210721,49.0000,50.4000,48.0000,50.0000,35600
AST,20210722,50.0000,50.0000,48.8000,49.0000,15400
AST,20210723,48.6000,48.6000,48.2000,48.5000,38900
AST,20210726,48.5500,48.5500,48.1000,48.5000,12200
AST,20210727,48.1500,48.5500,47.0000,48.0000,39000
AST,20210728,48.0000,49.0000,47.5000,47.9500,26000
AST,20210729,48.0000,48.0500,46.7000,48.0000,32000
AST,20210730,48.0000,48.5000,47.5000,48.0000,34300
AST,20210802,48.0000,49.1000,48.0000,48.5000,34500
AST,20210803,48.6000,48.7500,48.3000,48.5500,18700
AST,20210804,48.5500,49.6000,48.5500,49.1000,68800
AST,20210805,48.8500,50.0000,48.8500,49.8000,28700
AST,20210806,50.0000,50.0000,49.5000,49.8500,19700
AST,20210809,49.0000,49.7500,49.0000,49.2000,20500
AST,20210810,49.5000,49.7000,49.1000,49.2000,22000
AST,20210811,49.2500,49.9500,49.2500,49.7000,36600
AST,20210812,49.6000,49.8000,49.4000,49.6500,31600
AST,20210813,49.6500,49.6500,49.2500,49.4500,39100
AST,20210816,49.4500,49.4500,49.0000,49.2000,31500
AST,20210817,49.2000,49.2000,48.5000,49.0000,31900
AST,20210818,49.0000,49.0000,48.5000,48.5000,23600
AST,20210819,48.6000,49.0000,48.4000,48.8500,23900
AST,20210820,48.5000,48.5000,48.0000,48.0000,35300
AST,20210823,48.3000,48.4500,47.5500,47.7000,22600
AST,20210824,47.5000,48.9500,47.5000,47.7000,8800
AST,20210825,48.6500,48.6500,47.1000,47.6000,28800
AST,20210826,47.6000,49.0000,47.6000,48.2500,18000
AST,20210827,48.0000,48.7500,48.0000,48.7500,20600
AST,20210830,48.9500,49.8000,48.9500,49.8000,39700
AST,20210831,49.6000,49.6500,49.2000,49.5000,33600
AST,20210901,49.2500,49.3500,49.0000,49.3500,17800
AST,20210906,49.3000,49.5000,49.0000,49.3000,41300
AST,20210907,49.6000,49.6000,49.1000,49.4000,23500
AST,20210908,49.4000,49.4000,48.5000,48.5000,29800
AST,20210909,49.4000,51.8000,49.4000,51.8000,97300
AST,20210910,55.4000,55.4000,55.2000,55.4000,104500
AST,20210913,59.2000,59.2000,55.4000,55.9000,155300
AST,20210914,55.1000,55.3000,54.0000,54.3000,67000
AST,20210915,54.3000,55.4000,53.4000,54.1000,29600
AST,20210916,53.4000,54.1000,53.3000,54.1000,39700
AST,20210917,54.1000,55.0000,53.2000,54.5000,22500
AST,20210920,54.6000,55.9000,54.0000,54.3000,44500
AST,20210921,54.2000,55.5000,53.6000,53.7000,37600
AST,20210922,53.7000,55.1000,53.7000,54.0000,14500
AST,20210923,54.1000,55.4000,54.1000,54.3000,13000
AST,20210924,54.3000,55.5000,53.3000,54.3000,30200
AST,20210927,55.8000,55.8000,54.0000,54.2000,31200
AST,20210928,54.2000,57.0000,54.2000,57.0000,68700
AST,20210929,55.5000,56.9000,55.5000,56.5000,14900
AST,20210930,56.5000,56.5000,55.8000,56.5000,11700
AST,20211001,56.5000,56.5000,55.6000,55.6000,23600
AST,20211004,55.7000,55.7000,55.4000,55.5000,16000
AST,20211005,55.5000,55.8000,55.0000,55.5000,15200
AST,20211006,56.0000,56.8000,55.6000,56.4000,16100
AST,20211007,56.5000,57.0000,56.0000,56.6000,11100
AST,20211008,56.6000,56.9000,56.5000,56.9000,9900
AST,20211011,55.8000,59.0000,55.8000,57.9000,47800
AST,20211012,58.0000,58.0000,57.3000,57.6000,16900
AST,20211013,58.0000,58.0000,57.3000,57.7000,9400
AST,20211014,58.0000,58.5000,57.5000,57.8000,22500
AST,20211015,58.0000,58.4000,57.5000,57.9000,15200
AST,20211018,57.9000,58.5000,57.8000,57.8000,16900
AST,20211019,57.8000,57.8000,57.2000,57.5000,15900
AST,20211020,58.4000,58.4000,56.9000,57.5000,15900
AST,20211021,57.9000,57.9000,56.5000,56.9000,32500
AST,20211022,56.9000,56.9000,56.1000,56.1000,18000
AST,20211025,56.1000,56.1000,55.0000,55.8000,35700
AST,20211026,55.6000,55.7000,54.6000,55.3000,31500
AST,20211027,54.0000,55.8000,54.0000,55.8000,27400
AST,20211028,55.8000,55.8000,54.7000,55.1000,14800
AST,20211029,54.2000,55.1000,54.2000,54.5000,26700
AST,20211101,56.0000,56.0000,54.6000,55.6000,32000
AST,20211102,55.0000,55.3000,54.6000,54.9000,22700
AST,20211103,55.0000,55.0000,54.0000,54.5000,36400
AST,20211104,54.5000,54.5000,53.5000,53.8000,28900
AST,20211105,53.8000,54.9000,53.8000,54.3000,51600
AST,20211108,54.3000,56.0000,54.3000,54.9000,42500
AST,20211109,54.5000,55.2000,54.3000,54.5000,25500
AST,20211110,54.5000,55.0000,54.0000,54.8000,33300
AST,20211111,54.8000,54.8000,53.8000,54.4000,45000
AST,20211112,53.5000,54.4000,53.4000,54.4000,36600
AST,20211115,54.0000,56.0000,54.0000,56.0000,37500
AST,20211116,56.0000,56.0000,54.5000,54.5000,46200
AST,20211117,54.6000,55.5000,54.6000,54.6000,17700
AST,20211118,55.0000,56.0000,54.6000,55.4000,67100
AST,20211119,55.0000,55.2000,54.0000,54.0000,40200
AST,20211122,55.0000,55.0000,53.6000,53.6000,13800
AST,20211123,54.0000,55.0000,54.0000,54.0000,14700
AST,20211124,53.8000,54.0000,53.4000,53.4000,64900
AST,20211125,54.6000,54.6000,53.8000,54.0000,34700
AST,20211126,53.9000,54.9000,53.5000,54.5000,13100
AST,20211129,53.2000,53.9000,53.0000,53.1000,45200
AST,20211130,53.1000,54.0000,53.1000,53.1000,16400
AST,20211201,53.2000,53.5000,52.7000,52.9000,15800
AST,20211202,56.6000,56.6000,53.7000,55.0000,100800
AST,20211203,55.0000,55.6000,53.7000,53.9000,10300
AST,20211206,53.1000,54.0000,52.3000,52.4000,20700
AST,20211207,53.0000,53.5000,52.6000,53.4000,5700
AST,20211208,53.7000,55.2000,53.6000,55.0000,35000
AST,20211209,53.7000,54.9000,53.7000,54.0000,12900
AST,20211210,53.7000,54.9000,53.5000,53.5000,37600
AST,20211213,53.7000,53.8000,53.0000,53.8000,25500
AST,20211214,54.0000,54.1000,53.0000,53.0000,22400
AST,20211215,53.8000,53.8000,51.5000,52.5000,48200
AST,20211216,53.5000,55.0000,52.7000,54.0000,15200
