<Ticker>,<DTYYYYMMDD>,<OpenFixed>,<HighFixed>,<LowFixed>,<CloseFixed>,<Volume>,<Open>,<High>,<Low>,<Close>,<VolumeDeal>,<VolumeFB>,<VolumeFS>
BID,20181024,34.90,35.00,32.60,32.60,2230710,34.90,35.00,32.60,32.60,0,26600,433150
BID,20181023,34.80,35.20,33.50,34.90,3648830,34.80,35.20,33.50,34.90,0,1385330,348770
BID,20181022,35.00,35.45,34.70,35.00,3643590,35.00,35.45,34.70,35.00,0,2565390,87870
BID,20181019,34.00,34.75,33.80,34.60,2010830,34.00,34.75,33.80,34.60,0,18360,54540
BID,20181018,34.40,35.15,33.80,34.60,3352560,34.40,35.15,33.80,34.60,0,1078310,49660
BID,20181017,34.00,34.80,33.95,34.60,2870340,34.00,34.80,33.95,34.60,0,1189140,52070
BID,20181016,32.60,33.50,32.60,33.50,1574440,32.60,33.50,32.60,33.50,0,405710,43950
BID,20181015,34.00,34.00,32.60,32.60,1199560,34.00,34.00,32.60,32.60,0,10860,7780
BID,20181012,33.00,34.15,32.00,33.80,2660970,33.00,34.15,32.00,33.80,46000,139390,161430
BID,20181011,32.90,34.30,32.90,32.90,6573500,32.90,34.30,32.90,32.90,0,16340,176070
BID,20181010,36.20,36.20,35.20,35.35,2080020,36.20,36.20,35.20,35.35,0,16340,176070
BID,20181009,36.10,36.50,35.80,36.10,1270140,36.10,36.50,35.80,36.10,0,211870,16810
BID,20181008,35.20,36.20,34.90,36.00,3268360,35.20,36.20,34.90,36.00,0,1521330,19980
BID,20181005,36.40,36.60,35.50,35.50,2834960,36.40,36.60,35.50,35.50,0,13490,101380
BID,20181004,36.70,36.80,36.30,36.75,1879790,36.70,36.80,36.30,36.75,0,2620,24490
BID,20181003,36.30,36.75,36.20,36.65,2361360,36.30,36.75,36.20,36.65,0,14350,51580
BID,20181002,34.80,36.40,34.50,36.20,5199330,34.80,36.40,34.50,36.20,0,22720,34490
BID,20181001,35.20,35.50,34.60,34.75,1733190,35.20,35.50,34.60,34.75,0,19890,34490
BID,20180928,34.90,35.65,34.70,35.20,2822910,34.90,35.65,34.70,35.20,0,609500,9620
BID,20180927,35.00,35.05,34.65,34.65,2074090,35.00,35.05,34.65,34.65,0,39390,125470
BID,20180926,34.95,35.45,34.90,34.90,1956500,34.95,35.45,34.90,34.90,0,44530,101740
BID,20180925,34.75,35.60,34.60,35.00,1820120,34.75,35.60,34.60,35.00,0,15790,20160
BID,20180924,35.30,35.60,34.85,34.90,2423940,35.30,35.60,34.85,34.90,0,42010,814720
BID,20180921,35.70,35.75,34.65,35.30,4631020,35.70,35.75,34.65,35.30,0,515730,703960
BID,20180920,35.30,35.75,34.85,35.50,2304800,35.30,35.75,34.85,35.50,0,31190,97200
BID,20180919,35.50,35.95,35.20,35.30,2943070,35.50,35.95,35.20,35.30,0,624010,237000
BID,20180918,33.80,35.30,33.50,35.25,4127500,33.80,35.30,33.50,35.25,0,6520,201530
BID,20180917,34.70,35.10,34.20,34.20,2164200,34.70,35.10,34.20,34.20,0,14000,153980
BID,20180914,35.30,35.50,34.70,34.85,1656240,35.30,35.50,34.70,34.85,0,33560,136310
BID,20180913,35.20,35.50,34.50,35.00,2984670,35.20,35.50,34.50,35.00,0,428100,478530
BID,20180912,35.50,35.60,34.75,34.75,2528070,35.50,35.60,34.75,34.75,0,67930,223960
BID,20180911,34.00,35.40,33.90,35.30,4371130,34.00,35.40,33.90,35.30,0,594110,452600
BID,20180910,33.80,34.50,33.50,34.00,3078830,33.80,34.50,33.50,34.00,0,606260,431700
BID,20180907,32.50,34.15,32.50,33.90,3171020,32.50,34.15,32.50,33.90,0,114430,501420
BID,20180906,33.10,33.20,32.40,32.75,1923190,33.10,33.20,32.40,32.75,0,114430,501420
BID,20180905,32.20,33.35,32.15,33.10,3283340,32.20,33.35,32.15,33.10,0,153640,568100
BID,20180904,34.00,34.00,32.20,32.50,4088990,34.00,34.00,32.20,32.50,20000,40170,658410
BID,20180831,34.80,35.00,34.30,34.40,2336200,34.80,35.00,34.30,34.40,0,181930,176010
BID,20180830,33.60,34.90,33.50,34.90,3286300,33.60,34.90,33.50,34.90,200000,536940,518790
BID,20180829,33.70,34.10,33.55,33.65,2319810,33.70,34.10,33.55,33.65,0,183520,282010
BID,20180828,34.30,34.30,33.30,33.70,2582530,34.30,34.30,33.30,33.70,0,773790,401990
BID,20180827,33.70,34.10,33.45,34.00,2541980,33.70,34.10,33.45,34.00,100000,773790,401990
BID,20180824,32.60,33.55,32.60,33.40,2775350,32.60,33.55,32.60,33.40,0,337760,280680
BID,20180823,32.70,33.50,32.20,33.05,3335590,32.70,33.50,32.20,33.05,0,221820,173500
BID,20180822,33.20,33.70,32.40,32.50,4346680,33.20,33.70,32.40,32.50,0,234730,35540
BID,20180821,31.00,33.00,31.00,33.00,4070460,31.00,33.00,31.00,33.00,0,442540,37510
BID,20180820,31.00,31.80,30.80,31.40,3573200,31.00,31.80,30.80,31.40,0,492020,4620
BID,20180817,30.60,31.70,30.10,31.10,4664800,30.60,31.70,30.10,31.10,50000,742140,1251270
BID,20180816,28.95,30.05,28.00,30.00,5017400,28.95,30.05,28.00,30.00,0,742140,1251270
BID,20180815,30.50,30.70,28.60,29.30,4946070,30.50,30.70,28.60,29.30,0,64380,30940
BID,20180814,30.50,30.65,29.90,30.00,2187220,30.50,30.65,29.90,30.00,0,57670,66300
BID,20180813,29.70,30.85,29.60,30.50,3670180,29.70,30.85,29.60,30.50,0,901310,114300
BID,20180810,28.60,29.90,28.50,29.90,4423770,28.60,29.90,28.50,29.90,150000,709610,477690
BID,20180809,29.50,29.80,28.80,28.85,3444030,29.50,29.80,28.80,28.85,0,706480,318990
BID,20180808,27.50,29.20,27.50,29.20,4507240,27.50,29.20,27.50,29.20,0,787890,85580
BID,20180807,26.30,27.70,26.30,27.45,3707270,26.30,27.70,26.30,27.45,0,644740,220180
BID,20180806,26.60,27.60,26.05,26.85,3262290,26.60,27.60,26.05,26.85,0,353160,383790
BID,20180803,26.60,26.70,26.30,26.55,2585620,26.60,26.70,26.30,26.55,100000,815540,414700
BID,20180802,26.00,26.20,25.30,26.20,3523250,26.00,26.20,25.30,26.20,0,980350,986910
BID,20180801,26.30,26.80,26.00,26.30,3487790,26.30,26.80,26.00,26.30,0,394210,518090
BID,20180731,26.20,26.95,25.85,26.30,5307160,26.20,26.95,25.85,26.30,0,499240,72010
BID,20180730,25.20,26.30,25.00,26.30,3793610,25.20,26.30,25.00,26.30,0,499240,72010
BID,20180727,24.10,24.95,24.00,24.80,2031060,24.10,24.95,24.00,24.80,0,737900,12500
BID,20180726,23.60,24.10,23.25,24.10,2364560,23.60,24.10,23.25,24.10,0,432040,21290
BID,20180725,25.00,25.15,23.60,23.60,2773760,25.00,25.15,23.60,23.60,0,229320,22010
BID,20180724,24.70,25.50,24.00,24.80,2591310,24.70,25.50,24.00,24.80,0,134970,5000
BID,20180723,24.80,26.20,24.80,24.80,3124370,24.80,26.20,24.80,24.80,0,110210,207920
BID,20180720,25.40,25.90,24.80,25.40,4279270,25.40,25.90,24.80,25.40,0,108300,62300
BID,20180719,26.00,26.20,25.50,25.80,3344910,26.00,26.20,25.50,25.80,0,1240570,38900
BID,20180718,25.00,26.20,24.90,26.15,4012340,25.00,26.20,24.90,26.15,0,1240570,38900
BID,20180717,23.60,25.15,23.60,24.90,3991770,23.60,25.15,23.60,24.90,0,890400,41630
BID,20180716,24.00,24.40,23.70,24.15,2912010,24.00,24.40,23.70,24.15,0,299380,5700
BID,20180713,23.50,24.00,23.30,23.50,3138160,23.50,24.00,23.30,23.50,20000,218020,746850
BID,20180712,23.00,23.60,22.05,23.00,2508790,23.00,23.60,22.05,23.00,0,845260,1702730
BID,20180711,22.80,23.00,22.00,22.10,5441810,22.80,23.00,22.00,22.10,50000,845260,1702730
BID,20180710,23.70,24.35,23.40,23.65,3612750,23.70,24.35,23.40,23.65,0,1238750,1181370
BID,20180709,23.60,24.40,23.25,23.30,5423120,23.60,24.40,23.25,23.30,20000,1419110,1571520
BID,20180706,21.40,23.10,20.85,23.10,5061910,21.40,23.10,20.85,23.10,230000,1653050,1836950
BID,20180705,22.55,23.05,21.30,21.60,3044050,22.55,23.05,21.30,21.60,0,419090,966680
BID,20180704,23.05,23.15,21.95,22.90,4641640,23.05,23.15,21.95,22.90,0,30180,2216900
BID,20180703,24.80,25.15,23.05,23.05,4944960,24.80,25.15,23.05,23.05,40000,69090,1920020
BID,20180702,25.50,26.00,24.35,24.75,3542250,25.50,26.00,24.35,24.75,0,1497630,114900
BID,20180629,26.00,26.70,25.70,26.00,2112720,26.00,26.70,25.70,26.00,0,424210,210910
BID,20180628,26.40,26.80,25.80,25.90,3833920,26.40,26.80,25.80,25.90,0,424210,210910
BID,20180627,27.80,28.20,26.80,26.80,1931320,27.80,28.20,26.80,26.80,0,233050,105220
BID,20180626,27.50,28.10,27.30,27.80,1283390,27.50,28.10,27.30,27.80,0,137630,273260
BID,20180625,28.05,28.65,27.90,28.20,1937980,28.05,28.65,27.90,28.20,0,31230,49650
BID,20180622,26.05,27.65,26.05,27.50,2281830,26.05,27.65,26.05,27.50,0,192050,337630
BID,20180621,27.60,28.00,26.60,26.80,2073850,27.60,28.00,26.60,26.80,49000,487220,814880
BID,20180620,27.10,28.00,26.65,28.00,2364060,27.10,28.00,26.65,28.00,175000,366640,305560
BID,20180619,26.80,27.00,25.40,26.80,5460120,26.80,27.00,25.40,26.80,0,549840,899980
BID,20180618,29.00,29.05,27.20,27.30,2873220,29.00,29.05,27.20,27.30,0,88990,679320
BID,20180615,28.00,29.00,27.80,29.00,2262000,28.00,29.00,27.80,29.00,100000,214860,493670
BID,20180614,29.70,29.90,28.30,28.30,3869180,29.70,29.90,28.30,28.30,20000,226310,1908580
BID,20180613,29.60,30.00,29.15,29.65,1672030,29.60,30.00,29.15,29.65,0,11330,73900
BID,20180612,30.30,30.50,28.85,29.60,4314510,30.30,30.50,28.85,29.60,0,165980,966660
BID,20180611,31.10,31.95,31.00,31.00,2320290,31.10,31.95,31.00,31.00,203000,92600,123980
BID,20180608,31.20,31.70,30.80,31.50,2683390,31.20,31.70,30.80,31.50,0,79380,31840
BID,20180607,31.80,32.20,31.20,31.20,3704890,31.80,32.20,31.20,31.20,0,438230,440840
BID,20180606,30.45,31.80,29.80,31.80,2532640,30.45,31.80,29.80,31.80,0,26500,34380
BID,20180605,30.30,31.20,29.60,30.40,3066250,30.30,31.20,29.60,30.40,0,48930,246060
BID,20180604,29.00,30.60,28.40,30.50,4878280,29.00,30.60,28.40,30.50,72000,76770,728160
BID,20180601,29.00,30.70,28.80,29.70,3634920,29.00,30.70,28.80,29.70,0,576020,831020
BID,20180531,27.30,29.40,27.30,29.25,3412580,27.30,29.40,27.30,29.25,0,51100,311240
BID,20180530,28.00,28.50,27.35,27.60,2144210,28.00,28.50,27.35,27.60,103720,35580,24230
BID,20180529,26.50,27.60,25.80,27.60,2874020,26.50,27.60,25.80,27.60,0,16630,515960
BID,20180528,27.10,27.20,25.80,25.80,3902270,27.10,27.20,25.80,25.80,35000,117560,92330
BID,20180525,29.85,30.10,27.70,27.70,2161610,29.85,30.10,27.70,27.70,0,43820,340590
BID,20180524,30.50,30.75,29.45,29.65,1089040,30.50,30.75,29.45,29.65,0,310290,96890
BID,20180523,28.80,30.50,28.75,30.45,1819230,28.80,30.50,28.75,30.45,0,173810,52630
BID,20180522,31.00,31.40,29.30,29.30,3119620,31.00,31.40,29.30,29.30,0,177810,149630
BID,20180521,32.95,32.95,31.50,31.50,2405890,32.95,32.95,31.50,31.50,0,128730,772350
BID,20180518,33.00,33.40,31.00,32.95,2937450,33.00,33.40,31.00,32.95,0,286880,236290
BID,20180517,33.20,33.50,32.70,33.00,1502680,33.20,33.50,32.70,33.00,0,150740,103630
BID,20180516,34.10,34.30,33.15,33.20,1856760,34.10,34.30,33.15,33.20,0,150740,103630
BID,20180515,34.30,35.00,34.00,34.60,2221560,34.30,35.00,34.00,34.60,0,360270,731800
BID,20180514,34.60,34.70,33.70,34.30,918220,34.60,34.70,33.70,34.30,0,127490,173760
BID,20180511,32.70,34.20,31.50,34.00,2116330,32.70,34.20,31.50,34.00,0,212590,81050
BID,20180510,34.40,35.60,32.55,32.70,2834040,34.40,35.60,32.55,32.70,0,128110,63290
BID,20180509,35.00,36.25,34.50,35.00,1843140,35.00,36.25,34.50,35.00,400000,520500,513000
BID,20180508,34.75,36.95,34.40,35.50,3013460,34.75,36.95,34.40,35.50,0,644770,171200
BID,20180507,32.95,34.75,31.70,34.75,3558490,32.95,34.75,31.70,34.75,0,532390,1997400
BID,20180504,34.10,34.50,32.50,32.50,1599340,34.10,34.50,32.50,32.50,0,21180,572580
BID,20180503,32.20,34.90,31.25,33.70,4169480,32.20,34.90,31.25,33.70,800000,1786410,1718660
BID,20180502,36.70,36.90,33.60,33.60,1868640,36.70,36.90,33.60,33.60,77500,47970,440160
BID,20180427,36.40,38.10,36.00,36.10,2026830,36.40,38.10,36.00,36.10,0,210940,1009610
BID,20180426,37.80,38.50,35.50,36.50,2207270,37.80,38.50,35.50,36.50,29000,843000,1190
BID,20180424,37.00,38.50,35.90,38.00,2503080,37.00,38.50,35.90,38.00,0,694720,179170
BID,20180423,39.80,40.65,36.70,36.70,3210890,39.80,40.65,36.70,36.70,0,1726580,341730
BID,20180420,38.50,39.55,37.00,39.45,2415490,38.50,39.55,37.00,39.45,0,584650,803920
BID,20180419,40.20,40.40,37.80,38.00,2755020,40.20,40.40,37.80,38.00,0,56600,324320
BID,20180418,42.70,42.70,40.20,40.20,1196420,42.70,42.70,40.20,40.20,0,23240,78640
BID,20180417,40.00,41.90,39.70,41.90,2516280,40.00,41.90,39.70,41.90,0,141070,141680
BID,20180416,41.00,42.00,40.00,40.00,2207540,41.00,42.00,40.00,40.00,0,60310,539880
BID,20180413,44.50,44.80,41.70,42.00,3369270,44.50,44.80,41.70,42.00,0,64210,662690
BID,20180412,44.30,45.00,43.60,44.40,1816480,44.30,45.00,43.60,44.40,0,212460,121710
BID,20180411,46.80,46.80,44.00,44.50,2384910,46.80,46.80,44.00,44.50,4080700,4531890,4258840
BID,20180410,44.90,46.40,44.80,45.50,4181500,44.90,46.40,44.80,45.50,0,1102840,473690
BID,20180409,44.30,45.00,43.40,44.40,2724810,44.30,45.00,43.40,44.40,0,204020,625750
BID,20180406,44.20,44.70,43.80,44.00,1469830,44.20,44.70,43.80,44.00,0,138480,189400
BID,20180405,44.80,44.80,43.75,44.00,1744010,44.80,44.80,43.75,44.00,0,42180,859230
BID,20180404,45.10,45.45,44.80,44.80,1511210,45.10,45.45,44.80,44.80,2815260,63610,113370
BID,20180403,45.30,45.80,44.70,45.10,1340170,45.30,45.80,44.70,45.10,0,63610,113370
BID,20180402,43.80,45.00,42.95,45.00,2610170,43.80,45.00,42.95,45.00,0,309820,167500
BID,20180330,43.80,43.95,42.65,43.40,2211040,43.80,43.95,42.65,43.40,0,330590,11570
BID,20180329,44.55,44.70,43.80,44.00,896470,44.55,44.70,43.80,44.00,0,22100,32400
BID,20180328,44.00,44.75,43.40,44.55,1672540,44.00,44.75,43.40,44.55,0,27880,25400
BID,20180327,46.00,46.60,44.10,44.10,2941390,46.00,46.60,44.10,44.10,0,108620,654440
BID,20180326,42.00,44.90,42.00,44.90,1932890,42.00,44.90,42.00,44.90,0,125770,55160
BID,20180323,43.50,43.60,41.40,42.35,3661530,43.50,43.60,41.40,42.35,0,126970,527830
BID,20180322,43.50,44.50,43.25,44.30,2525390,43.50,44.50,43.25,44.30,0,390940,54510
BID,20180321,43.50,43.80,42.60,43.50,1606790,43.50,43.80,42.60,43.50,0,226340,108690
BID,20180320,41.20,43.10,41.00,42.50,1866550,41.20,43.10,41.00,42.50,0,58200,367060
BID,20180319,43.00,43.10,41.20,41.70,2366180,43.00,43.10,41.20,41.70,0,58200,367060
BID,20180316,42.30,43.50,41.80,42.80,2628200,42.30,43.50,41.80,42.80,0,99940,45700
BID,20180315,39.00,41.70,38.70,41.70,3528060,39.00,41.70,38.70,41.70,20000,99940,45700
BID,20180314,39.80,39.80,38.90,39.00,1996080,39.80,39.80,38.90,39.00,0,131710,125640
BID,20180313,38.60,39.20,38.00,39.20,1980080,38.60,39.20,38.00,39.20,0,34420,357680
BID,20180312,38.70,39.00,38.00,38.60,2014660,38.70,39.00,38.00,38.60,0,188970,219020
BID,20180309,37.50,38.00,37.00,37.25,2263330,37.50,38.00,37.00,37.25,0,96080,821850
BID,20180308,37.50,38.00,37.00,37.20,1132070,37.50,38.00,37.00,37.20,0,40530,448280
BID,20180307,38.00,38.10,36.90,37.50,2053190,38.00,38.10,36.90,37.50,0,732240,649950
BID,20180306,36.00,37.65,35.45,37.65,2525060,36.00,37.65,35.45,37.65,0,732240,649950
BID,20180305,38.25,38.40,35.20,35.20,2589100,38.25,38.40,35.20,35.20,20000,229870,279920
BID,20180302,37.00,38.00,36.90,37.80,2378830,37.00,38.00,36.90,37.80,0,31760,422890
BID,20180301,38.60,39.60,37.50,37.80,2634150,38.60,39.60,37.50,37.80,0,39130,357000
BID,20180228,37.90,39.50,37.65,39.00,4521850,37.90,39.50,37.65,39.00,0,284590,1171220
BID,20180227,38.10,38.80,37.60,38.15,2216610,38.10,38.80,37.60,38.15,0,30190,455660
BID,20180226,37.90,38.75,37.40,38.10,3516600,37.90,38.75,37.40,38.10,500000,1254650,839340
BID,20180223,37.00,37.50,35.90,37.10,3624350,37.00,37.50,35.90,37.10,0,97820,740580
BID,20180222,37.00,38.60,36.75,36.80,2856780,37.00,38.60,36.75,36.80,20000,250900,228090
BID,20180221,36.00,37.85,35.60,37.40,2137010,36.00,37.85,35.60,37.40,0,642570,477470
BID,20180213,36.40,36.50,35.00,35.40,2458380,36.40,36.50,35.00,35.40,0,669960,1087070
BID,20180212,33.00,34.55,32.50,34.55,2363270,33.00,34.55,32.50,34.55,30000,611970,772280
BID,20180209,30.00,33.00,29.95,32.30,1800170,30.00,33.00,29.95,32.30,0,261650,269170
BID,20180208,31.20,32.80,31.20,32.20,2043470,31.20,32.80,31.20,32.20,0,780130,237210
BID,20180207,31.20,31.20,30.00,31.20,2058050,31.20,31.20,30.00,31.20,50000,474780,630170
BID,20180206,29.20,30.80,29.20,29.20,3316700,29.20,30.80,29.20,29.20,20000,521560,938790
BID,20180205,33.20,33.40,31.35,31.35,2790640,33.20,33.40,31.35,31.35,0,226550,212280
BID,20180202,33.30,34.30,33.10,33.70,1771520,33.30,34.30,33.10,33.70,0,184570,413080
BID,20180201,34.50,34.55,32.90,33.70,1894280,34.50,34.55,32.90,33.70,530000,740740,827600
BID,20180131,37.20,37.25,34.20,34.20,1755870,37.20,37.25,34.20,34.20,25000,118380,272630
BID,20180130,32.85,36.00,32.85,36.00,3283230,32.85,36.00,32.85,36.00,20000,899870,522820
BID,20180129,33.00,34.75,33.00,34.60,4395390,33.00,34.75,33.00,34.60,30000,1635280,881650
BID,20180126,32.50,32.50,31.50,32.50,5677170,32.50,32.50,31.50,32.50,0,2044290,1524370
BID,20180125,29.10,30.40,28.80,30.40,7986250,29.10,30.40,28.80,30.40,100000,1663290,62460
BID,20180122,26.90,28.60,26.85,28.45,5040120,26.90,28.60,26.85,28.45,0,477040,35940
BID,20180119,27.20,27.30,26.60,26.90,3553540,27.20,27.30,26.60,26.90,0,855840,502920
BID,20180118,26.60,27.10,26.30,27.10,1833010,26.60,27.10,26.30,27.10,0,544070,21770
BID,20180117,27.70,28.10,27.00,27.00,2847680,27.70,28.10,27.00,27.00,0,116090,60940
BID,20180116,27.35,27.90,27.25,27.70,2368450,27.35,27.90,27.25,27.70,0,141150,50040
BID,20180115,27.05,27.70,26.75,27.30,1787190,27.05,27.70,26.75,27.30,680000,1110880,14780
BID,20180112,27.20,27.55,27.10,27.25,2484840,27.20,27.55,27.10,27.25,640000,969290,7670
BID,20180111,27.50,27.75,27.15,27.60,1566970,27.50,27.75,27.15,27.60,0,88350,4500
BID,20180110,27.40,28.25,27.30,27.45,2817750,27.40,28.25,27.30,27.45,1250000,1786970,7580
BID,20180109,27.85,27.95,26.00,27.40,4214750,27.85,27.95,26.00,27.40,800000,879570,5440
BID,20180108,27.70,28.20,27.40,27.85,2053870,27.70,28.20,27.40,27.85,0,33530,50730
BID,20180105,27.50,27.55,26.95,27.40,1908830,27.50,27.55,26.95,27.40,0,682710,1400
BID,20180104,26.80,27.70,26.55,27.55,4424190,26.80,27.70,26.55,27.55,1500000,2264000,1000
BID,20180103,27.00,27.05,26.50,26.80,2458110,27.00,27.05,26.50,26.80,0,530080,8970
BID,20180102,25.50,27.00,25.20,27.00,2903770,25.50,27.00,25.20,27.00,1000000,1446220,16800
BID,20171229,25.05,25.50,24.75,25.50,2593290,25.05,25.50,24.75,25.50,400000,510740,11700
BID,20171228,24.40,25.10,24.40,24.75,1382650,24.40,25.10,24.40,24.75,0,28830,4530
BID,20171227,24.25,24.65,24.05,24.40,1201510,24.25,24.65,24.05,24.40,0,48530,8220
BID,20171226,23.80,24.10,23.50,24.10,1009560,23.80,24.10,23.50,24.10,0,101960,393000
BID,20171225,24.20,24.30,23.70,23.80,572480,24.20,24.30,23.70,23.80,0,7080,121850
BID,20171222,23.90,24.20,23.50,23.85,1931970,23.90,24.20,23.50,23.85,0,4610,129480
BID,20171221,24.50,24.80,24.20,24.20,1312160,24.50,24.80,24.20,24.20,0,105240,261940
BID,20171220,24.10,24.70,24.05,24.50,873610,24.10,24.70,24.05,24.50,100000,205510,46860
BID,20171219,24.35,24.70,24.10,24.10,939300,24.35,24.70,24.10,24.10,0,15360,440
BID,20171218,24.30,24.50,24.20,24.35,1023650,24.30,24.50,24.20,24.35,0,15160,0
BID,20171215,24.20,24.45,23.85,24.30,642650,24.20,24.45,23.85,24.30,0,12360,100
BID,20171214,23.80,24.50,23.25,24.45,1472190,23.80,24.50,23.25,24.45,0,407760,31000
BID,20171213,24.10,24.20,23.65,23.90,2017220,24.10,24.20,23.65,23.90,50000,506180,50000
BID,20171212,24.00,24.40,22.35,24.10,2619460,24.00,24.40,22.35,24.10,0,577170,189840
BID,20171211,23.90,24.80,23.90,24.00,1236890,23.90,24.80,23.90,24.00,0,174700,231340
BID,20171208,25.05,25.20,24.65,25.00,853010,25.05,25.20,24.65,25.00,0,4420,382750
BID,20171207,25.00,25.15,24.55,25.00,642950,25.00,25.15,24.55,25.00,50000,130850,11530
BID,20171206,24.70,24.90,24.50,24.85,1856030,24.70,24.90,24.50,24.85,60000,59540,219490
BID,20171205,25.70,25.70,24.90,24.90,2429510,25.70,25.70,24.90,24.90,0,348140,502000
BID,20171204,25.70,26.20,25.50,25.50,1010470,25.70,26.20,25.50,25.50,92900,114320,230070
BID,20171201,25.60,25.65,25.40,25.50,1313000,25.60,25.65,25.40,25.50,200000,215990,405200
BID,20171130,26.00,26.30,25.50,25.65,1539270,26.00,26.30,25.50,25.65,0,207310,55600
BID,20171129,24.90,25.60,24.90,25.60,1644260,24.90,25.60,24.90,25.60,292900,679460,502010
BID,20171128,25.20,25.40,24.55,25.00,1735860,25.20,25.40,24.55,25.00,0,9190,507480
BID,20171127,25.30,25.55,25.10,25.20,1300640,25.30,25.55,25.10,25.20,0,109300,95700
BID,20171124,25.30,25.55,25.00,25.30,1762130,25.30,25.55,25.00,25.30,0,47040,624580
BID,20171123,26.00,26.50,25.30,25.30,2648530,26.00,26.50,25.30,25.30,0,358160,463870
BID,20171122,24.05,25.70,24.00,25.70,4041890,24.05,25.70,24.00,25.70,300000,2086880,912250
BID,20171121,24.00,24.50,24.00,24.05,2397310,24.00,24.50,24.00,24.05,0,469650,413200
BID,20171120,23.80,24.15,23.65,24.00,1424750,23.80,24.15,23.65,24.00,90000,391180,424000
BID,20171117,24.20,24.30,23.50,24.05,2518270,24.20,24.30,23.50,24.05,300000,658760,730660
BID,20171116,24.05,24.35,23.70,24.15,2383080,24.05,24.35,23.70,24.15,0,1133730,348840
BID,20171115,24.40,24.40,24.00,24.20,1143070,24.40,24.40,24.00,24.20,0,645670,29000
BID,20171114,23.95,24.40,23.50,24.30,1976900,23.95,24.40,23.50,24.30,0,809940,20230
BID,20171113,23.65,23.95,23.60,23.95,1456000,23.65,23.95,23.60,23.95,0,570140,3550
BID,20171110,23.30,24.20,23.30,23.60,2655350,23.30,24.20,23.30,23.60,0,1327310,22740
BID,20171109,23.80,23.90,23.40,23.50,2328420,23.80,23.90,23.40,23.50,0,654390,39330
BID,20171108,22.85,23.80,22.70,23.80,3162900,22.85,23.80,22.70,23.80,480000,1426110,14890
BID,20171107,22.70,23.05,22.60,22.85,2397470,22.70,23.05,22.60,22.85,2000000,1491900,47950
BID,20171106,22.40,22.85,22.25,22.85,2248950,22.40,22.85,22.25,22.85,0,430800,12540
BID,20171103,21.80,22.40,21.50,22.40,2000100,21.80,22.40,21.50,22.40,0,749600,12200
BID,20171102,22.40,22.55,21.50,21.90,2240060,22.40,22.55,21.50,21.90,0,266830,100400
BID,20171101,21.85,22.45,21.85,22.40,2540230,21.85,22.45,21.85,22.40,200000,903420,96500
BID,20171031,21.80,22.15,21.50,21.85,2860900,21.80,22.15,21.50,21.85,50000,1127790,306190
BID,20171030,21.20,22.30,21.20,21.85,5516030,21.20,22.30,21.20,21.85,0,1073460,84080
BID,20171027,20.70,21.20,20.55,21.20,1525120,20.70,21.20,20.55,21.20,0,209100,38610
BID,20171026,20.90,21.20,20.30,20.70,1949360,20.90,21.20,20.30,20.70,0,102740,110310
BID,20171025,20.70,21.30,20.70,21.00,1419710,20.70,21.30,20.70,21.00,0,124580,500
BID,20171024,20.65,20.90,20.60,20.75,991780,20.65,20.90,20.60,20.75,90000,644780,34100
BID,20171023,21.20,21.45,20.80,20.90,2104280,21.20,21.45,20.80,20.90,0,644780,34100
BID,20171020,21.10,21.45,21.10,21.40,2795090,21.10,21.45,21.10,21.40,0,1025350,180
BID,20171019,21.20,21.35,20.80,21.25,2221120,21.20,21.35,20.80,21.25,0,576390,1000
BID,20171018,21.50,21.70,21.30,21.40,3877330,21.50,21.70,21.30,21.40,50000,1739800,45870
BID,20171017,20.40,21.50,20.40,21.50,5851150,20.40,21.50,20.40,21.50,0,861950,40030
BID,20171016,20.20,20.45,20.20,20.35,1723790,20.20,20.45,20.20,20.35,0,280050,63310
BID,20171013,20.10,20.25,20.05,20.20,720350,20.10,20.25,20.05,20.20,0,257680,20000
BID,20171012,20.30,20.45,20.15,20.15,1237240,20.30,20.45,20.15,20.15,0,28540,60
BID,20171011,20.10,20.45,20.05,20.30,2054250,20.10,20.45,20.05,20.30,0,450250,700
BID,20171010,20.00,20.20,19.95,20.00,786110,20.00,20.20,19.95,20.00,0,1010,2000
BID,20171009,20.20,20.30,20.00,20.00,1931480,20.20,20.30,20.00,20.00,0,200,0
BID,20171006,19.85,20.20,19.80,19.95,2512220,19.85,20.20,19.80,19.95,0,50470,350
BID,20171005,20.20,20.25,19.85,19.90,1259970,20.20,20.25,19.85,19.90,70000,1050,500
BID,20171004,19.90,20.20,19.85,20.05,1798560,19.90,20.20,19.85,20.05,0,0,100
BID,20171003,19.80,20.20,19.70,19.85,2747020,19.80,20.20,19.70,19.85,0,27870,70
BID,20171002,19.60,20.00,19.60,19.70,1316100,19.60,20.00,19.60,19.70,0,10,0
BID,20170929,19.65,19.85,19.60,19.60,2047180,19.65,19.85,19.60,19.60,0,28460,424610
BID,20170928,20.20,20.40,19.65,19.65,2620840,20.20,20.40,19.65,19.65,0,399200,757970
BID,20170927,20.40,20.50,20.20,20.20,1270120,20.40,20.50,20.20,20.20,0,1500,51500
BID,20170926,20.40,20.60,20.35,20.40,1400280,20.40,20.60,20.35,20.40,0,6380,0
BID,20170925,20.60,20.65,20.30,20.40,1296670,20.60,20.65,20.30,20.40,0,5300,150000
BID,20170922,20.70,20.90,20.60,20.60,1539180,20.70,20.90,20.60,20.60,0,74170,30000
BID,20170921,20.40,20.90,20.35,20.85,3542580,20.40,20.90,20.35,20.85,0,815120,155000
BID,20170920,20.65,20.65,20.40,20.50,1165030,20.65,20.65,20.40,20.50,283660,487720,637850
BID,20170919,20.60,20.85,20.45,20.65,1771760,20.60,20.85,20.45,20.65,0,154150,111500
BID,20170918,20.40,20.70,20.35,20.50,1867500,20.40,20.70,20.35,20.50,0,20,14500
BID,20170915,20.65,20.65,20.35,20.40,761660,20.65,20.65,20.35,20.40,0,7470,81980
BID,20170914,20.35,20.85,20.30,20.65,1630270,20.35,20.85,20.30,20.65,0,4010,100000
BID,20170913,20.65,20.70,20.35,20.50,865900,20.65,20.70,20.35,20.50,0,620,29700
BID,20170912,20.10,20.70,20.05,20.50,1086660,20.10,20.70,20.05,20.50,0,0,9000
BID,20170911,20.20,20.60,20.00,20.20,1595410,20.20,20.60,20.00,20.20,0,360000,56000
BID,20170908,20.85,20.85,20.35,20.35,2150240,20.85,20.85,20.35,20.35,40000,2600,72680
BID,20170907,20.55,21.20,20.55,20.85,2388710,20.55,21.20,20.55,20.85,0,427050,205510
BID,20170906,20.70,20.90,20.45,20.60,2638220,20.70,20.90,20.45,20.60,0,135200,303800
BID,20170905,21.00,21.00,20.60,20.95,1769650,21.00,21.00,20.60,20.95,0,441370,59500
BID,20170901,21.10,21.60,20.75,21.05,3772890,21.10,21.60,20.75,21.05,0,510750,59250
BID,20170831,19.40,20.70,19.35,20.70,5421350,19.40,20.70,19.35,20.70,0,142930,56850
BID,20170830,19.70,19.70,19.35,19.35,1728800,19.70,19.70,19.35,19.35,0,120680,328620
BID,20170829,19.65,19.90,19.60,19.65,1636320,19.65,19.90,19.60,19.65,0,100,18100
BID,20170828,19.75,19.90,19.55,19.65,1189610,19.75,19.90,19.55,19.65,0,5020,0
BID,20170825,19.90,20.10,19.70,19.75,1774880,19.90,20.10,19.70,19.75,0,109830,10000
BID,20170824,19.45,19.90,19.40,19.80,2016560,19.45,19.90,19.40,19.80,0,285160,114340
BID,20170823,19.15,19.50,19.05,19.40,1180060,19.15,19.50,19.05,19.40,0,202150,100500
BID,20170822,19.60,19.60,19.15,19.15,1799420,19.60,19.60,19.15,19.15,0,31790,0
BID,20170821,19.75,19.85,19.20,19.65,1027780,19.75,19.85,19.20,19.65,0,6680,14500
BID,20170818,19.00,20.00,18.80,19.75,2250620,19.00,20.00,18.80,19.75,0,106680,75000
BID,20170817,20.00,20.15,19.10,19.20,5639850,20.00,20.15,19.10,19.20,0,261640,1090400
BID,20170816,20.30,20.40,19.80,20.00,2001570,20.30,20.40,19.80,20.00,0,66220,50000
BID,20170815,20.75,20.80,20.30,20.30,1784120,20.75,20.80,20.30,20.30,0,15060,73560
BID,20170814,20.30,20.80,20.00,20.80,1736920,20.30,20.80,20.00,20.80,0,90580,10000
BID,20170811,20.20,20.40,19.80,20.30,2439370,20.20,20.40,19.80,20.30,0,627520,0
BID,20170810,20.20,20.80,19.40,20.30,4450650,20.20,20.80,19.40,20.30,40000,66710,130500
BID,20170809,22.10,22.10,20.40,20.40,9682480,22.10,22.10,20.40,20.40,0,364140,738420
BID,20170808,21.90,21.99,21.70,21.90,2963240,22.60,22.70,22.40,22.60,200000,599230,3930
BID,20170807,21.52,21.86,21.52,21.80,3107320,22.20,22.55,22.20,22.50,133000,291800,4300
BID,20170804,22.19,22.19,21.71,21.71,2565930,22.90,22.90,22.40,22.40,0,42200,12160
BID,20170803,21.70,22.28,21.70,22.19,4418090,22.40,23.00,22.40,22.90,40000,1882900,322470
BID,20170802,21.17,22.24,20.98,21.75,6829100,21.85,22.95,21.65,22.45,0,2125100,216120
BID,20170801,21.32,21.66,21.12,21.51,3554410,22.00,22.35,21.80,22.20,0,809640,180400
BID,20170731,20.45,21.66,20.45,21.51,6728350,21.10,22.35,21.10,22.20,200000,2963010,160330
BID,20170728,20.21,20.54,19.96,20.35,5408060,20.85,21.20,20.60,21.00,0,425050,31000
BID,20170727,19.96,20.20,19.77,20.06,3954610,20.60,20.85,20.40,20.70,0,5220,171880
BID,20170726,19.76,20.25,19.71,19.96,4938950,20.40,20.90,20.35,20.60,0,0,0
BID,20170725,18.80,19.87,18.80,19.86,4854620,19.40,20.50,19.40,20.50,0,954000,34260
BID,20170724,18.60,18.89,18.36,18.80,1521320,19.20,19.50,18.95,19.40,0,11000,2000
BID,20170721,19.09,19.18,18.65,18.65,2846690,19.70,19.80,19.25,19.25,0,515930,10000
BID,20170720,18.65,18.99,18.41,18.99,2885390,19.25,19.60,19.00,19.60,0,380,300
BID,20170719,18.55,18.65,18.41,18.46,1785650,19.15,19.25,19.00,19.05,0,512000,0
BID,20170718,18.26,18.50,18.12,18.36,1988430,18.85,19.10,18.70,18.95,0,25700,19400
BID,20170717,18.85,18.89,18.26,18.31,2508150,19.45,19.50,18.85,18.90,0,12920,184700
BID,20170714,19.09,19.09,18.70,18.70,1615650,19.70,19.70,19.30,19.30,0,12000,57000
BID,20170713,18.70,19.04,18.65,18.94,1427810,19.30,19.65,19.25,19.55,0,0,7520
BID,20170712,19.09,19.09,18.70,18.70,2218530,19.70,19.70,19.30,19.30,0,20310,68600
BID,20170711,19.09,19.14,18.46,19.09,2406080,19.70,19.75,19.05,19.70,0,20310,68600
BID,20170710,19.57,19.67,19.09,19.09,4280320,20.20,20.30,19.70,19.70,20000,22440,33100
BID,20170707,19.67,19.96,19.52,19.57,4883780,20.30,20.60,20.15,20.20,0,694060,2970
BID,20170706,19.87,20.06,19.53,19.67,5082620,20.50,20.70,20.15,20.30,0,96260,13000
BID,20170705,19.72,19.82,19.57,19.77,3792250,20.35,20.45,20.20,20.40,200000,6210,6450
BID,20170704,20.25,20.25,19.58,19.67,3960190,20.90,20.90,20.20,20.30,288000,138670,0
BID,20170703,19.77,20.30,19.77,20.06,3702190,20.40,20.95,20.40,20.70,1300000,1442960,20350
BID,20170630,19.57,19.77,19.57,19.77,2718220,20.20,20.40,20.20,20.40,0,721120,36090
BID,20170629,19.52,19.96,19.52,19.67,5414500,20.15,20.60,20.15,20.30,120000,212670,1000
BID,20170628,19.23,19.57,19.09,19.33,3584220,19.85,20.20,19.70,19.95,0,28900,2000
BID,20170627,19.57,19.72,19.28,19.28,3955780,20.20,20.35,19.90,19.90,500000,100080,15000
BID,20170626,19.28,19.72,19.18,19.57,4079030,19.90,20.35,19.80,20.20,50000,100080,15000
BID,20170623,19.08,19.28,18.99,19.28,4067480,19.70,19.90,19.60,19.90,275000,26500,96000
BID,20170622,19.77,19.86,19.23,19.23,4700650,20.40,20.50,19.85,19.85,0,11410,33000
BID,20170621,19.76,19.96,19.23,19.67,7245070,20.40,20.60,19.85,20.30,0,205260,64170
BID,20170620,19.67,19.96,19.48,19.91,6648680,20.30,20.60,20.10,20.55,100000,1007960,347570
BID,20170619,19.38,19.43,19.19,19.38,4812540,20.00,20.05,19.80,20.00,0,316120,314660
BID,20170616,19.09,19.29,19.04,19.14,3740610,19.70,19.90,19.65,19.75,75710,112330,149840
BID,20170615,19.48,19.48,19.04,19.19,5827220,20.10,20.10,19.65,19.80,320000,102080,4140
BID,20170614,19.09,19.48,19.05,19.38,7438470,19.70,20.10,19.65,20.00,0,430720,40000
BID,20170613,18.41,19.09,18.31,18.90,4418920,19.00,19.70,18.90,19.50,100000,63550,3100
BID,20170612,18.32,18.66,18.17,18.36,4459550,18.90,19.25,18.75,18.95,265140,383900,45140
BID,20170609,18.51,18.66,18.22,18.27,4780100,19.10,19.25,18.80,18.85,90440,27650,0
BID,20170608,18.70,18.80,18.32,18.51,3776460,19.30,19.40,18.90,19.10,0,27900,11660
BID,20170607,18.90,19.14,18.70,18.80,6665550,19.50,19.75,19.30,19.40,0,2000,11500
BID,20170606,18.02,18.85,17.93,18.80,8701470,18.60,19.45,18.50,19.40,180000,510050,25000
BID,20170605,17.92,18.21,17.83,18.12,3173120,18.50,18.80,18.40,18.70,50000,9020,32800
BID,20170602,17.73,17.83,17.39,17.68,5040700,18.30,18.40,17.95,18.25,0,26520,30000
BID,20170601,17.93,18.07,17.73,17.73,3182440,18.50,18.65,18.30,18.30,0,15610,3000
BID,20170531,17.78,18.02,17.59,17.88,4665780,18.35,18.60,18.15,18.45,0,55030,500000
BID,20170530,18.31,18.60,17.78,17.78,7521710,18.90,19.20,18.35,18.35,385000,84150,604330
BID,20170529,18.90,19.19,18.32,18.41,6835440,19.50,19.80,18.90,19.00,0,411310,451400
BID,20170526,18.41,18.90,18.41,18.90,6662620,19.00,19.50,19.00,19.50,0,1844530,41040
BID,20170525,18.65,19.09,18.41,18.51,8562650,19.25,19.70,19.00,19.10,0,1094420,903900
BID,20170524,17.87,18.74,17.73,18.65,9620910,18.45,19.35,18.30,19.25,0,1855720,864750
BID,20170523,17.83,18.56,17.59,17.97,10107090,18.40,19.15,18.15,18.55,0,2030580,15940
BID,20170522,16.86,17.83,16.86,17.83,15701040,17.40,18.40,17.40,18.40,100000,6480,7570
BID,20170519,16.33,16.67,16.23,16.67,5387170,16.85,17.20,16.75,17.20,550000,131650,13000
BID,20170518,16.18,16.52,16.13,16.28,3270310,16.70,17.05,16.65,16.80,0,332300,6000
BID,20170517,16.28,16.38,16.14,16.18,2289770,16.80,16.90,16.65,16.70,140940,4260,55370
BID,20170516,16.48,16.53,16.19,16.38,3557650,17.00,17.05,16.70,16.90,0,7000,150100
BID,20170515,16.37,16.42,16.18,16.38,3094730,16.90,16.95,16.70,16.90,100000,1000,54700
BID,20170512,16.47,16.76,16.37,16.42,3232780,17.00,17.30,16.90,16.95,30000,275540,108340
BID,20170511,16.57,16.72,16.47,16.47,3438740,17.10,17.25,17.00,17.00,0,50720,139000
BID,20170510,16.09,16.77,16.09,16.57,6204060,16.60,17.30,16.60,17.10,480000,75000,66350
BID,20170509,15.89,16.18,15.84,16.09,3390050,16.40,16.70,16.35,16.60,215000,60100,201000
BID,20170508,16.14,16.14,15.80,15.99,2750130,16.65,16.65,16.30,16.50,0,100,137000
BID,20170505,16.28,16.28,15.89,16.04,2558190,16.80,16.80,16.40,16.55,100000,166840,130700
BID,20170504,16.09,16.53,15.94,16.28,3603070,16.60,17.05,16.45,16.80,200000,119490,400000
BID,20170503,16.09,16.28,15.99,16.09,2134200,16.60,16.80,16.50,16.60,167764,1500,366094
BID,20170428,15.80,16.19,15.80,16.09,4054470,16.30,16.70,16.30,16.60,0,490130,1081730
BID,20170427,15.99,16.18,15.94,16.09,1305200,16.50,16.70,16.45,16.60,0,230060,155490
BID,20170426,15.79,16.23,15.65,15.99,3093360,16.30,16.75,16.15,16.50,65000,104760,0
BID,20170425,15.89,15.99,15.69,15.84,2039700,16.40,16.50,16.20,16.35,41890,33750,22300
BID,20170424,15.99,16.09,15.80,15.84,915040,16.50,16.60,16.30,16.35,0,2000,4200
BID,20170421,16.24,16.38,15.99,16.04,2322130,16.75,16.90,16.50,16.55,0,36960,18040
BID,20170420,15.79,16.37,15.64,16.09,3276820,16.30,16.90,16.15,16.60,0,5200,108700
BID,20170419,15.99,15.99,15.80,15.79,2200740,16.50,16.50,16.30,16.30,0,13000,130360
BID,20170418,15.89,15.99,15.70,15.99,3394390,16.40,16.50,16.20,16.50,0,10150,0
BID,20170417,16.47,16.52,15.89,15.89,2640550,17.00,17.05,16.40,16.40,70000,52000,10
BID,20170414,16.19,16.53,15.94,16.52,4089000,16.70,17.05,16.45,17.05,0,10150,33000
BID,20170413,16.37,16.57,16.28,16.38,4017550,16.90,17.10,16.80,16.90,110000,540,0
BID,20170412,16.47,16.66,16.28,16.47,3272610,17.00,17.20,16.80,17.00,0,2180,7400
BID,20170411,16.47,16.52,16.23,16.47,3274570,17.00,17.05,16.75,17.00,0,55550,90000
BID,20170410,16.67,16.72,16.47,16.47,3210070,17.20,17.25,17.00,17.00,0,350630,1200
BID,20170407,16.57,16.72,16.28,16.57,4065580,17.10,17.25,16.80,17.10,0,375190,31000
BID,20170405,16.67,16.82,16.57,16.62,3256600,17.20,17.35,17.10,17.15,128000,41000,4440
BID,20170404,16.77,16.91,16.52,16.67,3160690,17.30,17.45,17.05,17.20,0,16000,500
BID,20170403,16.91,17.01,16.62,16.62,3046160,17.45,17.55,17.15,17.15,0,9220,5000
BID,20170331,17.20,17.20,16.86,17.01,2402720,17.75,17.75,17.40,17.55,0,11000,0
BID,20170330,16.86,17.30,16.81,17.20,5467270,17.40,17.85,17.35,17.75,0,278100,1490
BID,20170329,16.91,16.91,16.57,16.86,4029300,17.45,17.45,17.10,17.40,0,131000,214490
BID,20170328,17.05,17.25,16.86,16.86,3129920,17.60,17.80,17.40,17.40,100000,100000,2020
BID,20170327,17.44,17.58,17.10,17.20,7212840,18.00,18.15,17.65,17.75,0,257050,11000
BID,20170324,17.10,17.35,16.86,17.34,8242990,17.65,17.90,17.40,17.90,0,440400,500
BID,20170323,16.86,17.10,16.67,16.91,3455890,17.40,17.65,17.20,17.45,0,283260,29900
BID,20170322,16.86,17.10,16.76,16.86,9321930,17.40,17.65,17.30,17.40,0,32490,376010
BID,20170321,16.28,16.86,16.28,16.86,10006770,16.80,17.40,16.80,17.40,0,12350,4000
BID,20170320,16.18,16.28,15.94,16.23,3017280,16.70,16.80,16.45,16.75,0,2010,250000
BID,20170317,15.84,16.23,15.79,16.18,4646040,16.35,16.75,16.30,16.70,0,30,250
BID,20170316,15.94,16.04,15.75,15.84,1860750,16.45,16.55,16.25,16.35,0,0,0
BID,20170315,15.79,15.94,15.74,15.94,1177930,16.30,16.45,16.25,16.45,0,1200,0
BID,20170314,15.84,15.99,15.80,15.89,2190590,16.35,16.50,16.30,16.40,0,9700,94520
BID,20170313,15.99,16.04,15.80,15.99,1377930,16.50,16.55,16.30,16.50,0,20000,0
BID,20170310,16.38,16.38,16.04,16.04,2210220,16.90,16.90,16.55,16.55,0,7000,147530
BID,20170309,16.09,16.43,16.04,16.28,4635690,16.60,16.95,16.55,16.80,0,27600,0
BID,20170308,15.89,16.23,15.80,16.09,2091720,16.40,16.75,16.30,16.60,0,90,0
BID,20170307,16.09,16.09,15.90,15.99,1229860,16.60,16.60,16.40,16.50,0,18250,1570
BID,20170306,16.08,16.18,15.89,16.09,2663090,16.60,16.70,16.40,16.60,0,192170,63880
BID,20170303,15.60,15.89,15.31,15.89,3291400,16.10,16.40,15.80,16.40,0,160300,400000
BID,20170302,15.89,15.98,15.55,15.55,2357980,16.40,16.50,16.05,16.05,0,32420,883350
BID,20170301,15.94,15.94,15.60,15.79,2971500,16.45,16.45,16.10,16.30,0,100,42000
BID,20170228,16.13,16.18,15.89,15.94,1374710,16.65,16.70,16.40,16.45,0,10000,37490
BID,20170227,15.98,16.18,15.94,16.18,1299320,16.50,16.70,16.45,16.70,0,0,0
BID,20170224,15.98,16.28,15.98,16.13,2717550,16.50,16.80,16.50,16.65,0,70900,10630
BID,20170223,16.09,16.19,15.85,16.13,1917960,16.60,16.70,16.35,16.65,0,40490,500
BID,20170222,16.23,16.28,15.99,16.09,2027200,16.75,16.80,16.50,16.60,0,8500,0
BID,20170221,16.14,16.33,16.14,16.18,3466220,16.65,16.85,16.65,16.70,20000,349180,7000
BID,20170220,16.28,16.33,15.99,16.09,4319650,16.80,16.85,16.50,16.60,0,10000,33880
BID,20170217,16.37,16.52,16.23,16.38,2315410,16.90,17.05,16.75,16.90,50000,0,11050
BID,20170216,16.71,16.91,16.47,16.47,4207540,17.25,17.45,17.00,17.00,39130,103070,17050
BID,20170215,16.42,16.86,16.32,16.81,3866520,16.95,17.40,16.85,17.35,0,77000,1300
BID,20170214,16.38,16.52,16.33,16.47,3452520,16.90,17.05,16.85,17.00,0,83250,21700
BID,20170213,16.57,16.62,16.33,16.33,2356920,17.10,17.15,16.85,16.85,0,2000,0
BID,20170210,16.33,16.62,16.28,16.57,3882460,16.85,17.15,16.80,17.10,0,80000,100
BID,20170209,16.47,16.62,16.32,16.33,3894230,17.00,17.15,16.85,16.85,0,21420,0
BID,20170208,16.57,16.67,16.33,16.47,3716420,17.10,17.20,16.85,17.00,0,163900,13500
BID,20170207,16.52,16.82,16.43,16.57,3550940,17.05,17.35,16.95,17.10,0,10000,201600
BID,20170206,16.67,16.86,16.48,16.67,2896390,17.20,17.40,17.00,17.20,0,27580,0
BID,20170203,16.67,17.01,16.52,16.67,4057580,17.20,17.55,17.05,17.20,0,24010,5300
BID,20170202,16.38,16.67,16.14,16.67,3033030,16.90,17.20,16.65,17.20,0,99680,10000
BID,20170125,16.47,16.47,15.99,16.38,2424360,17.00,17.00,16.50,16.90,0,42160,67000
BID,20170124,16.33,16.62,16.33,16.47,3130040,16.85,17.15,16.85,17.00,100000,186730,28400
BID,20170123,16.18,16.47,16.08,16.33,3412290,16.70,17.00,16.60,16.85,62000,674000,8400
BID,20170120,15.99,16.38,15.89,16.13,3226890,16.50,16.90,16.40,16.65,395000,16510,15100
BID,20170119,15.84,16.13,15.79,15.94,1997400,16.35,16.65,16.30,16.45,0,412000,343000
BID,20170118,16.28,16.76,15.94,15.94,5523490,16.80,17.30,16.45,16.45,385000,587000,635950
BID,20170117,15.60,16.33,15.46,16.28,6538420,16.10,16.85,15.95,16.80,245000,212630,1227830
BID,20170116,15.75,15.80,15.31,15.31,2739610,16.25,16.30,15.80,15.80,0,20600,95000
BID,20170113,15.99,16.04,15.65,15.75,3414240,16.50,16.55,16.15,16.25,0,10,213100
BID,20170112,16.09,16.09,15.90,15.99,3541500,16.60,16.60,16.40,16.50,0,0,501000
BID,20170111,15.70,16.08,15.55,16.09,7292910,16.20,16.60,16.05,16.60,300000,603060,650000
BID,20170110,15.60,15.70,15.46,15.60,2471780,16.10,16.20,15.95,16.10,0,10,400000
BID,20170109,15.31,15.89,15.31,15.70,6160700,15.80,16.40,15.80,16.20,0,9800,242000
BID,20170106,14.73,15.55,14.73,15.26,6338280,15.20,16.05,15.20,15.75,160000,364800,271000
BID,20170105,14.87,15.21,14.73,14.92,1988580,15.35,15.70,15.20,15.40,0,57000,100300
BID,20170104,14.83,15.21,14.83,14.97,4674470,15.30,15.70,15.30,15.45,352000,65750,220000
BID,20170103,13.91,14.68,13.91,14.68,4954000,14.35,15.15,14.35,15.15,160000,0,207000
BID,20161230,13.81,13.96,13.76,13.76,1439980,14.25,14.40,14.20,14.20,0,0,230000
BID,20161229,13.95,14.00,13.76,13.86,1707820,14.40,14.45,14.20,14.30,0,0,450000
BID,20161228,14.10,14.10,13.86,14.00,1805210,14.55,14.55,14.30,14.45,139180,30000,398550
BID,20161227,14.15,14.15,13.91,14.05,1463890,14.60,14.60,14.35,14.50,0,14300,382920
BID,20161226,14.15,14.30,14.10,14.15,1127830,14.60,14.75,14.55,14.60,0,13000,40000
BID,20161223,14.15,14.15,13.91,14.15,1837280,14.60,14.60,14.35,14.60,288000,300,320000
BID,20161222,14.29,14.29,14.05,14.15,967740,14.75,14.75,14.50,14.60,100000,300,350000
BID,20161221,14.29,14.44,14.10,14.44,1778310,14.75,14.90,14.55,14.90,0,0,300000
BID,20161220,14.34,14.39,14.19,14.29,1298970,14.80,14.85,14.65,14.75,0,25600,253830
BID,20161219,14.20,14.54,14.20,14.29,1823730,14.65,15.00,14.65,14.75,0,0,455000
BID,20161216,14.09,14.34,14.09,14.20,1663470,14.55,14.80,14.55,14.65,0,227250,500000
BID,20161215,14.34,14.54,14.05,14.53,2157870,14.80,15.00,14.50,15.00,58000,227250,500000
BID,20161214,13.67,14.73,13.62,14.73,1762620,14.10,15.20,14.05,15.20,618250,484010,967620
BID,20161213,14.05,14.05,13.57,13.86,2488130,14.50,14.50,14.00,14.30,82000,184320,535000
BID,20161212,14.14,14.29,14.00,14.15,1565240,14.60,14.75,14.45,14.60,0,187550,120400
BID,20161209,14.34,14.44,14.19,14.29,772520,14.80,14.90,14.65,14.75,0,96000,230000
BID,20161208,14.29,14.39,14.19,14.34,1623610,14.75,14.85,14.65,14.80,300000,2600,432860
BID,20161207,14.29,14.39,14.19,14.29,1784350,14.75,14.85,14.65,14.75,300000,0,420000
BID,20161206,14.58,14.63,14.05,14.29,2279090,15.05,15.10,14.50,14.75,0,310,507140
BID,20161205,14.83,14.83,14.54,14.73,1640570,15.30,15.30,15.00,15.20,0,35530,706000
BID,20161202,14.87,14.92,14.73,14.83,1335510,15.35,15.40,15.20,15.30,0,5600,615840
BID,20161201,14.93,14.93,14.78,14.92,2936240,15.40,15.40,15.25,15.40,195640,0,964190
BID,20161130,14.92,14.97,14.68,14.83,2368910,15.40,15.45,15.15,15.30,163000,7690,550000
BID,20161129,15.21,15.26,14.73,14.73,1665320,15.70,15.75,15.20,15.20,71040,20000,482330
BID,20161128,15.31,15.31,15.07,15.21,1818540,15.80,15.80,15.55,15.70,120000,0,202000
BID,20161125,15.50,15.50,15.21,15.41,840410,16.00,16.00,15.70,15.90,0,0,129210
BID,20161124,15.60,15.60,15.21,15.50,617020,16.10,16.10,15.70,16.00,200000,0,200000
BID,20161123,15.70,15.84,15.60,15.60,3221530,16.20,16.35,16.10,16.10,120000,21000,353000
BID,20161122,15.02,15.60,15.02,15.60,1905030,15.50,16.10,15.50,16.10,100000,0,486050
BID,20161121,14.93,15.22,14.93,15.02,2002790,15.40,15.70,15.40,15.50,275000,64420,470000
BID,20161118,14.88,14.88,14.73,14.83,837340,15.35,15.35,15.20,15.30,20000,10250,190000
BID,20161117,14.97,14.97,14.82,14.83,680780,15.45,15.45,15.30,15.30,100000,50,278000
BID,20161116,14.87,15.02,14.87,14.97,554170,15.35,15.50,15.35,15.45,100000,10520,241910
BID,20161115,14.87,15.02,14.82,14.87,943440,15.35,15.50,15.30,15.35,20000,13440,158170
BID,20161114,15.26,15.26,14.82,14.87,1117210,15.75,15.75,15.30,15.35,0,10200,200000
BID,20161111,15.21,15.36,15.07,15.21,730860,15.70,15.85,15.55,15.70,30000,31950,80000
BID,20161110,15.41,15.41,15.21,15.31,1048200,15.90,15.90,15.70,15.80,0,10760,156420
BID,20161109,15.31,15.31,14.34,15.31,1444880,15.80,15.80,14.80,15.80,0,100,33000
BID,20161108,15.31,15.50,15.26,15.26,650940,15.80,16.00,15.75,15.75,0,7080,151570
BID,20161107,15.46,15.70,15.31,15.31,1291320,15.95,16.20,15.80,15.80,26532,500,154990
BID,20161104,15.41,15.70,15.31,15.70,1590540,15.90,16.20,15.80,16.20,0,10300,237000
BID,20161103,15.69,15.69,15.35,15.60,1917430,16.20,16.20,15.85,16.10,0,13000,360030
BID,20161102,15.64,15.64,15.36,15.50,1422400,17.00,17.00,16.70,16.85,0,30000,333420
BID,20161101,15.37,15.65,15.32,15.64,1407290,16.70,17.00,16.65,17.00,0,290,351000
BID,20161031,15.73,15.82,15.36,15.37,1090960,17.10,17.20,16.70,16.70,0,380,455810
BID,20161028,15.46,15.83,15.42,15.73,1926490,16.80,17.20,16.75,17.10,0,700,290000
BID,20161027,15.73,15.78,15.36,15.37,2307600,17.10,17.15,16.70,16.70,0,26000,300500
BID,20161026,15.92,16.11,15.65,15.87,1230860,17.30,17.50,17.00,17.25,400000,0,520390
BID,20161025,16.24,16.24,15.83,16.06,2232770,17.65,17.65,17.20,17.45,0,0,350000
BID,20161024,16.37,16.47,16.19,16.24,3458020,17.80,17.90,17.60,17.65,0,84040,455020
BID,20161021,16.01,16.28,16.01,16.19,929330,17.40,17.70,17.40,17.60,0,115150,128240
BID,20161020,16.38,16.38,16.11,16.19,2281060,17.80,17.80,17.50,17.60,0,1020,130120
BID,20161019,15.50,16.28,15.50,16.29,5957570,16.85,17.70,16.85,17.70,280000,30800,203200
BID,20161018,15.73,15.73,15.41,15.64,251130,17.10,17.10,16.75,17.00,100000,13010,300
BID,20161017,15.55,15.78,15.55,15.73,897530,16.90,17.15,16.90,17.10,0,0,0
BID,20161014,15.37,15.74,15.32,15.64,2349780,16.70,17.10,16.65,17.00,0,5450,165120
BID,20161013,15.41,15.46,15.37,15.46,421910,16.75,16.80,16.70,16.80,0,0,0
BID,20161012,15.46,15.55,15.37,15.46,422240,16.80,16.90,16.70,16.80,0,0,0
BID,20161011,15.41,15.46,15.09,15.46,1974890,16.75,16.80,16.40,16.80,0,600,23390
BID,20161010,15.59,15.73,15.36,15.41,778870,16.95,17.10,16.70,16.75,0,0,16100
BID,20161007,15.83,15.92,15.60,15.64,905070,17.20,17.30,16.95,17.00,0,3310,483000
BID,20161006,15.87,15.97,15.69,15.92,2478390,17.25,17.35,17.05,17.30,0,3310,483000
BID,20161005,15.73,16.05,15.64,15.92,1597280,17.10,17.45,17.00,17.30,0,205090,195000
BID,20161004,15.55,15.96,15.50,15.73,1684540,16.90,17.35,16.85,17.10,0,280000,145600
BID,20161003,15.64,15.73,15.41,15.64,1677100,17.00,17.10,16.75,17.00,0,3100,0
BID,20160930,15.36,15.73,15.32,15.64,1672670,16.70,17.10,16.65,17.00,0,303100,100000
BID,20160929,15.91,15.91,15.41,15.64,1270170,17.30,17.30,16.75,17.00,0,8500,0
BID,20160928,15.46,15.97,15.37,15.96,3589280,16.80,17.35,16.70,17.35,0,489200,288040
BID,20160927,14.54,15.46,14.54,15.46,4499140,15.80,16.80,15.80,16.80,0,355210,751610
BID,20160926,14.77,14.77,14.54,14.68,775690,16.05,16.05,15.80,15.95,214976,300,503646
BID,20160923,14.77,14.77,14.59,14.77,753340,16.05,16.05,15.85,16.05,0,9800,164290
BID,20160922,14.81,14.99,14.72,14.77,502770,16.10,16.30,16.00,16.05,0,110090,279170
BID,20160921,14.54,15.00,14.54,14.81,960130,15.80,16.30,15.80,16.10,180000,150900,560990
BID,20160920,14.49,14.72,14.31,14.72,983190,15.75,16.00,15.55,16.00,0,95200,34790
BID,20160919,14.63,14.67,14.49,14.54,367810,15.90,15.95,15.75,15.80,0,7990,0
BID,20160916,14.63,14.63,14.35,14.58,758660,15.90,15.90,15.60,15.85,268720,1350,323520
BID,20160915,14.63,14.72,14.49,14.63,916150,15.90,16.00,15.75,15.90,0,500,228570
BID,20160914,14.73,14.82,14.63,14.63,652350,16.00,16.10,15.90,15.90,0,1600,203890
BID,20160913,14.91,15.00,14.82,14.91,477480,16.20,16.30,16.10,16.20,0,7180,117000
BID,20160912,15.09,15.14,14.82,15.00,815890,16.40,16.45,16.10,16.30,0,390,9000
BID,20160909,14.91,15.00,14.91,15.00,447890,16.20,16.30,16.20,16.30,0,700,0
BID,20160908,14.99,14.99,14.72,15.00,541640,16.30,16.30,16.00,16.30,0,30000,60000
BID,20160907,14.81,14.90,14.63,14.81,1329560,16.10,16.20,15.90,16.10,0,311600,581060
BID,20160906,14.81,15.00,14.81,14.81,828750,16.10,16.30,16.10,16.10,0,130100,294100
BID,20160905,15.00,15.09,14.63,15.09,1306300,16.30,16.40,15.90,16.40,0,1500,661000
BID,20160901,15.09,15.09,14.81,15.09,900430,16.40,16.40,16.10,16.40,0,500,124590
BID,20160831,15.09,15.18,15.00,15.09,734920,16.40,16.50,16.30,16.40,0,78500,124490
BID,20160830,15.09,15.18,15.00,15.18,466210,16.40,16.50,16.30,16.50,0,38580,93480
BID,20160829,15.18,15.27,15.09,15.18,1091630,16.50,16.60,16.40,16.50,0,101000,287170
BID,20160826,15.09,15.37,15.00,15.09,1297270,16.40,16.70,16.30,16.40,0,0,708860
BID,20160825,15.00,15.09,14.82,15.00,703200,16.30,16.40,16.10,16.30,0,1000,354000
BID,20160824,15.18,15.18,14.90,15.00,1612330,16.50,16.50,16.20,16.30,0,49070,631430
BID,20160823,15.09,15.18,15.00,15.18,903350,16.40,16.50,16.30,16.50,0,155100,476600
BID,20160822,15.09,15.27,15.09,15.18,1257980,16.40,16.60,16.40,16.50,0,4000,795890
BID,20160819,15.37,15.37,15.00,15.27,2029450,16.70,16.70,16.30,16.60,0,59460,1000090
BID,20160818,15.46,15.46,15.18,15.37,1343540,16.80,16.80,16.50,16.70,0,810,199420
BID,20160817,15.55,15.64,15.37,15.55,285200,16.90,17.00,16.70,16.90,0,1000,15000
BID,20160816,15.73,15.73,15.45,15.55,827940,17.10,17.10,16.80,16.90,0,0,0
BID,20160815,15.55,15.73,15.45,15.73,632830,16.90,17.10,16.80,17.10,0,600,0
BID,20160812,15.74,15.92,15.46,15.73,434800,17.10,17.30,16.80,17.10,0,2200,50000
BID,20160811,15.55,15.92,15.37,15.92,1228890,16.90,17.30,16.70,17.30,0,249500,0
BID,20160810,15.00,15.55,15.00,15.55,1148170,16.30,16.90,16.30,16.90,0,7000,302130
BID,20160809,15.27,15.36,15.09,15.18,519900,16.60,16.70,16.40,16.50,0,10000,196920
BID,20160808,15.19,15.28,14.91,15.27,1551990,16.50,16.60,16.20,16.60,0,38430,353220
BID,20160805,15.37,15.46,15.00,15.37,1690970,16.70,16.80,16.30,16.70,0,15000,353930
BID,20160804,15.73,15.82,15.55,15.55,1128240,17.10,17.20,16.90,16.90,0,200,320220
BID,20160803,15.82,15.82,15.45,15.73,1317460,17.20,17.20,16.80,17.10,0,3620,117100
BID,20160802,16.10,16.10,15.64,15.73,1169700,17.50,17.50,17.00,17.10,0,69070,487520
BID,20160801,16.37,16.37,16.01,16.19,707890,17.80,17.80,17.40,17.60,0,376680,215000
BID,20160729,16.10,16.19,16.01,16.19,805210,17.50,17.60,17.40,17.60,0,100000,234590
BID,20160728,16.20,16.38,16.11,16.19,501590,17.60,17.80,17.50,17.60,0,38000,173110
BID,20160727,16.01,16.38,16.01,16.29,1091370,17.40,17.80,17.40,17.70,0,305000,272240
BID,20160726,16.19,16.28,16.01,16.10,858490,17.60,17.70,17.40,17.50,0,0,179550
BID,20160725,16.29,16.38,16.11,16.19,581260,17.70,17.80,17.50,17.60,0,30220,182050
BID,20160722,16.20,16.29,15.92,16.29,2009510,17.60,17.70,17.30,17.70,0,318000,446320
BID,20160721,16.29,16.47,16.20,16.29,1705470,17.70,17.90,17.60,17.70,0,403690,515480
BID,20160720,16.56,16.65,16.28,16.29,1363320,18.00,18.10,17.70,17.70,0,350110,497200
BID,20160719,17.11,17.11,16.37,16.56,2758450,18.60,18.60,17.80,18.00,100000,531250,525000
BID,20160718,16.84,17.20,16.65,17.11,2082080,18.30,18.70,18.10,18.60,0,737000,300000
BID,20160715,17.02,17.11,16.83,17.02,1123160,18.50,18.60,18.30,18.50,0,410310,337310
BID,20160714,17.11,17.57,17.11,17.11,4315400,18.60,19.10,18.60,18.60,344010,719000,960600
BID,20160713,16.38,17.21,16.38,17.02,4327780,17.80,18.70,17.80,18.50,0,157000,1256500
BID,20160712,16.47,16.47,16.20,16.38,687640,17.90,17.90,17.60,17.80,0,0,145000
BID,20160711,16.38,16.66,16.10,16.38,2012310,17.80,18.10,17.50,17.80,0,400000,310000
BID,20160708,16.47,16.47,15.92,16.38,1266730,17.90,17.90,17.30,17.80,0,24000,120000
BID,20160707,16.38,16.47,16.29,16.47,602090,17.80,17.90,17.70,17.90,0,300,0
BID,20160706,16.38,16.47,16.28,16.47,598240,17.80,17.90,17.70,17.90,0,0,0
BID,20160705,16.10,16.74,16.01,16.56,2066340,17.50,18.20,17.40,18.00,0,4000,128640
BID,20160704,16.01,16.10,15.73,16.10,1555770,17.40,17.50,17.10,17.50,0,4000,217270
BID,20160701,16.01,16.19,15.92,16.01,788490,17.40,17.60,17.30,17.40,0,35000,0
BID,20160630,16.19,16.28,16.01,16.10,639570,17.60,17.70,17.40,17.50,0,5020,75000
BID,20160629,16.10,16.38,16.01,16.19,1083530,17.50,17.80,17.40,17.60,0,125210,251700
BID,20160628,16.10,16.10,15.82,16.10,351720,17.50,17.50,17.20,17.50,0,3330,64000
BID,20160627,15.92,16.11,15.74,16.10,799990,17.30,17.50,17.10,17.50,0,9040,1000
BID,20160624,16.47,16.47,15.55,16.29,1936510,17.90,17.90,16.90,17.70,0,1080,1200
BID,20160623,16.47,16.65,16.38,16.56,764500,17.90,18.10,17.80,18.00,0,160200,135250
BID,20160622,16.56,16.56,16.38,16.47,371290,18.00,18.00,17.80,17.90,0,15000,42000
BID,20160621,16.74,16.74,16.47,16.56,575810,18.20,18.20,17.90,18.00,0,151260,65000
BID,20160620,16.47,16.56,16.38,16.56,595980,17.90,18.00,17.80,18.00,0,139000,200
BID,20160617,16.56,16.65,16.28,16.56,965090,18.00,18.10,17.70,18.00,0,110080,42250
BID,20160616,16.74,16.83,16.56,16.56,819390,18.20,18.30,18.00,18.00,0,191200,249730
BID,20160615,16.56,16.83,16.56,16.65,867900,18.00,18.30,18.00,18.10,0,130300,236670
BID,20160614,16.66,16.84,16.56,16.65,1115200,18.10,18.30,18.00,18.10,0,301320,220080
BID,20160613,17.02,17.11,16.74,16.84,886660,18.50,18.60,18.20,18.30,0,241250,259170
BID,20160610,17.21,17.48,17.12,17.11,3935310,18.70,19.00,18.60,18.60,0,805800,502190
BID,20160609,16.84,17.39,16.75,17.30,2943510,18.30,18.90,18.20,18.80,0,1037200,797220
BID,20160608,16.56,17.02,16.56,16.84,1699270,18.00,18.50,18.00,18.30,0,456080,473130
BID,20160607,16.84,16.84,16.57,16.65,1149500,18.30,18.30,18.00,18.10,0,180010,400000
BID,20160606,16.84,16.84,16.56,16.75,1083280,18.30,18.30,18.00,18.20,0,90000,380
BID,20160603,17.02,17.11,16.84,16.84,1115540,18.50,18.60,18.30,18.30,0,0,10
BID,20160602,16.84,17.02,16.75,17.02,834990,18.30,18.50,18.20,18.50,0,328300,10000
BID,20160601,16.57,16.93,16.57,16.84,1032960,18.00,18.40,18.00,18.30,0,320050,1500
BID,20160531,16.74,16.93,16.65,16.75,1813280,18.20,18.40,18.10,18.20,0,410000,0
BID,20160530,16.38,16.75,16.29,16.65,661330,17.80,18.20,17.70,18.10,0,150000,0
BID,20160527,16.10,16.38,15.92,16.38,1466540,17.50,17.80,17.30,17.80,0,16940,20000
BID,20160526,16.38,16.47,16.01,16.10,1602380,17.80,17.90,17.40,17.50,0,108470,75000
BID,20160525,16.56,16.75,16.47,16.47,938560,18.00,18.20,17.90,17.90,0,3500,3000
BID,20160524,16.47,16.65,16.29,16.47,1644700,17.90,18.10,17.70,17.90,0,2000,205000
BID,20160523,16.84,16.93,16.47,16.47,1529710,18.30,18.40,17.90,17.90,0,30500,3000
BID,20160520,17.11,17.29,16.74,16.84,1977000,18.60,18.80,18.20,18.30,0,160010,628230
BID,20160519,17.39,17.48,17.11,17.11,966170,18.90,19.00,18.60,18.60,0,150000,2000
BID,20160518,17.48,17.76,17.39,17.48,1985700,19.00,19.30,18.90,19.00,0,462550,2000
BID,20160517,17.29,17.66,17.20,17.48,3209630,18.80,19.20,18.70,19.00,0,362000,2000
BID,20160516,17.12,17.30,17.03,17.11,1573350,18.60,18.80,18.50,18.60,0,230000,2500
BID,20160513,17.12,17.39,17.03,17.21,3104020,18.60,18.90,18.50,18.70,0,15100,0
BID,20160512,17.20,17.20,16.93,17.21,2149990,18.70,18.70,18.40,18.70,0,185000,400
BID,20160511,17.02,17.21,16.93,17.11,3121100,18.50,18.70,18.40,18.60,208000,750080,210430
BID,20160510,16.29,17.02,16.10,16.84,3716070,17.70,18.50,17.50,18.30,0,686360,302000
BID,20160509,16.74,16.93,16.28,16.38,2115080,18.20,18.40,17.70,17.80,0,695300,250160
BID,20160506,16.29,16.93,16.29,16.65,4363520,17.70,18.40,17.70,18.10,0,818430,351000
BID,20160505,15.83,16.56,15.83,16.29,3034260,17.20,18.00,17.20,17.70,0,1120900,0
BID,20160504,15.92,16.28,15.64,15.92,1426100,17.30,17.70,17.00,17.30,0,618280,214910
BID,20160429,15.18,16.10,15.18,16.10,3038650,16.50,17.50,16.50,17.50,0,1485450,0
BID,20160428,15.64,15.73,15.18,15.18,866470,17.00,17.10,16.50,16.50,210110,475620,462110
BID,20160427,16.01,16.01,15.46,15.64,1222870,17.40,17.40,16.80,17.00,0,273300,40
BID,20160426,16.10,16.10,15.73,15.92,956530,17.50,17.50,17.10,17.30,0,211500,0
BID,20160425,16.10,16.56,16.10,16.10,3955540,17.50,18.00,17.50,17.50,150000,922080,877000
BID,20160422,14.54,15.64,14.45,15.64,2817020,15.80,17.00,15.70,17.00,0,1633720,150000
BID,20160421,14.54,14.63,14.36,14.63,854710,15.80,15.90,15.60,15.90,0,430820,318430
BID,20160420,14.44,14.63,14.35,14.45,1067790,15.70,15.90,15.60,15.70,0,441480,420
BID,20160419,14.63,14.63,14.35,14.35,1099770,15.90,15.90,15.60,15.60,0,402000,0
BID,20160415,14.91,14.91,14.63,14.72,701360,16.20,16.20,15.90,16.00,0,0,0
BID,20160414,14.54,15.00,14.45,14.63,1642570,15.80,16.30,15.70,15.90,0,1700,107560
BID,20160413,14.73,14.82,14.27,14.54,2085010,16.00,16.10,15.50,15.80,0,1100,0
BID,20160412,15.19,15.28,14.82,14.91,1533930,16.50,16.60,16.10,16.20,0,0,28000
BID,20160411,15.46,15.55,15.18,15.37,1312000,16.80,16.90,16.50,16.70,0,5000,284100
BID,20160408,15.55,15.55,15.46,15.46,259830,16.90,16.90,16.80,16.80,0,93000,0
BID,20160407,15.64,15.64,15.46,15.55,452990,17.00,17.00,16.80,16.90,0,181050,0
BID,20160406,15.27,15.55,15.27,15.55,1197530,16.60,16.90,16.60,16.90,0,576970,50
BID,20160405,15.18,15.36,15.18,15.27,437370,16.50,16.70,16.50,16.60,0,118000,12780
BID,20160404,15.27,15.64,15.18,15.18,764980,16.60,17.00,16.50,16.50,146510,402700,146510
BID,20160401,15.46,15.65,15.28,15.27,1187420,16.80,17.00,16.60,16.60,0,154200,279340
BID,20160331,15.73,15.83,15.37,15.37,769430,17.10,17.20,16.70,16.70,450000,150100,22710
BID,20160330,15.55,15.64,15.37,15.55,824140,16.90,17.00,16.70,16.90,0,238100,58900
BID,20160329,15.65,15.83,15.55,15.55,697840,17.00,17.20,16.90,16.90,100000,230000,179480
BID,20160328,16.01,16.01,15.74,15.83,580320,17.40,17.40,17.10,17.20,0,151300,153090
BID,20160325,15.83,15.92,15.55,15.92,1473220,17.20,17.30,16.90,17.30,0,379100,14000
BID,20160324,16.10,16.10,15.82,15.83,943010,17.50,17.50,17.20,17.20,0,36070,227000
BID,20160323,15.92,16.20,15.92,16.19,994300,17.30,17.60,17.30,17.60,0,258900,0
BID,20160322,16.19,16.19,15.91,15.92,1313850,17.60,17.60,17.30,17.30,0,1400,232000
BID,20160321,16.28,16.47,16.19,16.19,1464080,17.70,17.90,17.60,17.60,0,300000,179170
BID,20160318,16.29,16.29,15.92,16.19,954300,17.70,17.70,17.30,17.60,0,17630,0
BID,20160317,16.38,16.47,16.29,16.29,970590,17.80,17.90,17.70,17.70,0,0,151000
BID,20160316,16.10,16.38,16.01,16.29,1398670,17.50,17.80,17.40,17.70,0,60000,300000
BID,20160315,16.29,16.29,16.01,16.10,1208710,17.70,17.70,17.40,17.50,0,260200,450000
BID,20160314,16.38,16.47,16.20,16.29,968310,17.80,17.90,17.60,17.70,0,237510,200000
BID,20160311,16.47,16.57,16.29,16.29,1299460,17.90,18.00,17.70,17.70,0,138000,350430
BID,20160310,16.19,16.29,16.01,16.29,951910,17.60,17.70,17.40,17.70,0,0,850
BID,20160309,16.38,16.47,15.92,16.01,1236990,17.80,17.90,17.30,17.40,0,70000,450460
BID,20160308,16.47,16.56,16.29,16.38,1485440,17.90,18.00,17.70,17.80,0,293680,538000
BID,20160307,16.74,16.74,16.47,16.47,1713710,18.20,18.20,17.90,17.90,0,214000,415040
BID,20160304,16.75,16.84,16.66,16.65,1180200,18.20,18.30,18.10,18.10,0,311760,115300
BID,20160303,16.84,16.93,16.56,16.75,1274450,18.30,18.40,18.00,18.20,370000,598000,370700
BID,20160302,16.57,16.84,16.47,16.84,1811300,18.00,18.30,17.90,18.30,0,296900,0
BID,20160301,16.29,16.66,16.29,16.29,1866330,17.70,18.10,17.70,17.70,251515,138290,100000
BID,20160229,16.75,16.84,16.29,16.29,2484180,18.20,18.30,17.70,17.70,0,56150,1700
BID,20160226,17.02,17.21,16.75,16.93,1813600,18.50,18.70,18.20,18.40,0,66700,0
BID,20160225,17.11,17.48,16.65,16.84,3264500,18.60,19.00,18.10,18.30,100000,292000,351000
BID,20160224,15.55,16.65,15.46,16.65,5780650,16.90,18.10,16.80,18.10,0,293880,915000
BID,20160223,15.92,16.01,15.55,15.64,1871900,17.30,17.40,16.90,17.00,0,300,0
BID,20160222,15.36,15.82,15.27,15.83,2247920,16.70,17.20,16.60,17.20,0,270500,100
BID,20160219,14.90,15.36,14.81,15.18,1647780,16.20,16.70,16.10,16.50,0,450090,56000
BID,20160218,14.90,15.09,14.81,14.81,1277910,16.20,16.40,16.10,16.10,0,0,147970
BID,20160217,15.00,15.00,14.72,14.72,1511740,16.30,16.30,16.00,16.00,0,10000,480000
BID,20160216,15.18,15.18,14.91,15.00,781240,16.50,16.50,16.20,16.30,0,4000,135000
BID,20160215,15.00,15.18,14.81,15.09,452890,16.30,16.50,16.10,16.40,0,0,20000
BID,20160205,14.91,15.09,14.82,15.09,490750,16.20,16.40,16.10,16.40,0,9050,0
BID,20160204,15.18,15.27,14.91,14.91,1099370,16.50,16.60,16.20,16.20,0,0,0
BID,20160203,14.82,15.09,14.73,15.09,718690,16.10,16.40,16.00,16.40,0,80950,5000
BID,20160202,15.00,15.46,14.72,14.91,824540,16.30,16.80,16.00,16.20,0,0,53770
BID,20160201,15.18,15.55,15.00,15.00,1626710,16.50,16.90,16.30,16.30,0,185000,300000
BID,20160129,15.18,15.55,15.09,15.46,1764470,16.50,16.90,16.40,16.80,0,171000,700000
BID,20160128,16.11,16.11,15.19,15.18,1853090,17.50,17.50,16.50,16.50,0,0,400
BID,20160127,15.18,15.92,15.09,15.83,2314620,16.50,17.30,16.40,17.20,0,270140,40000
BID,20160126,15.00,15.46,14.26,15.18,2678070,16.30,16.80,15.50,16.50,0,50200,60700
BID,20160125,14.35,14.72,14.26,14.72,1964520,15.60,16.00,15.50,16.00,0,0,0
BID,20160122,14.54,14.63,13.53,13.80,5376560,15.80,15.90,14.70,15.00,0,3500,2823960
BID,20160121,15.46,15.55,14.54,14.54,2699730,16.80,16.90,15.80,15.80,300000,301740,555350
BID,20160120,15.73,15.73,15.45,15.55,760120,17.10,17.10,16.80,16.90,0,98960,218150
BID,20160119,15.27,15.82,15.27,15.73,1606710,16.60,17.20,16.60,17.10,0,1670,400000
BID,20160118,16.01,16.01,15.28,15.27,3664530,17.40,17.40,16.60,16.60,0,3200,238290
BID,20160115,17.02,17.30,16.38,16.38,1334000,18.50,18.80,17.80,17.80,0,14000,130000
BID,20160114,17.30,17.39,16.93,17.02,1115000,18.80,18.90,18.40,18.50,108000,0,260500
BID,20160113,17.85,17.94,17.39,17.48,528540,19.40,19.50,18.90,19.00,0,3010,27060
BID,20160112,17.48,17.76,17.48,17.76,615630,19.00,19.30,19.00,19.30,0,2000,57100
BID,20160111,17.48,17.76,17.39,17.48,902550,19.00,19.30,18.90,19.00,78000,10000,120570
BID,20160108,17.76,17.76,16.84,17.30,1217770,19.30,19.30,18.30,18.80,0,8450,53000
BID,20160107,18.50,18.59,17.49,17.76,2583350,20.10,20.20,19.00,19.30,0,10700,493070
BID,20160106,18.40,18.67,18.40,18.59,895200,20.00,20.30,20.00,20.20,118000,6200,237400
BID,20160105,18.59,18.77,18.41,18.49,1104280,20.20,20.40,20.00,20.10,40000,53000,0
BID,20160104,19.13,19.13,18.58,18.59,1019270,20.80,20.80,20.20,20.20,0,64220,0
BID,20151231,19.05,19.23,18.86,18.95,1000490,20.70,20.90,20.50,20.60,118000,227000,0
BID,20151230,19.05,19.42,19.05,19.14,1242400,20.70,21.10,20.70,20.80,70000,192510,0
BID,20151229,18.68,19.05,18.50,19.05,979430,20.30,20.70,20.10,20.70,521165,149340,0
BID,20151228,18.77,18.86,18.40,18.59,1567150,20.40,20.50,20.00,20.20,40000,165000,60000
BID,20151225,18.86,19.14,18.77,18.77,1179440,20.50,20.80,20.40,20.40,70000,0,0
BID,20151224,19.23,19.23,18.87,18.86,625710,20.90,20.90,20.50,20.50,78000,3100,130000
BID,20151223,19.23,19.51,19.05,19.05,660920,20.90,21.20,20.70,20.70,40000,125600,140000
BID,20151222,19.05,19.60,18.96,19.23,1438220,20.70,21.30,20.60,20.90,64000,46600,140000
BID,20151221,19.23,19.32,18.96,19.05,2292130,20.90,21.00,20.60,20.70,39000,388400,0
BID,20151218,19.41,19.78,19.41,19.60,1297640,21.10,21.50,21.10,21.30,40000,50000,11870
BID,20151217,20.05,20.05,19.50,19.78,1962310,21.80,21.80,21.20,21.50,132663,1000,72600
BID,20151216,18.40,19.14,18.40,18.95,6453910,20.00,20.80,20.00,20.60,0,95200,5043070
BID,20151215,18.40,18.68,18.22,18.40,1710810,20.00,20.30,19.80,20.00,0,95800,1118590
BID,20151214,18.40,18.77,18.31,18.40,479600,20.00,20.40,19.90,20.00,0,82600,0
BID,20151211,18.59,18.77,18.50,18.49,938690,20.20,20.40,20.10,20.10,0,132000,207000
BID,20151210,18.67,18.95,18.58,18.68,685510,20.30,20.60,20.20,20.30,118000,18700,17450
BID,20151209,19.50,19.50,18.95,18.95,317220,21.20,21.20,20.60,20.60,0,5000,4760
BID,20151208,18.68,19.32,18.58,19.32,859320,20.30,21.00,20.20,21.00,0,65300,23040
BID,20151207,18.86,19.14,18.77,18.86,615120,20.50,20.80,20.40,20.50,584667,107500,252300
BID,20151204,19.42,19.51,19.14,19.14,580460,21.10,21.20,20.80,20.80,0,93500,323000
BID,20151203,19.69,19.69,19.51,19.60,903160,21.40,21.40,21.20,21.30,0,121160,0
BID,20151202,19.14,19.97,19.14,19.51,1343120,20.80,21.70,20.80,21.20,244000,273910,623750
BID,20151201,18.68,19.14,18.59,19.05,798460,20.30,20.80,20.20,20.70,0,64330,189210
BID,20151130,19.32,19.32,18.50,18.77,1245420,21.00,21.00,20.10,20.40,0,236090,279990
BID,20151127,19.96,19.96,19.50,19.60,1031890,21.70,21.70,21.20,21.30,78000,159200,275550
BID,20151126,19.70,20.25,19.70,19.87,2465300,21.40,22.00,21.40,21.60,0,159200,275550
BID,20151125,20.89,21.16,20.61,20.80,449700,22.70,23.00,22.40,22.60,0,132640,5900
BID,20151124,21.26,21.35,20.98,21.07,573180,23.10,23.20,22.80,22.90,78000,150880,9400
BID,20151123,21.44,21.62,21.34,21.35,483040,23.30,23.50,23.20,23.20,0,215970,3000
BID,20151120,21.53,21.62,21.35,21.62,796570,23.40,23.50,23.20,23.50,0,452290,16000
BID,20151119,21.62,21.71,21.44,21.53,222220,23.50,23.60,23.30,23.40,78000,107870,0
BID,20151118,21.53,21.62,21.44,21.53,376510,23.40,23.50,23.30,23.40,0,300950,39440
BID,20151117,21.71,21.71,21.44,21.53,487770,23.60,23.60,23.30,23.40,0,323730,51690
BID,20151116,21.72,21.81,21.44,21.62,204700,23.60,23.70,23.30,23.50,39000,85000,14640
BID,20151113,21.44,21.81,21.16,21.81,577460,23.30,23.70,23.00,23.70,0,208340,62010
BID,20151112,21.26,21.54,21.08,21.44,722320,23.10,23.40,22.90,23.30,0,177280,83120
BID,20151111,21.53,21.62,21.25,21.26,285280,23.40,23.50,23.10,23.10,39000,4000,0
BID,20151110,21.81,21.81,21.44,21.53,644920,23.70,23.70,23.30,23.40,0,120010,11700
BID,20151109,21.72,22.00,21.63,21.81,360310,23.60,23.90,23.50,23.70,0,0,0
BID,20151106,21.72,22.09,21.54,21.72,700470,23.60,24.00,23.40,23.60,78000,58140,0
BID,20151105,21.72,21.90,21.63,21.72,578350,23.60,23.80,23.50,23.60,0,93000,2000
BID,20151104,22.08,22.26,21.80,21.81,755690,24.00,24.20,23.70,23.70,110000,361000,111400
BID,20151103,22.18,22.18,21.90,22.08,686240,24.10,24.10,23.80,24.00,78000,190150,133410
BID,20151102,22.09,22.46,22.09,22.18,856570,24.00,24.40,24.00,24.10,0,223100,1000
BID,20151030,22.18,22.36,22.09,22.18,444740,24.10,24.30,24.00,24.10,0,67650,95450
BID,20151029,22.26,22.36,22.08,22.27,729800,24.20,24.30,24.00,24.20,39000,130470,0
BID,20151028,22.36,22.54,22.08,22.08,583210,24.30,24.50,24.00,24.00,0,12000,130
BID,20151027,22.45,22.64,22.36,22.45,759540,24.40,24.60,24.30,24.40,0,20000,2000
BID,20151026,22.73,22.73,22.36,22.36,743780,24.70,24.70,24.30,24.30,0,268030,1000
BID,20151023,22.55,22.73,22.36,22.64,1075700,24.50,24.70,24.30,24.60,0,120200,10080
BID,20151022,22.08,22.45,21.90,22.18,312420,24.00,24.40,23.80,24.10,0,62960,72470
BID,20151021,22.08,22.36,21.90,22.08,749170,24.00,24.30,23.80,24.00,0,211000,50000
BID,20151020,22.45,22.54,22.08,22.08,992240,24.40,24.50,24.00,24.00,139000,422240,511350
BID,20151019,22.54,22.63,22.36,22.54,589810,24.50,24.60,24.30,24.50,0,127760,13000
BID,20151016,22.45,22.73,22.36,22.54,1057440,24.40,24.70,24.30,24.50,0,54420,318430
BID,20151015,22.54,22.73,22.27,22.45,1234690,24.50,24.70,24.20,24.40,78000,299740,171990
BID,20151014,22.64,22.64,22.36,22.45,776170,24.60,24.60,24.30,24.40,0,299740,171990
BID,20151013,22.54,22.82,22.45,22.64,783600,24.50,24.80,24.40,24.60,0,21200,40000
BID,20151012,22.27,22.91,22.27,22.54,1027720,24.20,24.90,24.20,24.50,20000,364550,41000
BID,20151009,22.55,22.91,22.27,22.45,1805900,24.50,24.90,24.20,24.40,0,365000,0
BID,20151008,22.08,22.54,22.08,22.27,894920,24.00,24.50,24.00,24.20,0,350790,8000
BID,20151007,22.82,22.82,22.09,22.08,764870,24.80,24.80,24.00,24.00,0,47200,92000
BID,20151006,22.09,22.73,22.09,22.64,1791950,24.00,24.70,24.00,24.60,0,405910,15000
BID,20151005,21.53,21.81,21.44,21.72,499560,23.40,23.70,23.30,23.60,0,112720,4200
BID,20151002,21.62,21.62,21.34,21.35,577300,23.50,23.50,23.20,23.20,0,0,0
BID,20151001,21.72,21.99,21.63,21.62,201000,23.60,23.90,23.50,23.50,120000,30000,0
BID,20150930,21.62,21.99,21.62,21.81,600380,23.50,23.90,23.50,23.70,0,3250,50000
BID,20150929,21.34,21.71,21.25,21.62,1326250,23.20,23.60,23.10,23.50,40000,218290,50070
BID,20150928,22.08,22.08,21.62,21.62,825810,24.00,24.00,23.50,23.50,0,30150,70000
BID,20150925,21.99,22.27,21.90,22.08,762190,23.90,24.20,23.80,24.00,0,41670,0
BID,20150924,22.36,22.55,21.99,21.99,1178880,24.30,24.50,23.90,23.90,0,0,52610
BID,20150923,22.18,22.36,21.90,22.27,2326020,24.10,24.30,23.80,24.20,135000,178000,209000
BID,20150922,22.82,22.91,22.45,22.64,893470,24.80,24.90,24.40,24.60,0,268950,0
BID,20150921,22.54,23.00,22.08,22.82,761850,24.50,25.00,24.00,24.80,0,258100,22770
BID,20150918,21.26,22.82,21.26,22.54,6916750,23.10,24.80,23.10,24.50,0,1310290,1635380
BID,20150917,22.82,22.82,22.82,22.82,68170,24.80,24.80,24.80,24.80,209000,51000,48070
BID,20150916,24.47,24.47,24.47,24.48,130560,26.60,26.60,26.60,26.60,0,0,0
BID,20150915,26.23,26.23,25.58,26.22,9105340,28.50,28.50,27.80,28.50,0,6709210,1244000
BID,20150914,24.56,24.56,24.56,24.57,1337100,26.70,26.70,26.70,26.70,139000,0,20000
BID,20150911,23.28,23.55,22.91,23.00,1772310,25.30,25.60,24.90,25.00,200000,390610,390580
BID,20150910,23.28,23.83,23.19,23.37,1899900,25.30,25.90,25.20,25.40,0,382800,182780
BID,20150909,24.38,24.38,23.65,23.74,2989190,26.50,26.50,25.70,25.80,100000,419500,947730
BID,20150908,21.90,23.37,21.90,23.37,4291870,23.80,25.40,23.80,25.40,0,1312770,277150
BID,20150907,21.71,22.36,21.53,21.90,2195310,23.60,24.30,23.40,23.80,0,484060,20000
BID,20150904,21.16,21.62,21.16,21.16,916910,23.00,23.50,23.00,23.00,0,425520,0
BID,20150903,21.72,21.72,21.08,21.44,1626640,23.60,23.60,22.90,23.30,0,562850,565000
BID,20150901,21.17,21.81,21.07,21.72,1682720,23.00,23.70,22.90,23.60,150000,755630,100000
BID,20150831,21.44,21.53,20.98,21.35,1706340,23.30,23.40,22.80,23.20,0,549290,122000
BID,20150828,20.80,21.44,20.71,21.44,2490750,22.60,23.30,22.50,23.30,0,600140,0
BID,20150827,20.52,20.89,20.34,20.80,2536570,22.30,22.70,22.10,22.60,150000,963330,3600
BID,20150826,18.77,20.06,18.77,20.06,1858500,20.40,21.80,20.40,21.80,0,60120,1600
BID,20150825,17.48,18.96,17.48,18.77,2327500,19.00,20.60,19.00,20.40,0,757840,777170
BID,20150824,19.51,19.51,18.22,18.22,3840300,21.20,21.20,19.80,19.80,100000,1049710,25000
BID,20150821,19.14,19.69,18.40,19.51,2601620,20.80,21.40,20.00,21.20,0,363100,239500
BID,20150820,19.78,20.33,19.50,19.69,1138910,21.50,22.10,21.20,21.40,91470,409910,300000
BID,20150819,19.41,20.70,19.41,20.24,1307770,21.10,22.50,21.10,22.00,0,238310,256400
BID,20150818,19.14,20.24,18.95,20.24,2133850,20.80,22.00,20.60,22.00,0,646230,420000
BID,20150817,20.52,20.61,19.23,19.32,2910110,22.30,22.40,20.90,21.00,0,520410,394130
BID,20150814,20.31,20.96,20.13,20.61,1208870,22.10,22.80,21.90,22.40,0,210490,81810
BID,20150813,21.01,21.01,20.22,20.22,2592400,23.90,23.90,23.00,23.00,0,374570,385500
BID,20150812,21.28,21.45,20.92,21.01,1738480,24.20,24.40,23.80,23.90,0,230570,2000
BID,20150811,21.10,22.06,21.01,21.54,2912710,24.00,25.10,23.90,24.50,0,628790,50100
BID,20150810,20.57,21.01,20.48,21.01,741270,23.40,23.90,23.30,23.90,0,50400,0
BID,20150807,20.57,20.75,20.22,20.57,1370750,23.40,23.60,23.00,23.40,0,240100,0
BID,20150806,21.27,21.36,20.30,20.57,2485570,24.20,24.30,23.10,23.40,0,77600,0
BID,20150805,20.92,21.36,20.92,21.18,1689600,23.80,24.30,23.80,24.10,0,91800,102000
BID,20150804,21.89,21.98,20.75,20.83,3000080,24.90,25.00,23.60,23.70,0,138990,12000
BID,20150803,22.23,22.23,21.36,21.89,3550470,25.30,25.30,24.30,24.90,0,337130,0
BID,20150731,23.03,23.21,22.42,22.41,1560060,26.20,26.40,25.50,25.50,0,2500,48840
BID,20150730,22.68,22.94,22.50,22.77,1024140,25.80,26.10,25.60,25.90,0,138150,31240
BID,20150729,23.03,23.20,22.59,22.68,1850030,26.20,26.40,25.70,25.80,0,249690,104000
BID,20150728,23.12,23.47,22.86,22.85,1836300,26.30,26.70,26.00,26.00,0,112300,0
BID,20150727,22.50,23.29,22.50,23.12,1747310,25.60,26.50,25.60,26.30,0,165640,69200
BID,20150724,22.77,22.95,22.51,22.59,1457980,25.90,26.10,25.60,25.70,0,74300,5000
BID,20150723,23.30,23.56,22.77,22.77,3037270,26.50,26.80,25.90,25.90,0,26750,8400
BID,20150722,21.79,23.20,21.79,23.21,1793210,24.80,26.40,24.80,26.40,94960,56560,0
BID,20150721,21.97,22.32,21.79,21.97,2000630,25.00,25.40,24.80,25.00,0,295400,180000
BID,20150720,21.98,22.24,21.54,21.97,2687400,25.00,25.30,24.50,25.00,0,401250,0
BID,20150717,22.59,22.68,22.33,22.33,1601570,25.70,25.80,25.40,25.40,0,340,0
BID,20150716,22.67,22.85,22.23,22.68,1999870,25.80,26.00,25.30,25.80,0,10840,152000
BID,20150715,23.30,23.65,22.68,22.85,2917830,26.50,26.90,25.80,26.00,0,730790,5000
BID,20150714,22.59,23.65,22.42,23.21,3092980,25.70,26.90,25.50,26.40,0,28000,6200
BID,20150713,22.59,23.03,22.15,22.68,2417630,25.70,26.20,25.20,25.80,0,146360,84240
BID,20150710,22.59,22.77,22.24,22.59,3914560,25.70,25.90,25.30,25.70,0,76400,170000
BID,20150709,22.15,23.03,22.07,22.24,5260640,25.20,26.20,25.10,25.30,759492,870112,1082272
BID,20150708,23.12,24.09,22.06,22.77,4433040,26.30,27.40,25.10,25.90,0,101920,88270
BID,20150707,22.24,23.73,21.71,23.47,3130440,25.30,27.00,24.70,26.70,0,461500,77990
BID,20150706,21.88,22.50,21.71,22.24,2877760,24.90,25.60,24.70,25.30,0,307500,215300
BID,20150703,21.10,21.98,20.66,21.62,2702600,24.00,25.00,23.50,24.60,0,176370,84700
BID,20150702,19.16,20.57,19.16,20.57,4039430,21.80,23.40,21.80,23.40,0,543630,75800
BID,20150701,19.52,19.61,19.08,19.25,1437650,22.20,22.30,21.70,21.90,0,357500,87970
BID,20150630,19.33,19.95,19.33,19.43,2042130,22.00,22.70,22.00,22.10,0,1061610,23710
BID,20150629,18.72,19.60,18.64,19.51,2151360,21.30,22.30,21.20,22.20,0,699290,18500
BID,20150626,19.95,19.95,18.90,18.90,2965660,22.70,22.70,21.50,21.50,0,346700,50000
BID,20150625,19.78,20.05,19.43,19.95,1556650,22.50,22.80,22.10,22.70,250000,501130,23090
BID,20150624,19.86,19.95,19.69,19.87,1771700,22.60,22.70,22.40,22.60,65000,386000,14700
BID,20150623,19.78,20.04,19.60,19.95,1958010,22.50,22.80,22.30,22.70,0,323600,10
BID,20150622,19.16,19.78,19.16,19.78,3260090,21.80,22.50,21.80,22.50,0,1053130,13500
BID,20150619,18.98,19.51,18.90,19.16,1947610,21.60,22.20,21.50,21.80,0,730500,3400
BID,20150618,18.90,19.08,18.72,18.72,697040,21.50,21.70,21.30,21.30,0,40,37170
BID,20150617,18.64,19.08,18.55,18.90,1396270,21.20,21.70,21.10,21.50,0,200000,0
BID,20150616,19.52,19.69,18.90,18.90,1682910,22.20,22.40,21.50,21.50,0,260000,0
BID,20150615,18.72,19.33,18.63,19.34,2040050,21.30,22.00,21.20,22.00,0,135000,0
BID,20150612,18.81,18.99,18.55,18.63,1291230,21.40,21.60,21.10,21.20,0,0,35000
BID,20150611,18.81,19.07,18.45,18.81,1450590,21.40,21.70,21.00,21.40,72000,47100,0
BID,20150610,18.63,18.72,18.10,18.63,2616750,21.20,21.30,20.60,21.20,0,400,114690
BID,20150609,19.16,19.34,18.46,18.63,3117630,21.80,22.00,21.00,21.20,0,3090,483770
BID,20150608,19.60,19.86,19.16,19.16,2974130,22.30,22.60,21.80,21.80,0,238100,91840
BID,20150605,18.02,19.25,18.02,19.16,2937100,20.50,21.90,20.50,21.80,0,22520,0
BID,20150604,18.11,18.55,17.93,18.11,2761430,20.60,21.10,20.40,20.60,0,200,140
BID,20150603,18.20,18.64,17.76,18.11,1709380,20.70,21.20,20.20,20.60,0,2470,285470
BID,20150602,18.37,19.25,18.02,18.11,3699620,20.90,21.90,20.50,20.60,0,210600,361590
BID,20150601,17.76,18.99,17.50,18.37,2520640,20.20,21.60,19.90,20.90,0,105020,24410
BID,20150529,17.75,18.19,17.58,17.76,2213330,20.20,20.70,20.00,20.20,0,137900,10420
BID,20150528,17.23,18.19,17.05,17.84,3016040,19.60,20.70,19.40,20.30,0,175810,20100
BID,20150527,16.79,17.50,16.70,17.14,2260150,19.10,19.90,19.00,19.50,0,358370,70140
BID,20150526,16.35,16.97,16.26,16.88,2855890,18.60,19.30,18.50,19.20,0,363260,18000
BID,20150525,16.00,16.44,16.00,16.35,1170460,18.20,18.70,18.20,18.60,0,78790,8000
BID,20150522,15.65,16.18,15.65,16.09,1889170,17.80,18.40,17.80,18.30,0,160130,20000
BID,20150521,15.74,15.91,15.65,15.65,984730,17.90,18.10,17.80,17.80,0,3000,0
BID,20150520,15.21,15.74,15.21,15.65,1103900,17.30,17.90,17.30,17.80,0,84090,5000
BID,20150519,15.21,15.29,15.03,15.21,481540,17.30,17.40,17.10,17.30,0,263900,5000
BID,20150518,15.21,15.30,14.95,15.03,677080,17.30,17.40,17.00,17.10,0,200100,70000
BID,20150515,15.47,15.56,15.20,15.21,1013200,17.60,17.70,17.30,17.30,0,127680,350690
BID,20150514,15.21,15.56,15.03,15.38,804260,17.30,17.70,17.10,17.50,0,403320,0
BID,20150513,15.38,15.47,14.94,15.21,1621480,17.50,17.60,17.00,17.30,0,637260,315000
BID,20150512,15.56,15.65,15.03,15.38,1428100,17.70,17.80,17.10,17.50,0,253960,630000
BID,20150511,15.73,15.82,15.55,15.56,465380,17.90,18.00,17.70,17.70,0,99220,0
BID,20150508,15.63,15.81,15.37,15.73,1376640,17.80,18.00,17.50,17.90,0,198000,0
BID,20150507,14.61,15.36,14.61,15.28,771260,17.60,18.50,17.60,18.40,0,348730,800
BID,20150506,14.94,15.11,14.61,14.78,761530,18.00,18.20,17.60,17.80,0,150060,0
BID,20150505,14.70,15.03,14.20,14.94,1981420,17.70,18.10,17.10,18.00,0,510200,0
BID,20150504,15.61,15.61,14.53,14.53,1881900,18.80,18.80,17.50,17.50,0,204240,79000
BID,20150427,15.77,15.94,15.60,15.61,950380,19.00,19.20,18.80,18.80,0,20,0
BID,20150424,15.52,15.77,15.52,15.77,684920,18.70,19.00,18.70,19.00,0,430780,0
BID,20150423,15.52,15.61,15.27,15.44,1127420,18.70,18.80,18.40,18.60,0,412200,61950
BID,20150422,15.61,15.78,15.28,15.44,2705440,18.80,19.00,18.40,18.60,0,741200,56190
BID,20150421,15.78,16.03,15.61,15.61,2204810,19.00,19.30,18.80,18.80,0,540920,0
BID,20150420,15.94,16.02,15.77,15.86,1284590,19.20,19.30,19.00,19.10,20000,421870,120000
BID,20150417,16.27,16.44,16.02,16.02,2686790,19.60,19.80,19.30,19.30,0,368180,230000
BID,20150416,15.77,16.35,15.77,16.27,4920810,19.00,19.70,19.00,19.60,0,1075250,15100
BID,20150415,15.60,15.85,15.60,15.77,2069480,18.80,19.10,18.80,19.00,0,752810,0
BID,20150414,15.77,16.10,15.69,15.77,5097900,19.00,19.40,18.90,19.00,0,1613210,8800
BID,20150413,15.77,15.94,15.52,15.77,1486590,19.00,19.20,18.70,19.00,0,619850,9960
BID,20150410,15.61,16.02,15.61,15.77,3852170,18.80,19.30,18.80,19.00,0,1010790,2000
BID,20150409,15.28,15.69,15.28,15.69,2454430,18.40,18.90,18.40,18.90,0,477610,39440
BID,20150408,15.28,15.45,15.20,15.36,910500,18.40,18.60,18.30,18.50,0,455400,0
BID,20150407,14.70,15.28,14.70,15.28,2636680,17.70,18.40,17.70,18.40,0,706190,20000
BID,20150406,14.78,14.86,14.70,14.78,569590,17.80,17.90,17.70,17.80,0,326390,0
BID,20150403,14.86,14.94,14.69,14.78,1450020,17.90,18.00,17.70,17.80,0,331000,0
BID,20150402,14.53,14.86,14.36,14.86,1271640,17.50,17.90,17.30,17.90,0,560850,2000
BID,20150401,14.61,14.69,14.36,14.36,1268780,17.60,17.70,17.30,17.30,0,713020,29890
BID,20150331,14.19,14.78,14.19,14.61,1169760,17.10,17.80,17.10,17.60,0,661960,100000
BID,20150330,14.70,14.78,14.37,14.36,1263880,17.70,17.80,17.30,17.30,320000,615100,0
BID,20150327,14.86,14.95,14.61,14.70,1477530,17.90,18.00,17.60,17.70,0,304370,40
BID,20150326,14.28,14.95,14.28,14.78,2105980,17.20,18.00,17.20,17.80,0,830730,0
BID,20150325,14.36,14.61,14.20,14.45,1102480,17.30,17.60,17.10,17.40,0,520200,274100
BID,20150324,14.19,14.28,13.86,14.28,2786500,17.10,17.20,16.70,17.20,0,520200,274100
BID,20150323,14.86,15.03,14.28,14.36,1769900,17.90,18.10,17.20,17.30,0,490000,200000
BID,20150320,14.62,14.95,14.62,14.86,1173340,17.60,18.00,17.60,17.90,90000,307510,0
BID,20150319,15.02,15.11,14.61,14.70,1820330,18.10,18.20,17.60,17.70,140000,331000,360000
BID,20150318,15.11,15.19,14.86,14.94,2495840,18.20,18.30,17.90,18.00,0,296000,0
BID,20150317,15.19,15.36,15.11,15.19,1211420,18.30,18.50,18.20,18.30,119000,181270,44100
BID,20150316,15.36,15.44,15.19,15.19,1402610,18.50,18.60,18.30,18.30,143000,486050,200000
BID,20150313,15.36,15.61,15.36,15.44,2433590,18.50,18.80,18.50,18.60,0,242990,0
BID,20150312,15.19,15.36,15.19,15.28,1252200,18.30,18.50,18.30,18.40,60000,320010,200000
BID,20150311,15.02,15.44,15.02,15.19,1830980,18.10,18.60,18.10,18.30,0,232930,1300
BID,20150310,14.95,15.28,14.95,15.19,1700740,18.00,18.40,18.00,18.30,0,310040,74000
BID,20150309,15.36,15.44,14.94,15.03,1681020,18.50,18.60,18.00,18.10,100000,256000,0
BID,20150306,14.95,15.53,14.86,15.36,3674670,18.00,18.70,17.90,18.50,0,335980,35000
BID,20150305,15.44,15.52,15.02,15.03,2812950,18.60,18.70,18.10,18.10,0,420000,5000
BID,20150304,15.44,15.52,15.19,15.44,3163180,18.60,18.70,18.30,18.60,0,561610,1000
BID,20150303,15.36,15.61,15.36,15.44,2069810,18.50,18.80,18.50,18.60,163000,350000,437050
BID,20150302,15.27,15.52,15.19,15.36,2321900,18.40,18.70,18.30,18.50,200000,470000,0
BID,20150227,15.69,15.86,15.36,15.44,2068430,18.90,19.10,18.50,18.60,150000,409790,272780
BID,20150226,15.36,15.78,15.36,15.69,2272350,18.50,19.00,18.50,18.90,0,58970,35130
BID,20150225,15.61,15.94,15.28,15.36,6844330,18.80,19.20,18.40,18.50,0,1070960,150000
BID,20150224,15.03,15.44,14.95,15.36,2604540,18.10,18.60,18.00,18.50,250000,388700,100
BID,20150213,14.78,15.03,14.53,14.78,2237110,17.80,18.10,17.50,17.80,0,871000,4580
BID,20150212,15.03,15.11,14.53,14.78,2683000,18.10,18.20,17.50,17.80,0,541000,1000
BID,20150211,14.78,15.11,14.69,15.03,2092460,17.80,18.20,17.70,18.10,0,798920,75000
BID,20150210,14.78,15.02,14.61,14.86,3685400,17.80,18.10,17.60,17.90,0,452070,98750
BID,20150209,14.28,14.70,14.20,14.36,4540560,17.20,17.70,17.10,17.30,20000,1357570,15000
BID,20150206,13.70,14.45,13.54,14.45,2719610,16.50,17.40,16.30,17.40,0,892880,25200
BID,20150205,13.12,13.70,13.12,13.62,1889090,15.80,16.50,15.80,16.40,0,40000,264000
BID,20150204,13.03,13.20,12.53,13.04,4557400,15.70,15.90,15.10,15.70,0,1000,23000
BID,20150203,14.53,14.53,13.28,13.28,4755860,17.50,17.50,16.00,16.00,0,40250,510500
BID,20150202,14.45,14.70,14.28,14.28,2416500,17.40,17.70,17.20,17.20,0,4000,0
BID,20150130,14.94,15.03,14.45,14.53,4223660,18.00,18.10,17.40,17.50,0,6180,91000
BID,20150129,15.36,15.61,14.86,15.11,4488270,18.50,18.80,17.90,18.20,0,634900,3450
BID,20150128,14.45,15.45,14.45,15.44,7664440,17.40,18.60,17.40,18.60,0,403500,332360
BID,20150127,14.37,14.95,14.20,14.45,6307270,17.30,18.00,17.10,17.40,0,131270,20270
BID,20150126,14.45,14.62,14.28,14.45,2805130,17.40,17.60,17.20,17.40,0,42270,100
BID,20150123,14.29,14.70,14.20,14.45,5685560,17.20,17.70,17.10,17.40,0,42500,136010
BID,20150122,13.04,13.87,12.79,13.87,4915010,15.70,16.70,15.40,16.70,0,130000,462500
BID,20150121,13.45,13.53,13.03,13.04,1726690,16.20,16.30,15.70,15.70,0,26000,210000
BID,20150120,13.54,13.62,13.29,13.45,1468560,16.30,16.40,16.00,16.20,0,41120,17500
BID,20150119,13.70,13.95,13.45,13.62,3218140,16.50,16.80,16.20,16.40,0,10090,215300
BID,20150116,13.70,13.87,13.45,13.45,2253150,16.50,16.70,16.20,16.20,0,3690,177820
BID,20150115,13.53,14.03,13.53,13.62,3854730,16.30,16.90,16.30,16.40,0,20,30000
BID,20150114,13.45,14.04,13.20,13.53,3626720,16.20,16.90,15.90,16.30,0,91100,22000
BID,20150113,12.95,13.70,12.95,13.62,4239540,15.60,16.50,15.60,16.40,0,975530,51100
BID,20150112,12.46,12.87,12.37,12.87,3509140,15.00,15.50,14.90,15.50,0,620000,21100
BID,20150109,11.29,12.04,11.29,12.04,3291280,13.60,14.50,13.60,14.50,0,4000,6450
BID,20150108,11.29,11.46,11.12,11.29,798240,13.60,13.80,13.40,13.60,0,141760,0
BID,20150107,10.96,11.29,10.88,11.29,830630,13.20,13.60,13.10,13.60,0,16000,0
BID,20150106,10.63,11.04,10.63,10.96,403170,12.80,13.30,12.80,13.20,0,200,400
BID,20150105,10.71,10.79,10.71,10.71,66380,12.90,13.00,12.90,12.90,0,0,0
BID,20141231,10.71,10.88,10.54,10.54,214120,12.90,13.10,12.70,12.70,480000,0,0
BID,20141230,10.54,10.71,10.54,10.71,128410,12.70,12.90,12.70,12.90,0,0,0
BID,20141229,10.71,10.80,10.55,10.54,86380,12.90,13.00,12.70,12.70,0,5000,5000
BID,20141226,10.79,10.79,10.62,10.63,84170,13.00,13.00,12.80,12.80,0,2650,0
BID,20141225,10.71,10.79,10.62,10.79,102730,12.90,13.00,12.80,13.00,0,0,500
BID,20141224,10.80,10.88,10.71,10.79,92620,13.00,13.10,12.90,13.00,0,0,0
BID,20141223,10.88,10.96,10.80,10.88,146840,13.10,13.20,13.00,13.10,0,36770,0
BID,20141222,10.71,10.96,10.71,10.88,364470,12.90,13.20,12.90,13.10,0,288650,0
BID,20141219,10.71,10.79,10.54,10.71,51430,12.90,13.00,12.70,12.90,0,27280,0
BID,20141218,10.62,10.71,10.54,10.71,72360,12.80,12.90,12.70,12.90,0,30000,6650
BID,20141217,10.63,10.79,10.38,10.54,373740,12.80,13.00,12.50,12.70,0,22000,6050
BID,20141216,10.80,10.88,10.71,10.71,197950,13.00,13.10,12.90,12.90,0,1790,0
BID,20141215,10.88,10.96,10.88,10.88,124110,13.10,13.20,13.10,13.10,0,28740,2630
BID,20141212,10.88,11.05,10.88,10.88,188780,13.10,13.30,13.10,13.10,0,74570,0
BID,20141211,10.79,10.96,10.71,10.88,310500,13.00,13.20,12.90,13.10,0,120000,10250
BID,20141210,10.71,10.96,10.54,10.79,458660,12.90,13.20,12.70,13.00,0,163500,96910
BID,20141209,10.96,10.96,10.63,10.71,428590,13.20,13.20,12.80,12.90,0,0,1670
BID,20141208,11.13,11.13,10.96,10.96,220750,13.40,13.40,13.20,13.20,0,3000,0
BID,20141205,11.04,11.21,10.96,11.13,434010,13.30,13.50,13.20,13.40,0,140000,50020
BID,20141204,10.88,11.30,10.80,11.04,801550,13.10,13.60,13.00,13.30,0,0,131800
BID,20141203,10.80,10.88,10.71,10.88,213520,13.00,13.10,12.90,13.10,0,100000,0
BID,20141202,10.71,10.88,10.54,10.88,495640,12.90,13.10,12.70,13.10,0,280000,1000
BID,20141201,10.54,10.71,10.54,10.71,97520,12.70,12.90,12.70,12.90,0,43860,0
BID,20141128,10.54,10.62,10.54,10.54,188610,12.70,12.80,12.70,12.70,0,40000,500
BID,20141127,10.63,10.63,10.46,10.54,361890,12.80,12.80,12.60,12.70,0,3200,0
BID,20141126,10.71,10.79,10.63,10.63,274110,12.90,13.00,12.80,12.80,0,117900,95740
BID,20141125,10.71,10.79,10.71,10.71,150970,12.90,13.00,12.90,12.90,0,29030,30160
BID,20141124,10.79,10.79,10.62,10.71,202960,13.00,13.00,12.80,12.90,0,5000,0
BID,20141121,10.79,10.87,10.79,10.79,347440,13.00,13.10,13.00,13.00,0,201090,0
BID,20141120,10.88,10.88,10.80,10.79,140250,13.10,13.10,13.00,13.00,0,14000,0
BID,20141119,10.80,10.88,10.80,10.88,104150,13.00,13.10,13.00,13.10,0,0,1730
BID,20141118,10.79,10.96,10.79,10.88,244260,13.00,13.20,13.00,13.10,0,74090,0
BID,20141117,10.96,10.96,10.79,10.96,258110,13.20,13.20,13.00,13.20,0,3800,0
BID,20141114,10.96,10.96,10.79,10.79,223700,13.20,13.20,13.00,13.00,0,63220,37340
BID,20141113,10.87,10.96,10.79,10.96,139390,13.10,13.20,13.00,13.20,0,0,0
BID,20141112,10.87,10.87,10.79,10.79,124110,13.10,13.10,13.00,13.00,0,14800,1250
BID,20141111,10.88,10.96,10.80,10.79,116250,13.10,13.20,13.00,13.00,0,24410,9600
BID,20141110,10.88,10.96,10.88,10.88,113490,13.10,13.20,13.10,13.10,0,57880,0
BID,20141107,10.88,10.96,10.80,10.88,148180,13.10,13.20,13.00,13.10,0,63870,0
BID,20141106,10.79,10.96,10.79,10.88,237440,13.00,13.20,13.00,13.10,0,50830,6000
BID,20141105,10.79,10.87,10.71,10.71,133390,13.00,13.10,12.90,12.90,0,28000,0
BID,20141104,10.96,10.96,10.79,10.79,109060,13.20,13.20,13.00,13.00,0,0,0
BID,20141103,11.13,11.21,10.96,10.96,419180,13.40,13.50,13.20,13.20,0,1000,0
BID,20141031,10.63,11.21,10.55,11.21,372750,12.80,13.50,12.70,13.50,0,197990,1000
BID,20141030,10.71,10.71,10.55,10.63,69700,12.90,12.90,12.70,12.80,0,0,0
BID,20141029,10.54,10.71,10.54,10.63,189190,12.70,12.90,12.70,12.80,0,30000,0
BID,20141028,10.46,10.54,10.46,10.54,299750,12.60,12.70,12.60,12.70,60000,15100,0
BID,20141027,10.71,10.79,10.46,10.46,353810,12.90,13.00,12.60,12.60,0,200,0
BID,20141024,10.80,10.96,10.80,10.79,127540,13.00,13.20,13.00,13.00,0,0,0
BID,20141023,10.96,10.96,10.79,10.88,311540,13.20,13.20,13.00,13.10,0,91070,0
BID,20141022,10.96,11.04,10.88,10.96,159840,13.20,13.30,13.10,13.20,0,31000,0
BID,20141021,10.88,10.96,10.88,10.96,155550,13.10,13.20,13.10,13.20,0,40910,0
BID,20141020,10.96,10.96,10.80,10.96,100900,13.20,13.20,13.00,13.20,0,4000,0
BID,20141017,10.88,10.96,10.71,10.88,414390,13.10,13.20,12.90,13.10,0,0,0
BID,20141016,11.04,11.12,10.87,10.88,221660,13.30,13.40,13.10,13.10,0,0,0
BID,20141015,11.04,11.12,10.96,11.04,272660,13.30,13.40,13.20,13.30,0,10550,48230
BID,20141014,11.29,11.29,11.04,11.04,257940,13.60,13.60,13.30,13.30,0,1600,0
BID,20141013,11.37,11.37,11.12,11.21,302560,13.70,13.70,13.40,13.50,0,0,6400
BID,20141010,11.37,11.37,11.29,11.29,423660,13.70,13.70,13.60,13.60,0,21300,0
BID,20141009,11.37,11.45,11.29,11.37,433470,13.70,13.80,13.60,13.70,0,43000,1000
BID,20141008,11.46,11.46,11.29,11.37,669460,13.80,13.80,13.60,13.70,0,55100,0
BID,20141007,11.54,11.54,11.46,11.46,258270,13.90,13.90,13.80,13.80,0,50000,0
BID,20141006,11.54,11.54,11.46,11.54,288640,13.90,13.90,13.80,13.90,0,1500,0
BID,20141003,11.54,11.62,11.46,11.54,108820,13.90,14.00,13.80,13.90,0,0,0
BID,20141002,11.46,11.54,11.46,11.54,343140,13.80,13.90,13.80,13.90,0,75540,0
BID,20141001,11.46,11.54,11.46,11.46,250860,13.80,13.90,13.80,13.80,0,24120,12500
BID,20140930,11.54,11.54,11.37,11.46,230550,13.90,13.90,13.70,13.80,0,84000,0
BID,20140929,11.46,11.63,11.46,11.54,368070,13.80,14.00,13.80,13.90,0,263640,500
BID,20140926,11.54,11.62,11.46,11.46,97740,13.90,14.00,13.80,13.80,0,38270,0
BID,20140925,11.45,11.62,11.37,11.54,335400,13.80,14.00,13.70,13.90,0,152550,36000
BID,20140924,11.46,11.54,11.38,11.37,206180,13.80,13.90,13.70,13.70,0,0,19290
BID,20140923,11.46,11.54,11.38,11.46,269030,13.80,13.90,13.70,13.80,0,47370,0
BID,20140922,11.54,11.62,11.46,11.46,354320,13.90,14.00,13.80,13.80,0,0,0
BID,20140919,11.54,11.62,11.46,11.54,225530,13.90,14.00,13.80,13.90,0,0,920
BID,20140918,11.62,11.62,11.46,11.54,221490,14.00,14.00,13.80,13.90,0,62500,200
BID,20140917,11.54,11.62,11.46,11.54,434550,13.90,14.00,13.80,13.90,0,50000,0
BID,20140916,11.62,11.62,11.45,11.54,473890,14.00,14.00,13.80,13.90,0,0,18800
BID,20140915,11.71,11.79,11.54,11.62,392500,14.10,14.20,13.90,14.00,0,0,0
BID,20140912,11.71,11.79,11.63,11.71,250500,14.10,14.20,14.00,14.10,0,7500,0
BID,20140911,11.79,11.79,11.63,11.71,209860,14.20,14.20,14.00,14.10,0,3000,33400
BID,20140910,11.71,11.79,11.62,11.71,252240,14.10,14.20,14.00,14.10,0,0,0
BID,20140909,11.79,11.87,11.62,11.79,399870,14.20,14.30,14.00,14.20,0,141980,3900
BID,20140908,11.96,11.96,11.79,11.79,846120,14.40,14.40,14.20,14.20,0,1000,0
BID,20140905,11.96,12.04,11.79,11.96,739480,14.40,14.50,14.20,14.40,0,0,0
BID,20140904,12.12,12.28,11.95,12.04,390050,14.60,14.80,14.40,14.50,0,49870,0
BID,20140903,12.37,12.54,12.12,12.20,593880,14.90,15.10,14.60,14.70,0,8800,0
BID,20140829,11.62,12.37,11.54,12.37,2090500,14.00,14.90,13.90,14.90,0,1303180,0
BID,20140828,11.54,11.62,11.54,11.62,202330,13.90,14.00,13.90,14.00,0,5000,0
BID,20140827,11.71,11.71,11.54,11.54,227180,14.10,14.10,13.90,13.90,0,17000,41930
BID,20140826,11.62,11.71,11.54,11.71,367320,14.00,14.10,13.90,14.10,0,130000,0
BID,20140825,11.62,11.62,11.54,11.54,313870,14.00,14.00,13.90,13.90,0,0,0
BID,20140822,11.79,11.79,11.54,11.54,585500,14.20,14.20,13.90,13.90,0,0,0
BID,20140821,11.70,11.79,11.54,11.79,475540,14.10,14.20,13.90,14.20,0,350500,0
BID,20140820,11.54,11.62,11.54,11.62,370800,13.90,14.00,13.90,14.00,0,126270,0
BID,20140819,11.54,11.62,11.54,11.54,343930,13.90,14.00,13.90,13.90,0,0,0
BID,20140818,11.71,11.79,11.46,11.54,721730,14.10,14.20,13.80,13.90,0,0,0
BID,20140815,11.95,11.95,11.79,11.79,202100,14.40,14.40,14.20,14.20,0,5100,10520
BID,20140814,11.96,12.12,11.87,11.87,261390,14.40,14.60,14.30,14.30,0,0,42000
BID,20140813,11.88,12.04,11.79,12.04,329460,14.30,14.50,14.20,14.50,0,0,0
BID,20140812,12.04,12.04,11.87,11.96,252780,14.50,14.50,14.30,14.40,0,0,40
BID,20140811,12.21,12.29,12.04,12.04,256040,14.70,14.80,14.50,14.50,0,10000,12000
BID,20140808,12.42,12.42,12.08,12.29,899050,15.00,15.00,14.60,14.80,0,1000,0
BID,20140807,12.17,12.33,12.17,12.25,603770,15.50,15.70,15.50,15.60,0,208700,0
BID,20140806,12.33,12.33,12.17,12.25,278630,15.70,15.70,15.50,15.60,0,60,0
BID,20140805,12.33,12.41,12.25,12.33,730130,15.70,15.80,15.60,15.70,0,213870,20
BID,20140804,12.01,12.40,12.01,12.33,1466890,15.30,15.80,15.30,15.70,0,455660,1000
BID,20140801,11.93,12.09,11.93,12.01,406370,15.20,15.40,15.20,15.30,0,10000,0
BID,20140731,11.93,12.01,11.85,11.93,356880,15.20,15.30,15.10,15.20,0,20,0
BID,20140730,11.85,12.09,11.77,11.93,1349570,15.10,15.40,15.00,15.20,0,100,0
BID,20140729,12.09,12.09,11.85,11.85,242380,15.40,15.40,15.10,15.10,0,2000,0
BID,20140728,12.01,12.09,11.85,12.01,450520,15.30,15.40,15.10,15.30,0,104000,2230
BID,20140725,11.62,12.33,11.62,12.01,1736770,14.80,15.70,14.80,15.30,0,56670,0
BID,20140724,11.54,11.70,11.54,11.62,185940,14.70,14.90,14.70,14.80,0,29650,0
BID,20140723,11.70,11.70,11.54,11.54,142650,14.90,14.90,14.70,14.70,0,0,0
BID,20140722,11.62,11.70,11.54,11.62,95750,14.80,14.90,14.70,14.80,0,1000,0
BID,20140721,11.70,11.78,11.62,11.70,126260,14.90,15.00,14.80,14.90,0,52490,0
BID,20140718,11.78,11.78,11.70,11.78,347570,15.00,15.00,14.90,15.00,0,100500,56000
BID,20140717,11.70,11.78,11.62,11.70,103650,14.90,15.00,14.80,14.90,0,20000,0
BID,20140716,11.78,11.78,11.70,11.70,356200,15.00,15.00,14.90,14.90,0,48000,0
BID,20140715,11.62,11.70,11.54,11.70,355370,14.80,14.90,14.70,14.90,0,60000,24000
BID,20140714,11.62,11.70,11.54,11.62,82990,14.80,14.90,14.70,14.80,0,13680,0
BID,20140711,11.70,11.70,11.62,11.70,117230,14.90,14.90,14.80,14.90,0,0,30000
BID,20140710,11.78,11.78,11.62,11.62,344960,15.00,15.00,14.80,14.80,0,100000,53600
BID,20140709,11.70,11.86,11.62,11.78,304900,14.90,15.10,14.80,15.00,0,15000,0
BID,20140708,11.78,11.86,11.62,11.62,284940,15.00,15.10,14.80,14.80,0,54600,0
BID,20140707,11.85,11.93,11.77,11.78,252570,15.10,15.20,15.00,15.00,0,51000,0
BID,20140704,11.93,11.93,11.85,11.93,206750,15.20,15.20,15.10,15.20,0,100000,0
BID,20140703,11.93,12.01,11.85,11.93,391260,15.20,15.30,15.10,15.20,0,21400,0
BID,20140702,11.85,12.01,11.77,11.93,650420,15.10,15.30,15.00,15.20,0,56350,0
BID,20140701,11.85,11.85,11.77,11.85,375930,15.10,15.10,15.00,15.10,0,200000,8900
BID,20140630,11.93,11.93,11.77,11.93,259480,15.20,15.20,15.00,15.20,0,100000,0
BID,20140627,11.77,11.93,11.77,11.93,295440,15.00,15.20,15.00,15.20,0,76000,0
BID,20140626,11.70,12.02,11.62,11.85,561760,14.90,15.30,14.80,15.10,0,126370,0
BID,20140625,11.70,11.78,11.62,11.78,282130,14.90,15.00,14.80,15.00,0,7410,0
BID,20140624,11.62,11.78,11.62,11.78,317550,14.80,15.00,14.80,15.00,0,200000,0
BID,20140623,11.54,11.70,11.54,11.70,210760,14.70,14.90,14.70,14.90,0,137480,26000
BID,20140620,11.62,11.70,11.54,11.54,136260,14.80,14.90,14.70,14.70,0,520,0
BID,20140619,11.62,11.70,11.46,11.70,310390,14.80,14.90,14.60,14.90,0,210000,0
BID,20140618,11.70,11.78,11.62,11.70,427080,14.90,15.00,14.80,14.90,0,100000,0
BID,20140617,11.70,11.78,11.62,11.70,241630,14.90,15.00,14.80,14.90,0,90000,15000
BID,20140616,11.70,11.78,11.62,11.70,343780,14.90,15.00,14.80,14.90,0,120000,50000
BID,20140613,11.62,11.78,11.54,11.70,507030,14.80,15.00,14.70,14.90,0,40000,0
BID,20140612,11.54,11.70,11.54,11.70,454450,14.70,14.90,14.70,14.90,0,122730,49650
BID,20140611,11.54,11.54,11.38,11.54,361280,14.70,14.70,14.50,14.70,0,0,30000
BID,20140610,11.38,11.62,11.30,11.54,216450,14.50,14.80,14.40,14.70,0,2580,2000
BID,20140609,11.46,11.54,11.30,11.38,162110,14.60,14.70,14.40,14.50,0,19000,0
BID,20140606,11.30,11.46,11.30,11.46,91870,14.40,14.60,14.40,14.60,0,0,0
BID,20140605,11.38,11.38,11.22,11.38,54870,14.50,14.50,14.30,14.50,0,10000,0
BID,20140604,11.38,11.46,11.22,11.38,157450,14.50,14.60,14.30,14.50,0,0,0
BID,20140603,11.38,11.54,11.38,11.38,168500,14.50,14.70,14.50,14.50,0,11040,0
BID,20140602,11.62,11.62,11.38,11.46,278960,14.80,14.80,14.50,14.60,0,10000,0
BID,20140530,11.62,11.70,11.54,11.62,192420,14.80,14.90,14.70,14.80,0,63750,0
BID,20140529,11.62,11.78,11.62,11.70,423040,14.80,15.00,14.80,14.90,0,200000,0
BID,20140528,11.78,11.78,11.62,11.70,404820,15.00,15.00,14.80,14.90,0,106000,60000
BID,20140527,11.46,11.77,11.46,11.78,445140,14.60,15.00,14.60,15.00,0,134000,0
BID,20140526,11.38,11.54,11.38,11.46,103450,14.50,14.70,14.50,14.60,0,20000,0
BID,20140523,11.54,11.54,11.38,11.54,163360,14.70,14.70,14.50,14.70,0,31850,0
BID,20140522,11.70,11.70,11.46,11.46,233070,14.90,14.90,14.60,14.60,0,105750,0
BID,20140521,11.46,11.78,11.30,11.70,604540,14.60,15.00,14.40,14.90,0,330000,0
BID,20140520,11.38,11.54,11.30,11.54,181780,14.50,14.70,14.40,14.70,0,45870,0
BID,20140519,11.30,11.54,11.30,11.38,357580,14.40,14.70,14.40,14.50,0,245240,0
BID,20140516,11.15,11.46,11.07,11.46,333670,14.20,14.60,14.10,14.60,0,160000,0
BID,20140515,11.62,11.62,10.91,11.15,636940,14.80,14.80,13.90,14.20,0,334900,47270
BID,20140514,10.99,11.62,10.99,11.54,473470,14.00,14.80,14.00,14.70,0,201000,0
BID,20140513,10.99,11.15,10.60,11.07,695610,14.00,14.20,13.50,14.10,0,419400,0
BID,20140512,11.54,11.54,10.83,10.99,520700,14.70,14.70,13.80,14.00,0,29020,0
BID,20140509,11.30,11.62,11.30,11.62,308830,14.40,14.80,14.40,14.80,0,0,0
BID,20140508,12.01,12.01,11.38,11.46,1515840,15.30,15.30,14.50,14.60,0,210200,0
BID,20140507,11.93,12.24,11.93,12.17,274120,15.20,15.60,15.20,15.50,0,10000,0
BID,20140506,12.17,12.25,11.86,11.93,479520,15.50,15.60,15.10,15.20,0,0,1000
BID,20140505,12.48,12.48,12.16,12.25,301760,15.90,15.90,15.50,15.60,60000,6000,0
BID,20140429,12.33,12.41,12.33,12.40,202970,15.70,15.80,15.70,15.80,0,0,0
BID,20140428,12.33,12.41,12.25,12.33,336220,15.70,15.80,15.60,15.70,0,108000,0
BID,20140425,12.32,12.56,12.32,12.33,516240,15.70,16.00,15.70,15.70,80000,75030,67830
BID,20140424,12.32,12.48,12.32,12.48,288090,15.70,15.90,15.70,15.90,0,4340,0
BID,20140423,12.48,12.48,12.24,12.40,217960,15.90,15.90,15.60,15.80,0,27810,60
BID,20140422,12.09,12.41,12.01,12.40,529160,15.40,15.80,15.30,15.80,80000,125440,13100
BID,20140421,12.48,12.48,12.09,12.17,565920,15.90,15.90,15.40,15.50,0,3000,78500
BID,20140418,12.64,12.72,12.48,12.48,763370,16.10,16.20,15.90,15.90,0,255000,0
BID,20140417,12.56,12.87,12.56,12.64,681040,16.00,16.40,16.00,16.10,0,202400,80490
BID,20140416,12.95,12.95,12.40,12.56,1065090,16.50,16.50,15.80,16.00,0,113200,900
BID,20140415,13.03,13.11,12.95,12.95,480360,16.60,16.70,16.50,16.50,0,0,0
BID,20140414,13.11,13.19,13.03,13.11,414100,16.70,16.80,16.60,16.70,0,29000,0
BID,20140411,13.03,13.11,12.95,13.03,670380,16.60,16.70,16.50,16.60,0,21200,10000
BID,20140410,13.11,13.19,13.11,13.11,485550,16.70,16.80,16.70,16.70,0,1000,0
BID,20140408,13.19,13.27,13.11,13.11,515610,16.80,16.90,16.70,16.70,0,0,0
BID,20140407,13.19,13.27,13.11,13.19,441790,16.80,16.90,16.70,16.80,0,194000,0
BID,20140404,13.27,13.27,13.11,13.27,608360,16.90,16.90,16.70,16.90,0,403190,0
BID,20140403,13.11,13.27,13.03,13.19,519700,16.70,16.90,16.60,16.80,0,166320,0
BID,20140402,13.11,13.19,12.95,13.11,1217110,16.70,16.80,16.50,16.70,0,321010,10000
BID,20140401,13.27,13.27,13.03,13.11,1701600,16.90,16.90,16.60,16.70,0,388350,0
BID,20140331,13.43,13.43,13.19,13.19,831760,17.10,17.10,16.80,16.80,0,326950,0
BID,20140328,13.19,13.35,13.19,13.35,713160,16.80,17.00,16.80,17.00,0,78450,0
BID,20140327,13.27,13.27,13.11,13.19,1026180,16.90,16.90,16.70,16.80,20000,50000,0
BID,20140326,13.58,13.58,13.11,13.19,2030920,17.30,17.30,16.70,16.80,0,35000,6000
BID,20140325,13.90,13.90,13.51,13.50,2051430,17.70,17.70,17.20,17.20,0,73000,100
BID,20140324,13.90,14.13,13.82,13.82,2498010,17.70,18.00,17.60,17.60,60000,49100,0
BID,20140321,13.74,13.98,13.74,13.74,1236010,17.50,17.80,17.50,17.50,0,0,400
BID,20140320,13.74,14.13,13.74,13.90,3325420,17.50,18.00,17.50,17.70,0,60,1530
BID,20140319,13.27,13.66,13.27,13.66,5624790,16.90,17.40,16.90,17.40,0,2000,0
BID,20140318,13.03,13.27,12.95,13.19,2171570,16.60,16.90,16.50,16.80,926290,3000,0
BID,20140317,13.03,13.11,12.95,13.03,989350,16.60,16.70,16.50,16.60,40000,55350,0
BID,20140314,13.03,13.11,12.87,13.03,924510,16.60,16.70,16.40,16.60,0,3000,0
BID,20140313,13.03,13.03,12.87,12.95,806950,16.60,16.60,16.40,16.50,0,200,0
BID,20140312,13.03,13.11,12.95,12.95,979430,16.60,16.70,16.50,16.50,0,103000,0
BID,20140311,13.03,13.11,13.03,13.03,752790,16.60,16.70,16.60,16.60,0,0,61000
BID,20140310,13.03,13.19,13.03,13.11,957770,16.60,16.80,16.60,16.70,0,2500,0
BID,20140307,13.03,13.11,13.03,13.03,773450,16.60,16.70,16.60,16.60,0,0,0
BID,20140306,13.03,13.11,12.95,13.03,768340,16.60,16.70,16.50,16.60,0,10000,0
BID,20140305,13.11,13.19,13.03,13.03,737090,16.70,16.80,16.60,16.60,0,1000,0
BID,20140304,13.03,13.11,12.95,13.03,1551740,16.60,16.70,16.50,16.60,0,369060,0
BID,20140303,13.27,13.35,13.11,13.11,954830,16.90,17.00,16.70,16.70,0,5820,0
BID,20140228,13.19,13.35,13.19,13.35,1154560,16.80,17.00,16.80,17.00,0,487300,0
BID,20140227,13.11,13.66,13.11,13.27,3731900,16.70,17.40,16.70,16.90,0,1930,0
BID,20140226,13.11,13.27,13.03,13.11,1399670,16.70,16.90,16.60,16.70,0,43000,0
BID,20140225,13.03,13.11,12.95,13.11,1249150,16.60,16.70,16.50,16.70,0,52960,0
BID,20140224,13.19,13.19,13.03,13.11,833430,16.80,16.80,16.60,16.70,0,46000,0
BID,20140221,13.19,13.19,13.11,13.11,903040,16.80,16.80,16.70,16.70,0,39990,100
BID,20140220,13.11,13.50,13.03,13.27,3243650,16.70,17.20,16.60,16.90,0,275080,50000
BID,20140219,13.11,13.19,12.95,13.03,2988120,16.70,16.80,16.50,16.60,0,202600,10
BID,20140218,13.11,13.11,13.03,13.03,1861540,16.70,16.70,16.60,16.60,0,119000,27000
BID,20140217,13.27,13.27,13.03,13.11,1173560,16.90,16.90,16.60,16.70,0,33600,0
BID,20140214,13.19,13.34,13.03,13.19,1489380,16.80,17.00,16.60,16.80,0,50630,0
BID,20140213,13.19,13.27,13.03,13.03,2156140,16.80,16.90,16.60,16.60,0,20000,0
BID,20140212,13.19,13.27,13.11,13.19,1176180,16.80,16.90,16.70,16.80,0,15500,0
BID,20140211,13.51,13.51,13.27,13.27,1938480,17.20,17.20,16.90,16.90,0,228000,0
BID,20140210,12.95,13.50,12.72,13.35,4052090,16.50,17.20,16.20,17.00,20000,841750,22300
BID,20140207,13.66,13.74,12.96,13.03,2987600,17.40,17.50,16.50,16.60,0,17700,0
BID,20140206,14.28,14.36,13.81,13.82,959590,18.20,18.30,17.60,17.60,0,15300,0
BID,20140127,14.68,14.76,14.21,14.44,3240910,18.70,18.80,18.10,18.40,0,33560,0
BID,20140124,14.92,15.31,14.52,14.76,8417060,19.00,19.50,18.50,18.80,0,280910,0
